,user_id,rollout_group,assign_date,group,age,age_cohort,income,income_cohort,net_worth,networth_cohort,retirement_balance,balance_cohort,current_pct,employer_cap,last_login,acct_tenure,time_online_frac,conv_rate,converted,conversion_date,delta_pct,new_pct,user_delta_aum,employer_delta_aum,total_delta_aum,revenue,roi_exper,roi
0,192870,1,2025-09-03,A,38.56184229611275,18-40,1128847.442237642,>75%,72446112.83790603,>75%,7008310.386366483,>75%,8.25,13.75,15.8,7.839514164651696,0.218,0.027598181579300086,0,,0.0,8.25,0.0,0.0,0.0,0.0,-5.197523053665911,-0.001
1,954162,1,2025-09-03,A,38.59146477092005,18-40,174430.08650321927,25-50%,2199107.0689810584,50-75%,101790.3755427898,0-25%,9.5,4.5,39.9,5.402292374238873,0.226,0.015760747936138842,0,,0.0,9.5,0.0,0.0,0.0,0.0,-5.197523053665911,-0.001
2,578649,1,2025-09-03,A,78.2112533843098,>65,617550.9549705145,>75%,220022177.1949673,>75%,6256082.621384265,>75%,5.25,8.5,32.3,3.145258073191623,0.138,0.0032473508579020597,0,,0.0,5.25,0.0,0.0,0.0,0.0,-5.197523053665911,-0.001
3,336869,1,2025-09-03,A,46.543366962007525,41-65,105034.05709875972,25-50%,214034.9855282005,0-25%,58721.25154686555,0-25%,8.0,11.0,3.5,2.121754656720069,0.171,0.022106721988339004,0,,0.0,8.0,0.0,0.0,0.0,0.0,-5.197523053665911,-0.001
4,835246,1,2025-09-03,A,60.75832128055201,41-65,95317.75000866168,25-50%,545307.7704734261,25-50%,39087.61930911376,0-25%,5.75,9.75,16.2,0.290246590552869,0.176,0.011629967109442748,0,,0.0,5.75,0.0,0.0,0.0,0.0,-5.197523053665911,-0.001
5,743149,1,2025-09-03,A,53.80702119151302,41-65,447232.09071889386,50-75%,645610.0658558216,25-50%,2051864.9804493536,>75%,10.5,10.75,0.7,1.720908337201907,0.179,0.013569606329712304,0,,0.0,10.5,0.0,0.0,0.0,0.0,-5.197523053665911,-0.001
6,292406,1,2025-09-03,A,57.64101710655044,41-65,105604.09238024428,25-50%,3528646.730721352,50-75%,1456702.9441459144,50-75%,5.5,5.0,9.6,6.035671160206384,0.197,0.002839898302186132,0,,0.0,5.5,0.0,0.0,0.0,0.0,-5.197523053665911,-0.001
7,795958,1,2025-09-03,A,48.61564927527909,41-65,257521.2402148808,50-75%,703046.2687420554,25-50%,2230869.888881573,>75%,8.0,8.0,9.0,17.65472279134356,0.226,0.004503789198845155,0,,0.0,8.0,0.0,0.0,0.0,0.0,-5.197523053665911,-0.001
8,514657,1,2025-09-03,A,38.9093293979554,18-40,62643.310151445294,0-25%,330744.4099773858,0-25%,82852.31702481255,0-25%,8.5,14.0,68.6,0.2610268535658975,0.258,0.022080658503759485,0,,0.0,8.5,0.0,0.0,0.0,0.0,-5.197523053665911,-0.001
9,447983,1,2025-09-03,A,54.92553315014077,41-65,43158.5875830419,0-25%,83953.55993943624,0-25%,109399.38823612292,0-25%,6.0,13.25,1.2,10.312511912302394,0.238,0.007063133633105106,0,,0.0,6.0,0.0,0.0,0.0,0.0,-5.197523053665911,-0.001
10,457494,1,2025-09-03,A,36.44242439024345,18-40,495235.3939863343,50-75%,588309.3710149118,25-50%,14364.961828616206,0-25%,7.75,9.5,60.8,2.912865780794641,0.309,0.08157409130590998,0,,0.0,7.75,0.0,0.0,0.0,0.0,-5.197523053665911,-0.001
11,156886,1,2025-09-03,A,39.93684681503557,18-40,14371407.294671694,>75%,18470980.20589969,>75%,7526656.414353652,>75%,7.5,12.25,103.1,1.7292245768613508,0.224,0.07245507286399523,0,,0.0,7.5,0.0,0.0,0.0,0.0,-5.197523053665911,-0.001
12,783763,1,2025-09-03,A,62.45762722408983,41-65,204794.85357129225,50-75%,9050427.314182332,>75%,3421356.960326829,>75%,13.75,10.5,35.2,6.385532030381678,0.17,0.0023233649432607716,0,,0.0,13.75,0.0,0.0,0.0,0.0,-5.197523053665911,-0.001
13,444524,1,2025-09-03,A,76.72243466928616,>65,38313.53085281111,0-25%,329951.9993951634,0-25%,21471.20556071345,0-25%,3.5,8.0,10.6,10.225188055306957,0.119,0.0031368737814500606,0,,0.0,3.5,0.0,0.0,0.0,0.0,-5.197523053665911,-0.001
14,315640,1,2025-09-03,A,69.18829831087118,>65,1748250.2742012923,>75%,82650518.98735772,>75%,7463577.745115201,>75%,7.5,7.75,33.8,8.914137268086238,0.159,0.0066974427108088585,0,,0.0,7.5,0.0,0.0,0.0,0.0,-5.197523053665911,-0.001
15,226499,1,2025-09-03,A,48.59006663118316,41-65,106053.7561919399,25-50%,3548373.2395072635,50-75%,879827.3099636943,50-75%,9.75,6.25,21.1,6.785488091009949,0.206,0.0048117855955891265,0,,0.0,9.75,0.0,0.0,0.0,0.0,-5.197523053665911,-0.001
16,485583,1,2025-09-03,A,64.64902974758714,41-65,79170.28850565875,0-25%,695171.447827145,25-50%,2385263.958791022,>75%,8.5,5.25,16.1,1.7105555152309226,0.162,0.0017345208559687107,0,,0.0,8.5,0.0,0.0,0.0,0.0,-5.197523053665911,-0.001
17,106594,1,2025-09-03,A,69.50874450382551,>65,557977.1663366313,>75%,27910357.419217333,>75%,816990.5251580622,50-75%,10.25,8.5,2.4,4.90532734465398,0.13,0.0038367591762349797,0,,0.0,10.25,0.0,0.0,0.0,0.0,-5.197523053665911,-0.001
18,611083,1,2025-09-03,A,67.70076082716913,>65,2951078.244671849,>75%,4439510.953539659,50-75%,4087898.6561785378,>75%,4.25,8.5,16.2,7.043175266101807,0.153,0.011230611726796786,0,,0.0,4.25,0.0,0.0,0.0,0.0,-5.197523053665911,-0.001
19,693250,1,2025-09-03,A,44.35969880263151,41-65,255956.28854478983,50-75%,985487.884630503,25-50%,2972776.8298247056,>75%,12.0,8.5,13.5,1.2384681554450214,0.238,0.00783262751748332,0,,0.0,12.0,0.0,0.0,0.0,0.0,-5.197523053665911,-0.001
20,643230,1,2025-09-03,A,49.384010044973,41-65,78936.51799312422,0-25%,312602.105937643,0-25%,78756.74140580323,0-25%,8.25,7.0,38.3,3.139759378330449,0.196,0.007294155019548445,0,,0.0,8.25,0.0,0.0,0.0,0.0,-5.197523053665911,-0.001
21,436593,1,2025-09-03,A,36.77544440788186,18-40,97431.4038918904,25-50%,127604.19828000778,0-25%,25537.19948016478,0-25%,17.25,7.5,0.1,5.080349942275079,0.233,0.019734353168935122,0,,0.0,17.25,0.0,0.0,0.0,0.0,-5.197523053665911,-0.001
22,463077,1,2025-09-03,A,37.46256821989487,18-40,588185.366223106,>75%,1479861.710017745,50-75%,108398.9733508766,0-25%,10.0,5.75,7.3,0.4714320138075194,0.252,0.033413597414100944,0,,0.0,10.0,0.0,0.0,0.0,0.0,-5.197523053665911,-0.001
23,606725,1,2025-09-03,A,49.47210212113494,41-65,787376.4143442339,>75%,13834771.048695749,>75%,3422056.711862828,>75%,6.75,3.75,94.8,2.98915142402876,0.226,0.007796998111588806,0,,0.0,6.75,0.0,0.0,0.0,0.0,-5.197523053665911,-0.001
24,557741,1,2025-09-03,A,68.93522675890716,>65,45974.2067040598,0-25%,72774.44564854536,0-25%,73147.25456324562,0-25%,4.0,9.25,31.6,0.1079450508886081,0.153,0.004761363932434297,0,,0.0,4.0,0.0,0.0,0.0,0.0,-5.197523053665911,-0.001
25,971855,1,2025-09-03,A,40.540183780831015,18-40,1243253.4892981162,>75%,2348951.582975701,50-75%,879909.7340736624,50-75%,2.0,6.0,4.2,4.726773207727384,0.221,0.044760455470198225,0,,0.0,2.0,0.0,0.0,0.0,0.0,-5.197523053665911,-0.001
26,759704,1,2025-09-03,A,23.957410339797875,18-40,249799.3936244044,50-75%,755837.2859257014,25-50%,193059.02373209564,25-50%,0.75,6.5,23.1,3.347029666475747,0.258,0.06938801560122698,0,,0.0,0.75,0.0,0.0,0.0,0.0,-5.197523053665911,-0.001
27,266848,1,2025-09-03,A,58.5241655822718,41-65,115911.49534609551,25-50%,1117316.2735589922,25-50%,1934176.6645754136,>75%,11.0,3.25,48.5,11.803176157373828,0.164,0.0021239827357497436,0,,0.0,11.0,0.0,0.0,0.0,0.0,-5.197523053665911,-0.001
28,219790,1,2025-09-03,A,55.32395771703443,41-65,4562367.477562322,>75%,63286793.06796528,>75%,9883756.004085137,>75%,12.0,7.75,39.1,1.4838177820141427,0.205,0.011523997688052158,0,,0.0,12.0,0.0,0.0,0.0,0.0,-5.197523053665911,-0.001
29,262245,1,2025-09-03,A,37.79192772160953,18-40,32805.346567562934,0-25%,13590.073131053574,0-25%,139950.87637778983,25-50%,7.0,8.5,4.2,1.858874621378137,0.278,0.017222119378054422,0,,0.0,7.0,0.0,0.0,0.0,0.0,-5.197523053665911,-0.001
30,223966,1,2025-09-03,A,67.34611261545255,>65,37495.94140956352,0-25%,315303.79450730805,0-25%,10094.178797085116,0-25%,7.0,12.25,5.0,1.821826322072779,0.193,0.007353462495121617,0,,0.0,7.0,0.0,0.0,0.0,0.0,-5.197523053665911,-0.001
31,348153,1,2025-09-03,A,54.768716801086,41-65,62252.52057048292,0-25%,127145.92751326028,0-25%,1145461.1205342223,50-75%,16.25,11.75,20.0,0.5192664051415982,0.214,0.00308964335567197,0,,0.0,16.25,0.0,0.0,0.0,0.0,-5.197523053665911,-0.001
32,572875,1,2025-09-03,A,39.56559882594951,18-40,1434249.915015241,>75%,4044850.6328376248,50-75%,779567.6410039845,50-75%,7.0,9.75,29.5,5.481604751612355,0.232,0.04778422893363459,0,,0.0,7.0,0.0,0.0,0.0,0.0,-5.197523053665911,-0.001
33,323679,1,2025-09-03,A,38.95601284619149,18-40,500502.1791148576,50-75%,1620420.221405143,50-75%,952384.6848517248,50-75%,6.75,8.5,75.3,0.7600947900738819,0.242,0.031009831825197478,0,,0.0,6.75,0.0,0.0,0.0,0.0,-5.197523053665911,-0.001
34,738561,1,2025-09-03,A,33.6454495628091,18-40,314117.63295648684,50-75%,546274.0718671514,25-50%,103037.15826095291,0-25%,10.5,10.0,12.5,0.8606193653817925,0.282,0.030568827432601312,0,,0.0,10.5,0.0,0.0,0.0,0.0,-5.197523053665911,-0.001
35,555130,1,2025-09-03,A,76.10671341038523,>65,117170.84608486333,25-50%,1122992.8674328353,25-50%,1074198.5904521716,50-75%,13.5,5.0,5.9,0.9346580261595528,0.126,0.0014316625645321582,0,,0.0,13.5,0.0,0.0,0.0,0.0,-5.197523053665911,-0.001
36,547428,1,2025-09-03,A,70.3050798346784,>65,1138671.51690832,>75%,110582458.6941664,>75%,9062256.174378656,>75%,11.25,5.25,0.7,7.680423487350457,0.152,0.0027809890404678064,0,,0.0,11.25,0.0,0.0,0.0,0.0,-5.197523053665911,-0.001
37,990446,1,2025-09-03,A,62.61231959880261,41-65,412345.5484969024,50-75%,9308352.585272,>75%,3314883.210914016,>75%,5.25,12.0,47.7,1.977728920797429,0.15,0.006856457257216436,0,,0.0,5.25,0.0,0.0,0.0,0.0,-5.197523053665911,-0.001
38,816380,1,2025-09-03,A,66.10715472331171,>65,55679.81277593051,0-25%,135945.15327379847,0-25%,75881.0229523584,0-25%,5.0,5.25,20.1,0.960451598430466,0.16,0.0059337113544264426,0,,0.0,5.0,0.0,0.0,0.0,0.0,-5.197523053665911,-0.001
39,978690,1,2025-09-03,A,45.38174806645453,41-65,132865.49537902916,25-50%,179047.57308277552,0-25%,189570.47255077533,25-50%,7.5,4.75,63.1,3.736871890035181,0.214,0.008662572793058083,0,,0.0,7.5,0.0,0.0,0.0,0.0,-5.197523053665911,-0.001
40,227961,1,2025-09-03,A,69.86147587173839,>65,115129.28199870072,25-50%,1435496.3797317238,50-75%,160751.43740447608,25-50%,5.5,7.25,55.0,1.073652381350516,0.191,0.0053223749626738655,0,,0.0,5.5,0.0,0.0,0.0,0.0,-5.197523053665911,-0.001
41,419900,1,2025-09-03,A,46.9013007294459,41-65,318854.715116691,50-75%,1828124.4053112576,50-75%,795852.6423387668,50-75%,12.25,6.5,72.4,0.6341271453127697,0.186,0.00912386635613988,0,,0.0,12.25,0.0,0.0,0.0,0.0,-5.197523053665911,-0.001
42,177410,1,2025-09-03,A,51.86645411784787,41-65,43736.75737748946,0-25%,58410.58145083065,0-25%,16549.30217995846,0-25%,11.25,8.5,5.2,4.2911173730751,0.188,0.007262050212589186,0,,0.0,11.25,0.0,0.0,0.0,0.0,-5.197523053665911,-0.001
43,697980,1,2025-09-03,A,28.210118147539404,18-40,216488.8218670318,50-75%,1639944.636615093,50-75%,89518.30652173214,0-25%,12.0,9.25,39.6,0.4201735966133604,0.265,0.033636343766811884,0,,0.0,12.0,0.0,0.0,0.0,0.0,-5.197523053665911,-0.001
44,313985,1,2025-09-03,A,45.58959568469405,41-65,73960.22712177086,0-25%,481252.258877858,25-50%,183660.36235991705,25-50%,6.25,9.75,12.4,3.384836553905074,0.172,0.014822938811139656,0,,0.0,6.25,0.0,0.0,0.0,0.0,-5.197523053665911,-0.001
45,152667,1,2025-09-03,A,54.086847045705454,41-65,224463.5378998717,50-75%,2021378.863653212,50-75%,480070.45142348384,25-50%,17.25,3.75,19.4,0.2905295329013646,0.2,0.006833922785002257,0,,0.0,17.25,0.0,0.0,0.0,0.0,-5.197523053665911,-0.001
46,793783,1,2025-09-03,A,62.26919557272495,41-65,281334.4308781337,50-75%,40944987.48724329,>75%,1304663.3251648797,50-75%,6.75,7.0,57.8,10.486627384693666,0.197,0.005723367718641487,0,,0.0,6.75,0.0,0.0,0.0,0.0,-5.197523053665911,-0.001
47,957980,1,2025-09-03,A,28.196938439932143,18-40,286523.74198614585,50-75%,2071050.9702727196,50-75%,752471.9980961689,50-75%,5.5,4.25,79.8,3.7419120393745655,0.271,0.020468849319518447,0,,0.0,5.5,0.0,0.0,0.0,0.0,-5.197523053665911,-0.001
48,448992,1,2025-09-03,A,66.73898009759303,>65,223478.40249844352,50-75%,831711.4255997933,25-50%,757324.4854033221,50-75%,7.0,5.0,27.4,7.689127415623976,0.154,0.0026613486228946686,0,,0.0,7.0,0.0,0.0,0.0,0.0,-5.197523053665911,-0.001
49,718876,1,2025-09-03,A,38.43189742537625,18-40,101713.58491220328,25-50%,20724.37852473629,0-25%,18302.18511578507,0-25%,11.0,3.75,5.1,0.6618423985332713,0.236,0.0219816471585308,0,,0.0,11.0,0.0,0.0,0.0,0.0,-5.197523053665911,-0.001
50,149911,1,2025-09-03,A,75.25036421505393,>65,369560.9525290063,50-75%,1756446.535085343,50-75%,2280092.567085242,>75%,8.25,11.0,1.7,1.193571460230383,0.126,0.004197920680581172,0,,0.0,8.25,0.0,0.0,0.0,0.0,-5.197523053665911,-0.001
51,742494,1,2025-09-03,A,32.80823900711967,18-40,252829.6276744451,50-75%,538495.708594343,25-50%,20161.563707164987,0-25%,5.75,5.5,15.1,1.3414072668865236,0.233,0.04037923280319947,0,,0.0,5.75,0.0,0.0,0.0,0.0,-5.197523053665911,-0.001
52,428063,1,2025-09-03,A,74.30984475109003,>65,206248.8288803888,50-75%,4433732.202282202,50-75%,2766786.3370298063,>75%,5.75,16.25,3.1,8.594152250281372,0.161,0.00270209603395705,0,,0.0,5.75,0.0,0.0,0.0,0.0,-5.197523053665911,-0.001
53,783279,1,2025-09-03,A,57.004845850146616,41-65,120510.40407544308,25-50%,239447.38796559352,0-25%,660228.3626592326,50-75%,7.0,7.75,3.3,4.5548505019464365,0.186,0.007743452846433797,0,,0.0,7.0,0.0,0.0,0.0,0.0,-5.197523053665911,-0.001
54,715388,1,2025-09-03,A,38.03569108643932,18-40,41005.97140132677,0-25%,22911.82602809909,0-25%,8444.29583598458,0-25%,7.0,10.25,40.0,0.7048174811997713,0.251,0.03281199403849362,0,,0.0,7.0,0.0,0.0,0.0,0.0,-5.197523053665911,-0.001
55,802647,1,2025-09-03,A,58.57519055893919,41-65,110689.0729490236,25-50%,2709824.655314621,50-75%,289147.0427862136,25-50%,11.0,4.25,31.7,5.625814316754217,0.155,0.00381013023685522,0,,0.0,11.0,0.0,0.0,0.0,0.0,-5.197523053665911,-0.001
56,853887,1,2025-09-03,A,66.86959446315201,>65,99973.55340772272,25-50%,165348.32736797477,0-25%,70055.97701024533,0-25%,8.75,12.0,57.7,0.176181215727019,0.166,0.007097396703594494,0,,0.0,8.75,0.0,0.0,0.0,0.0,-5.197523053665911,-0.001
57,745801,1,2025-09-03,A,29.577917375318137,18-40,102452.91735302388,25-50%,291939.68102362024,0-25%,27594.86867506954,0-25%,6.25,7.75,27.8,2.691355071837576,0.258,0.05530159205493927,0,,0.0,6.25,0.0,0.0,0.0,0.0,-5.197523053665911,-0.001
58,591556,1,2025-09-03,A,46.136982184913165,41-65,397520.8760751167,50-75%,3531390.894541331,50-75%,2714800.067506252,>75%,11.75,3.5,19.9,12.361046900346272,0.222,0.006608774371754004,0,,0.0,11.75,0.0,0.0,0.0,0.0,-5.197523053665911,-0.001
59,294207,1,2025-09-03,A,73.99259929202836,>65,121489.47110567654,25-50%,1251416.4479425836,50-75%,2605756.276345049,>75%,12.75,16.75,35.6,13.146609079880076,0.159,0.0018402717984033418,0,,0.0,12.75,0.0,0.0,0.0,0.0,-5.197523053665911,-0.001
60,860369,1,2025-09-03,A,37.65112583479191,18-40,3617604.768111832,>75%,11675009.158075448,>75%,2006627.4141658568,>75%,2.25,8.5,99.8,10.373449958985962,0.25,0.049154766989641566,0,,0.0,2.25,0.0,0.0,0.0,0.0,-5.197523053665911,-0.001
61,522436,1,2025-09-03,A,32.37760553448932,18-40,44530.06071422451,0-25%,57789.86120703119,0-25%,189812.75025482895,25-50%,8.25,8.5,6.0,3.582109299814272,0.3,0.02298538159348835,0,,0.0,8.25,0.0,0.0,0.0,0.0,-5.197523053665911,-0.001
62,389794,1,2025-09-03,A,46.83198881520829,41-65,206739.34302890053,50-75%,20133540.82958439,>75%,868386.6389478372,50-75%,9.0,4.75,94.9,5.075799226875496,0.246,0.0063539509181932295,0,,0.0,9.0,0.0,0.0,0.0,0.0,-5.197523053665911,-0.001
63,894637,1,2025-09-03,A,72.31194723183413,>65,597068.3659281352,>75%,14529890.38468636,>75%,1971660.8387683127,>75%,7.5,5.25,8.8,5.957328060824553,0.147,0.0027180687538034065,0,,0.0,7.5,0.0,0.0,0.0,0.0,-5.197523053665911,-0.001
64,973714,1,2025-09-03,A,62.96257126507239,41-65,18858309.378989927,>75%,62422250.31091791,>75%,8890691.943433534,>75%,13.25,1.5,7.0,0.4294208970685036,0.2,0.01631795983807054,0,,0.0,13.25,0.0,0.0,0.0,0.0,-5.197523053665911,-0.001
65,459302,1,2025-09-03,A,33.43600931260835,18-40,80700.18868344775,0-25%,216274.30824688709,0-25%,22282.243877969904,0-25%,14.25,7.0,12.3,1.6171669307572838,0.253,0.023519905051386774,0,,0.0,14.25,0.0,0.0,0.0,0.0,-5.197523053665911,-0.001
66,567386,1,2025-09-03,A,58.583616816995054,41-65,108733.17364332134,25-50%,560454.5362405381,25-50%,136590.01542330137,25-50%,6.0,7.75,57.3,10.493701871166705,0.214,0.007453517151025472,0,,0.0,6.0,0.0,0.0,0.0,0.0,-5.197523053665911,-0.001
67,107258,1,2025-09-03,A,37.5193036585156,18-40,93404.4933532272,0-25%,1133490.432236638,25-50%,21100.91976368273,0-25%,10.75,4.5,38.7,3.9126338100333338,0.251,0.0185527955956653,0,,0.0,10.75,0.0,0.0,0.0,0.0,-5.197523053665911,-0.001
68,965351,1,2025-09-03,A,33.89193394087657,18-40,115089.29223188764,25-50%,83253.66587257727,0-25%,22249.17476970892,0-25%,11.5,8.25,14.4,5.295749834257919,0.282,0.02436123890310842,0,,0.0,11.5,0.0,0.0,0.0,0.0,-5.197523053665911,-0.001
69,978233,1,2025-09-03,A,48.77609037830537,41-65,241929.4594837728,50-75%,280410.8265211064,0-25%,8193.026567430126,0-25%,6.25,12.0,18.0,6.116152115943458,0.193,0.037962282605702294,0,,0.0,6.25,0.0,0.0,0.0,0.0,-5.197523053665911,-0.001
70,347573,1,2025-09-03,A,70.06605150658852,>65,165385.73476197923,25-50%,1251080.8718911535,50-75%,1168468.8223973983,50-75%,6.5,9.25,6.6,5.61131604899719,0.158,0.003931097832387123,0,,0.0,6.5,0.0,0.0,0.0,0.0,-5.197523053665911,-0.001
71,293512,1,2025-09-03,A,55.45741342699262,41-65,473366.95475905424,50-75%,1610240.6574879468,50-75%,2326937.3166782768,>75%,7.5,4.0,16.9,4.633010541878596,0.167,0.005639032059604387,0,,0.0,7.5,0.0,0.0,0.0,0.0,-5.197523053665911,-0.001
72,787050,1,2025-09-03,A,41.28170681755956,41-65,80357.08528478233,0-25%,173029.85128407006,0-25%,40402.13601591592,0-25%,10.5,9.75,67.6,3.54225072519126,0.244,0.011920229896243858,0,,0.0,10.5,0.0,0.0,0.0,0.0,-5.197523053665911,-0.001
73,962565,1,2025-09-03,A,38.23199165123136,18-40,149993.67385979602,25-50%,4632403.358235969,50-75%,390506.7966182287,25-50%,6.25,11.25,23.1,5.440946496291485,0.21,0.022925764754303232,0,,0.0,6.25,0.0,0.0,0.0,0.0,-5.197523053665911,-0.001
74,215669,1,2025-09-03,A,65.43850019039024,41-65,48733.525266082914,0-25%,211779.15983231092,0-25%,17257.565561639767,0-25%,10.0,9.5,53.6,0.3441029082695717,0.175,0.0038134790494611455,0,,0.0,10.0,0.0,0.0,0.0,0.0,-5.197523053665911,-0.001
75,252544,1,2025-09-03,A,26.148364263760307,18-40,4405069.545048378,>75%,10864436.922357604,>75%,5309021.097973759,>75%,12.0,7.25,31.1,0.2042424912710619,0.266,0.05716284960704041,0,,0.0,12.0,0.0,0.0,0.0,0.0,-5.197523053665911,-0.001
76,286744,1,2025-09-03,A,49.22784675893294,41-65,201921.02519857037,50-75%,6774656.779889775,>75%,2273387.250146719,>75%,11.75,5.5,56.2,2.773215345331129,0.179,0.005172842587230659,0,,0.0,11.75,0.0,0.0,0.0,0.0,-5.197523053665911,-0.001
77,780640,1,2025-09-03,A,62.42524691083244,41-65,573814.1254117336,>75%,27360344.78803396,>75%,5244013.581114251,>75%,9.5,13.5,10.8,4.459037459022038,0.187,0.007320266769256711,0,,0.0,9.5,0.0,0.0,0.0,0.0,-5.197523053665911,-0.001
78,267544,1,2025-09-03,A,62.24222455921457,41-65,74361.50591416335,0-25%,501100.9364572606,25-50%,415484.6314584332,25-50%,6.0,13.5,8.3,0.1707397888696699,0.167,0.0058921743144824575,0,,0.0,6.0,0.0,0.0,0.0,0.0,-5.197523053665911,-0.001
79,893813,1,2025-09-03,A,71.76221018375342,>65,589156.1915665644,>75%,12128498.34950434,>75%,1917023.361720332,>75%,11.25,8.5,14.8,7.820959979182267,0.161,0.002634750709704906,0,,0.0,11.25,0.0,0.0,0.0,0.0,-5.197523053665911,-0.001
80,611229,1,2025-09-03,A,62.97064781083304,41-65,143655.35377820002,25-50%,1768942.9400350335,50-75%,811217.6631934117,50-75%,6.25,9.0,21.0,0.4657593611315532,0.169,0.006332191565752181,0,,0.0,6.25,0.0,0.0,0.0,0.0,-5.197523053665911,-0.001
81,192046,1,2025-09-03,A,52.400585920232,41-65,156247.664235757,25-50%,492786.7924740368,25-50%,63214.21010519982,0-25%,9.5,4.5,29.9,6.238054830100203,0.188,0.008336354228077998,0,,0.0,9.5,0.0,0.0,0.0,0.0,-5.197523053665911,-0.001
82,420167,1,2025-09-03,A,43.07634889771165,41-65,174813.23127966767,25-50%,456717.676106143,25-50%,31058.735826851665,0-25%,4.75,8.75,2.9,0.527658767045071,0.234,0.03887656606146915,0,,0.0,4.75,0.0,0.0,0.0,0.0,-5.197523053665911,-0.001
83,418186,1,2025-09-03,A,55.75837451928596,41-65,335266.31604992744,50-75%,18529531.64537506,>75%,1210716.414622733,50-75%,9.25,9.5,101.8,1.2044161707003314,0.178,0.01007296649070432,0,,0.0,9.25,0.0,0.0,0.0,0.0,-5.197523053665911,-0.001
84,240480,1,2025-09-03,A,32.76812670879637,18-40,1202090.624380845,>75%,5826624.257389797,>75%,3185156.1524167936,>75%,17.0,4.25,10.9,0.4934743623336268,0.282,0.027540848730074573,0,,0.0,17.0,0.0,0.0,0.0,0.0,-5.197523053665911,-0.001
85,121371,1,2025-09-03,A,74.30366810985606,>65,33595.27587525249,0-25%,245515.7904160556,0-25%,31156.086853735527,0-25%,5.25,5.5,19.9,0.1045116807993286,0.128,0.003907380033093099,0,,0.0,5.25,0.0,0.0,0.0,0.0,-5.197523053665911,-0.001
86,701188,1,2025-09-03,A,44.236242722667576,41-65,408685.7792301029,50-75%,2444219.3123535,50-75%,88263.46842243586,0-25%,12.0,1.5,118.3,1.6731089793885885,0.229,0.016648063121031943,0,,0.0,12.0,0.0,0.0,0.0,0.0,-5.197523053665911,-0.001
87,711983,1,2025-09-03,A,55.91109595188723,41-65,121061.00065193984,25-50%,102274.31525247416,0-25%,143529.45193280117,25-50%,7.5,3.25,43.6,9.618716930658422,0.15,0.004665150091742764,0,,0.0,7.5,0.0,0.0,0.0,0.0,-5.197523053665911,-0.001
88,788791,1,2025-09-03,A,35.19207404668992,18-40,8554442.632582365,>75%,27999227.963991825,>75%,3389615.3029439896,>75%,2.5,10.5,24.4,5.391234367953116,0.253,0.09152685248881322,0,,0.0,2.5,0.0,0.0,0.0,0.0,-5.197523053665911,-0.001
89,928488,1,2025-09-03,A,77.26494527358378,>65,160927.77023501642,25-50%,104542053.51664804,>75%,7169495.071913379,>75%,11.0,15.5,32.6,1.0514314848373985,0.093,0.001930047616205487,0,,0.0,11.0,0.0,0.0,0.0,0.0,-5.197523053665911,-0.001
90,697408,1,2025-09-03,A,57.95036465756669,41-65,67153.09469433558,0-25%,508831.096520491,25-50%,82947.1100243877,0-25%,14.0,5.25,47.7,1.4247227746835809,0.167,0.004470749758678609,0,,0.0,14.0,0.0,0.0,0.0,0.0,-5.197523053665911,-0.001
91,240324,1,2025-09-03,A,60.26814840376966,41-65,180991.89855381908,25-50%,327618.31225405325,0-25%,128022.83146897308,25-50%,10.0,12.0,34.2,11.033579907511948,0.173,0.008966679517406324,0,,0.0,10.0,0.0,0.0,0.0,0.0,-5.197523053665911,-0.001
92,992541,1,2025-09-03,A,71.43125376693665,>65,91182.66445403226,0-25%,204436.6260349053,0-25%,186092.014660501,25-50%,6.75,1.75,54.7,7.577723890453234,0.109,0.0018287196166654278,0,,0.0,6.75,0.0,0.0,0.0,0.0,-5.197523053665911,-0.001
93,186077,1,2025-09-03,A,54.179241021446224,41-65,385112.2186259173,50-75%,1303863.440576261,50-75%,386074.2000854303,25-50%,7.5,5.0,3.7,8.152248295351836,0.2,0.007649238887860209,0,,0.0,7.5,0.0,0.0,0.0,0.0,-5.197523053665911,-0.001
94,327333,1,2025-09-03,A,49.47659415043502,41-65,62790.57106811949,0-25%,635454.8794575271,25-50%,169421.77508652597,25-50%,6.75,10.0,12.8,5.010159378788904,0.221,0.011096477697966808,0,,0.0,6.75,0.0,0.0,0.0,0.0,-5.197523053665911,-0.001
95,593619,1,2025-09-03,A,58.94665511633195,41-65,220186.5468627249,50-75%,1545455.5648689782,50-75%,404841.86583275936,25-50%,9.5,6.5,43.0,6.028951756912406,0.214,0.004543347446457048,0,,0.0,9.5,0.0,0.0,0.0,0.0,-5.197523053665911,-0.001
96,633307,1,2025-09-03,A,49.916248113349454,41-65,49459.03760962452,0-25%,501244.9071979082,25-50%,235389.48606913615,25-50%,3.75,9.0,91.6,1.1315884710623372,0.186,0.008567529767515741,0,,0.0,3.75,0.0,0.0,0.0,0.0,-5.197523053665911,-0.001
97,750809,1,2025-09-03,A,79.69776489185199,>65,473887.2939464464,50-75%,24241794.83260953,>75%,2809134.195345666,>75%,8.5,8.5,0.5,6.457923458011074,0.132,0.0015702330754804527,0,,0.0,8.5,0.0,0.0,0.0,0.0,-5.197523053665911,-0.001
98,970903,1,2025-09-03,A,58.21386906187111,41-65,81554.02036120267,0-25%,199154.021664744,0-25%,689002.9857047497,50-75%,3.0,2.75,12.8,20.730020794984465,0.181,0.0019892174943927825,0,,0.0,3.0,0.0,0.0,0.0,0.0,-5.197523053665911,-0.001
99,984590,1,2025-09-03,A,50.26817272769159,41-65,47591.14654873611,0-25%,223523.15049288675,0-25%,356337.31704181974,25-50%,11.25,6.75,33.6,7.6617800704065715,0.226,0.003617764677122029,0,,0.0,11.25,0.0,0.0,0.0,0.0,-5.197523053665911,-0.001
100,161905,1,2025-09-03,A,49.01539015882748,41-65,127514.9886493945,25-50%,335464.9815328193,0-25%,427882.41776423913,25-50%,3.25,8.25,1.1,1.740316981528788,0.211,0.01403506653681962,0,,0.0,3.25,0.0,0.0,0.0,0.0,-5.197523053665911,-0.001
101,931992,1,2025-09-03,A,45.37013051711187,41-65,250301.3703449432,50-75%,186683.09506709583,0-25%,84967.46757347765,0-25%,3.0,7.25,4.0,7.535518913396109,0.237,0.027456905047656972,0,,0.0,3.0,0.0,0.0,0.0,0.0,-5.197523053665911,-0.001
102,128030,1,2025-09-03,A,37.28034801617604,18-40,134908.8673724475,25-50%,90542.76442652736,0-25%,157641.72187797478,25-50%,5.25,4.0,50.8,1.081622446399415,0.303,0.014921961604528524,0,,0.0,5.25,0.0,0.0,0.0,0.0,-5.197523053665911,-0.001
103,911200,1,2025-09-03,A,73.02304269986881,>65,215455.65194605908,50-75%,2008867.1574581447,50-75%,1233078.7893032937,50-75%,13.0,12.25,66.0,11.92268823794043,0.138,0.001422803667612936,0,,0.0,13.0,0.0,0.0,0.0,0.0,-5.197523053665911,-0.001
104,939189,1,2025-09-03,A,70.43037482312252,>65,2044753.8737828853,>75%,23515534.333008222,>75%,4885930.053008338,>75%,6.0,6.5,32.8,0.959836135720792,0.148,0.009045245511674977,0,,0.0,6.0,0.0,0.0,0.0,0.0,-5.197523053665911,-0.001
105,540921,1,2025-09-03,A,52.145750383305256,41-65,749944.3795108238,>75%,1693936.4036807204,50-75%,4124064.8287124736,>75%,11.0,3.75,6.7,2.485285235008256,0.239,0.007745735797801453,0,,0.0,11.0,0.0,0.0,0.0,0.0,-5.197523053665911,-0.001
106,407652,1,2025-09-03,A,47.84258461798768,41-65,106133.3203499681,25-50%,758564.5455012016,25-50%,13300.374060035836,0-25%,11.75,15.0,7.5,2.1946276129721785,0.229,0.028363936055192576,0,,0.0,11.75,0.0,0.0,0.0,0.0,-5.197523053665911,-0.001
107,874051,1,2025-09-03,A,39.7541169589443,18-40,294089.1790018991,50-75%,326236.92519914027,0-25%,95579.058861249,0-25%,15.0,3.25,16.5,5.760432874796863,0.312,0.019625806273078136,0,,0.0,15.0,0.0,0.0,0.0,0.0,-5.197523053665911,-0.001
108,277156,1,2025-09-03,A,66.43613245257401,>65,876992.3306878603,>75%,7298192.906700021,>75%,1527666.5338047538,50-75%,8.75,9.0,27.1,7.876809169961151,0.126,0.00837178254828416,0,,0.0,8.75,0.0,0.0,0.0,0.0,-5.197523053665911,-0.001
109,261566,1,2025-09-03,A,60.37638566222698,41-65,51098.59536737894,0-25%,44149.67097475138,0-25%,78262.82232900643,0-25%,10.75,3.75,18.7,3.678557865276457,0.187,0.003559788919459644,0,,0.0,10.75,0.0,0.0,0.0,0.0,-5.197523053665911,-0.001
110,999342,1,2025-09-03,A,48.25823593302584,41-65,140542.52751931595,25-50%,194009.30119575505,0-25%,100746.651447967,0-25%,3.25,12.5,13.8,1.6028225618410938,0.222,0.02033673539128691,0,,0.0,3.25,0.0,0.0,0.0,0.0,-5.197523053665911,-0.001
111,416281,1,2025-09-03,A,63.43557521304743,41-65,302898.06163729966,50-75%,11411839.144316424,>75%,563364.9431549353,50-75%,11.5,6.75,43.7,3.232189100417357,0.163,0.0041523028126025,0,,0.0,11.5,0.0,0.0,0.0,0.0,-5.197523053665911,-0.001
112,135130,1,2025-09-03,A,51.32735450406349,41-65,146519.93030872132,25-50%,238573.44670332628,0-25%,221377.3267866404,25-50%,5.0,3.0,33.4,7.715990055299604,0.211,0.006224028724550775,0,,0.0,5.0,0.0,0.0,0.0,0.0,-5.197523053665911,-0.001
113,516894,1,2025-09-03,A,54.035585952405455,41-65,69972.9496533636,0-25%,380901.1958033688,25-50%,99191.32182307188,0-25%,7.5,2.5,21.7,2.756568929260744,0.194,0.0054341669463305676,0,,0.0,7.5,0.0,0.0,0.0,0.0,-5.197523053665911,-0.001
114,644714,1,2025-09-03,A,20.3999911455996,18-40,121435.51888739513,25-50%,56813.220275601794,0-25%,80843.19322107537,0-25%,6.25,7.75,18.1,0.4521821705366579,0.29,0.07883754767185494,0,,0.0,6.25,0.0,0.0,0.0,0.0,-5.197523053665911,-0.001
115,262735,1,2025-09-03,A,73.2567816134112,>65,670434.5019675716,>75%,14559220.954676852,>75%,9242351.29673016,>75%,8.0,10.5,39.9,2.2671454531593414,0.143,0.003996101078092416,0,,0.0,8.0,0.0,0.0,0.0,0.0,-5.197523053665911,-0.001
116,516186,1,2025-09-03,A,29.69245510436652,18-40,148403.71537500055,25-50%,123530.4496037368,0-25%,236914.3095493556,25-50%,8.0,5.5,29.4,10.434687712107005,0.276,0.017180663958142134,0,,0.0,8.0,0.0,0.0,0.0,0.0,-5.197523053665911,-0.001
117,423440,1,2025-09-03,A,41.58031288071978,41-65,755977.8153863922,>75%,3376546.726236513,50-75%,1100103.8037107687,50-75%,7.5,6.75,15.8,2.074436943751542,0.233,0.01744723672231127,0,,0.0,7.5,0.0,0.0,0.0,0.0,-5.197523053665911,-0.001
118,496947,1,2025-09-03,A,59.20943435419809,41-65,171142.49957979002,25-50%,1207809.7494211583,25-50%,650508.6548853349,50-75%,7.25,8.25,73.8,8.863685114535048,0.16,0.006309848083385809,0,,0.0,7.25,0.0,0.0,0.0,0.0,-5.197523053665911,-0.001
119,627311,1,2025-09-03,A,61.70331027793059,41-65,285111.3962791969,50-75%,4237809.549355188,50-75%,470952.3094862056,25-50%,8.25,3.0,38.3,16.34594634007969,0.179,0.0033324216329876713,0,,0.0,8.25,0.0,0.0,0.0,0.0,-5.197523053665911,-0.001
120,672615,1,2025-09-03,A,24.78397197006737,18-40,137009.30922240374,25-50%,127672.9838331763,0-25%,113761.9568678384,0-25%,12.5,5.5,77.5,5.214819559582016,0.281,0.025661063862048725,0,,0.0,12.5,0.0,0.0,0.0,0.0,-5.197523053665911,-0.001
121,860264,1,2025-09-03,A,66.5352176942945,>65,49249.13852328313,0-25%,449679.9722688101,25-50%,349950.1272895314,25-50%,11.25,2.0,91.1,3.2684848467316816,0.139,0.0016115622039147505,0,,0.0,11.25,0.0,0.0,0.0,0.0,-5.197523053665911,-0.001
122,163471,1,2025-09-03,A,34.02845600700696,18-40,146633.55013358942,25-50%,297872.07355659304,0-25%,31010.30896521685,0-25%,6.0,5.0,16.8,3.998186885857925,0.225,0.025694549483435525,0,,0.0,6.0,0.0,0.0,0.0,0.0,-5.197523053665911,-0.001
123,611113,1,2025-09-03,A,56.14739035385534,41-65,68618.65206125756,0-25%,405175.0855757221,25-50%,22292.302405460967,0-25%,1.75,9.75,52.7,0.5873487364516604,0.194,0.01323753966631914,0,,0.0,1.75,0.0,0.0,0.0,0.0,-5.197523053665911,-0.001
124,165820,1,2025-09-03,A,64.8483019311371,41-65,273251.4301649516,50-75%,12457140.795126151,>75%,122789.93948844152,25-50%,11.25,6.25,23.5,11.611088880312431,0.174,0.004351273065655789,0,,0.0,11.25,0.0,0.0,0.0,0.0,-5.197523053665911,-0.001
125,707253,1,2025-09-03,A,68.43758089551817,>65,624768.059096479,>75%,7773548.441346242,>75%,1730761.3635036217,50-75%,4.5,5.75,11.8,4.4982963618660605,0.133,0.007131663533178862,0,,0.0,4.5,0.0,0.0,0.0,0.0,-5.197523053665911,-0.001
126,621461,1,2025-09-03,A,36.73850849473481,18-40,119128.96416808137,25-50%,339897.6557530476,0-25%,6517.500231488692,0-25%,3.75,8.75,9.8,2.108572150411176,0.223,0.059207178141504155,0,,0.0,3.75,0.0,0.0,0.0,0.0,-5.197523053665911,-0.001
127,555716,1,2025-09-03,A,53.767145307997495,41-65,212407.0799028632,50-75%,2395189.0550053404,50-75%,564137.3201425135,50-75%,8.0,2.5,43.1,0.8112464172734516,0.144,0.006157766758921137,0,,0.0,8.0,0.0,0.0,0.0,0.0,-5.197523053665911,-0.001
128,265418,1,2025-09-03,A,57.21152309832288,41-65,591117.2873353378,>75%,1690819.5176665443,50-75%,434621.21449449554,25-50%,7.0,9.5,4.9,3.0050224878882816,0.194,0.017370776465240968,0,,0.0,7.0,0.0,0.0,0.0,0.0,-5.197523053665911,-0.001
129,786853,1,2025-09-03,A,41.474952964272575,41-65,29132.402661969496,0-25%,45813.55406588304,0-25%,27253.74054715953,0-25%,12.25,6.5,1.8,6.319696454005375,0.215,0.00879859681979658,0,,0.0,12.25,0.0,0.0,0.0,0.0,-5.197523053665911,-0.001
130,737575,1,2025-09-03,A,58.96389259229169,41-65,457978.09437278286,50-75%,3392664.866752037,50-75%,510907.25314357824,50-75%,6.75,6.25,1.7,9.842210740255918,0.16,0.0058693177626217355,0,,0.0,6.75,0.0,0.0,0.0,0.0,-5.197523053665911,-0.001
131,330781,1,2025-09-03,A,88.26402379369624,>65,69447.47504731968,0-25%,2275723.2455236083,50-75%,465866.8020412251,25-50%,5.5,11.25,23.5,0.8210261496727226,0.101,0.0014284971103610104,0,,0.0,5.5,0.0,0.0,0.0,0.0,-5.197523053665911,-0.001
1323,567441,1,2025-09-03,B,50.69860513437565,41-65,1392129.1899018856,>75%,15905236.545018353,>75%,1020297.6362747692,50-75%,10.0,6.0,107.5,2.268216973607592,0.193,0.035996582675921825,0,,0.0,10.0,0.0,0.0,0.0,0.0,-5.197523053665911,-0.001
1324,828408,1,2025-09-03,B,55.0450659885598,41-65,95521.52001614092,25-50%,455031.9333019946,25-50%,36193.87156579754,0-25%,4.0,9.75,7.1,0.3606323234874304,0.194,0.047089803766410816,0,,0.0,4.0,0.0,0.0,0.0,0.0,-5.197523053665911,-0.001
1325,657189,1,2025-09-03,B,36.4071736362758,18-40,216236.8158124696,50-75%,1510100.4155207586,50-75%,612298.8960111074,50-75%,6.0,9.25,12.1,4.9412946627239664,0.258,0.07929810350598547,0,,0.0,6.0,0.0,0.0,0.0,0.0,-5.197523053665911,-0.001
1326,240387,1,2025-09-03,B,54.77965939981135,41-65,158552.86613096285,25-50%,490331.553790884,25-50%,127526.68679949424,25-50%,11.75,6.25,7.3,4.877966825150214,0.143,0.02071053490342111,0,,0.0,11.75,0.0,0.0,0.0,0.0,-5.197523053665911,-0.001
1327,868352,1,2025-09-03,B,73.94964531582139,>65,319163.47470431816,50-75%,3664512.867294541,50-75%,1318180.400054033,50-75%,7.75,12.25,41.0,3.8493054874919816,0.145,0.012333351319753922,0,,0.0,7.75,0.0,0.0,0.0,0.0,-5.197523053665911,-0.001
1328,970406,1,2025-09-03,B,32.4314046059212,18-40,44253.76241108015,0-25%,54506.73676165315,0-25%,38542.79690303306,0-25%,3.75,6.0,4.3,2.9019614221887,0.229,0.09341788781474879,0,,0.0,3.75,0.0,0.0,0.0,0.0,-5.197523053665911,-0.001
1329,702690,1,2025-09-03,B,66.61236640264046,>65,424498.4575495356,50-75%,1951525.738268736,50-75%,313657.372353868,25-50%,9.5,5.5,24.1,1.1507516852069757,0.151,0.015366686514343907,0,,0.0,9.5,0.0,0.0,0.0,0.0,-5.197523053665911,-0.001
1330,441335,1,2025-09-03,B,58.61532843628186,41-65,109274.94154098326,25-50%,98618.82428199984,0-25%,227851.17756380455,25-50%,7.5,4.0,31.6,0.7932480509996982,0.193,0.013546903218639845,0,,0.0,7.5,0.0,0.0,0.0,0.0,-5.197523053665911,-0.001
1331,184000,1,2025-09-03,B,81.13375025024162,>65,102270.24191077473,25-50%,5102615.627900174,50-75%,4290171.331327583,>75%,8.25,9.0,18.7,5.325540884303243,0.114,0.004069553987930321,0,,0.0,8.25,0.0,0.0,0.0,0.0,-5.197523053665911,-0.001
1332,653322,1,2025-09-03,B,40.21070065120207,18-40,363820.62649424415,50-75%,67333.80342998002,0-25%,137204.13699226562,25-50%,8.5,7.0,3.9,4.815177104898904,0.271,0.05953921056170502,0,,0.0,8.5,0.0,0.0,0.0,0.0,-5.197523053665911,-0.001
1333,329557,1,2025-09-03,B,52.45041355339802,41-65,427773.2511414608,50-75%,3069366.02335001,50-75%,162763.26515916438,25-50%,8.75,11.5,9.7,3.558755901600727,0.204,0.06703329497047997,0,,0.0,8.75,0.0,0.0,0.0,0.0,-5.197523053665911,-0.001
1334,831180,1,2025-09-03,B,34.209622230172535,18-40,240253.0916335773,50-75%,4013760.940884996,50-75%,4269576.223130651,>75%,4.5,2.75,19.7,12.740292060238945,0.264,0.025885256159002275,0,,0.0,4.5,0.0,0.0,0.0,0.0,-5.197523053665911,-0.001
1335,676413,1,2025-09-03,B,70.02457874195015,>65,2621767.8414440616,>75%,45380638.63020447,>75%,1391370.5360757434,50-75%,12.0,10.25,28.1,3.2054804630961704,0.139,0.019463192345534265,0,,0.0,12.0,0.0,0.0,0.0,0.0,-5.197523053665911,-0.001
1336,602169,1,2025-09-03,B,65.69799016510555,41-65,85210.35936804937,0-25%,319419.0151719972,0-25%,5448.727653605362,0-25%,9.75,9.25,9.9,8.224718256984998,0.139,0.016642600930091817,0,,0.0,9.75,0.0,0.0,0.0,0.0,-5.197523053665911,-0.001
1337,320278,1,2025-09-03,B,43.26494424764034,41-65,91753.75526067636,0-25%,47712.32774101481,0-25%,104921.9010343837,0-25%,6.5,4.25,52.1,15.020540677012578,0.231,0.02149333963287707,0,,0.0,6.5,0.0,0.0,0.0,0.0,-5.197523053665911,-0.001
1338,740706,1,2025-09-03,B,72.05237439968685,>65,87946.74896083504,0-25%,1027467.2505124786,25-50%,588997.9103172595,50-75%,7.25,13.75,8.4,4.6783699192245605,0.113,0.009642132815380376,0,,0.0,7.25,0.0,0.0,0.0,0.0,-5.197523053665911,-0.001
1339,952765,1,2025-09-03,B,49.95301469254675,41-65,633307.6078417981,>75%,4271357.83400308,50-75%,1905056.1707196797,>75%,7.5,10.75,16.5,1.249864616559208,0.216,0.055691361473232476,0,,0.0,7.5,0.0,0.0,0.0,0.0,-5.197523053665911,-0.001
1340,128809,1,2025-09-03,B,37.59941694536243,18-40,406685.2465648816,50-75%,633842.3872132769,25-50%,1267298.976781402,50-75%,6.75,1.25,81.2,2.630160719781279,0.238,0.04034695275927307,0,,0.0,6.75,0.0,0.0,0.0,0.0,-5.197523053665911,-0.001
1341,881579,1,2025-09-03,B,38.72531053267486,18-40,105777.2374243067,25-50%,441669.4330991422,25-50%,560243.7855375238,50-75%,8.0,11.0,20.2,0.1962607773252384,0.259,0.05947862428905533,0,,0.0,8.0,0.0,0.0,0.0,0.0,-5.197523053665911,-0.001
1342,358286,1,2025-09-03,B,69.16408292392651,>65,2476148.038523144,>75%,27683945.48891269,>75%,1506416.2207099276,50-75%,7.5,14.5,1.5,4.667693972431901,0.145,0.03884388073907265,0,,0.0,7.5,0.0,0.0,0.0,0.0,-5.197523053665911,-0.001
1343,491816,1,2025-09-03,B,68.17883795292506,>65,140604.15699674864,25-50%,1682579.5959443576,50-75%,929662.3018735847,50-75%,8.5,9.5,2.1,5.329293959458369,0.148,0.01295523934435196,0,,0.0,8.5,0.0,0.0,0.0,0.0,-5.197523053665911,-0.001
1344,822405,1,2025-09-03,B,33.06178971409242,18-40,172020.9954240267,25-50%,136930.89726042523,0-25%,6471.829529911773,0-25%,3.0,6.5,72.8,0.414218812565028,0.26,0.19942069796629258,0,,0.0,3.0,0.0,0.0,0.0,0.0,-5.197523053665911,-0.001
1345,479640,1,2025-09-03,B,60.18061696570405,41-65,44991.350849987626,0-25%,154007.4041438898,0-25%,35940.651993138934,0-25%,10.25,5.5,5.5,3.715159351918026,0.175,0.01246150507960894,0,,0.0,10.25,0.0,0.0,0.0,0.0,-5.197523053665911,-0.001
1346,702353,1,2025-09-03,B,55.39623118074573,41-65,355920.93174332706,50-75%,331137.5887916634,0-25%,39541.53565588534,0-25%,8.75,9.0,24.3,0.6188651796606847,0.189,0.07536333343302881,0,,0.0,8.75,0.0,0.0,0.0,0.0,-5.197523053665911,-0.001
1347,511426,1,2025-09-03,B,45.472128148569126,41-65,349105.2251745543,50-75%,374193.4992248934,25-50%,120106.70814724844,25-50%,6.75,11.5,12.1,2.6872780542849086,0.224,0.0923863989956251,0,,0.0,6.75,0.0,0.0,0.0,0.0,-5.197523053665911,-0.001
1348,769985,1,2025-09-03,B,41.11568554157565,41-65,149098.83115442764,25-50%,357899.9207207633,25-50%,486305.135225377,25-50%,7.25,8.25,24.6,2.7928618805861896,0.227,0.058722299462322367,0,,0.0,7.25,0.0,0.0,0.0,0.0,-5.197523053665911,-0.001
1349,836385,1,2025-09-03,B,60.92535180626058,41-65,2199983.94735606,>75%,990520.9874281425,25-50%,577881.9781412017,50-75%,11.5,10.0,12.6,1.4972437318469285,0.179,0.036703915538044765,0,,0.0,11.5,0.0,0.0,0.0,0.0,-5.197523053665911,-0.001
1350,581638,1,2025-09-03,B,57.876498403726536,41-65,1874335.2510750075,>75%,48704361.04941723,>75%,547785.6958281714,50-75%,9.25,8.75,14.3,6.654251059570457,0.169,0.035371530663822114,0,,0.0,9.25,0.0,0.0,0.0,0.0,-5.197523053665911,-0.001
1351,647174,1,2025-09-03,B,75.78993170189665,>65,179066.5525526201,25-50%,6314328.705379602,>75%,190207.72482596472,25-50%,8.0,6.25,115.3,2.867816141809679,0.128,0.005919731294882574,0,,0.0,8.0,0.0,0.0,0.0,0.0,-5.197523053665911,-0.001
1352,102523,1,2025-09-03,B,47.75412878187604,41-65,172103.75775178842,25-50%,214356.347726353,0-25%,240375.16945717589,25-50%,10.0,2.5,13.5,7.266817900315716,0.183,0.024683342247931332,0,,0.0,10.0,0.0,0.0,0.0,0.0,-5.197523053665911,-0.001
1353,487122,1,2025-09-03,B,73.7779978671335,>65,132571.93241854067,25-50%,2739126.6431899075,50-75%,547069.2115918736,50-75%,7.75,8.0,4.5,4.932238910852036,0.171,0.010761220744604158,0,,0.0,7.75,0.0,0.0,0.0,0.0,-5.197523053665911,-0.001
1354,360809,1,2025-09-03,B,41.86696609802074,41-65,195265.17543621428,50-75%,90001.38317485183,0-25%,87984.38376645844,0-25%,5.25,11.25,56.0,2.5958213456579924,0.238,0.08501523970650766,0,,0.0,5.25,0.0,0.0,0.0,0.0,-5.197523053665911,-0.001
1355,412605,1,2025-09-03,B,33.57738931118855,18-40,241116.59169736903,50-75%,2954645.111197747,50-75%,3455639.3634798494,>75%,11.0,7.0,80.1,3.6377083957838687,0.23,0.031085058821973398,0,,0.0,11.0,0.0,0.0,0.0,0.0,-5.197523053665911,-0.001
1356,176132,1,2025-09-03,B,48.42115652323037,41-65,414111.701977708,50-75%,4122733.1255760808,50-75%,6730847.211714899,>75%,4.75,7.25,83.8,1.3525041666742554,0.205,0.03367046963144932,0,,0.0,4.75,0.0,0.0,0.0,0.0,-5.197523053665911,-0.001
1357,467956,1,2025-09-03,B,38.128890765452496,18-40,111920.75674788278,25-50%,447392.26907738735,25-50%,928697.327039572,50-75%,9.0,6.75,4.1,3.0204304154510835,0.213,0.027948050916037383,0,,0.0,9.0,0.0,0.0,0.0,0.0,-5.197523053665911,-0.001
1358,869842,1,2025-09-03,B,62.133445244754085,41-65,450791.89641967753,50-75%,91194910.97058032,>75%,2575705.469021155,>75%,8.75,13.5,1.6,0.300794227606135,0.193,0.026345114415047218,0,,0.0,8.75,0.0,0.0,0.0,0.0,-5.197523053665911,-0.001
1359,181672,1,2025-09-03,B,50.000324049908144,41-65,193312.93152874385,50-75%,5820154.675155032,>75%,1432375.2372087685,50-75%,3.0,9.0,0.5,2.1374540603569043,0.197,0.03616896067783427,0,,0.0,3.0,0.0,0.0,0.0,0.0,-5.197523053665911,-0.001
1360,938766,1,2025-09-03,B,47.58599295361381,41-65,114195.5974827066,25-50%,703150.4322847783,25-50%,241841.7802289794,25-50%,11.75,4.25,1.8,1.048998022839245,0.187,0.024874171552042152,0,,0.0,11.75,0.0,0.0,0.0,0.0,-5.197523053665911,-0.001
1361,296412,1,2025-09-03,B,54.58180975079141,41-65,2587206.225872764,>75%,28136450.97717441,>75%,2051848.037771158,>75%,10.5,4.5,4.9,3.358187942932343,0.201,0.03973210929402476,0,,0.0,10.5,0.0,0.0,0.0,0.0,-5.197523053665911,-0.001
1362,504017,1,2025-09-03,B,78.57618615439041,>65,606011.4985848435,>75%,2644341.48561306,50-75%,711316.0551054849,50-75%,6.5,6.0,8.9,1.7901846126323775,0.148,0.008364581019349365,0,,0.0,6.5,0.0,0.0,0.0,0.0,-5.197523053665911,-0.001
1363,450898,1,2025-09-03,B,64.65302077871564,41-65,75468.49804305234,0-25%,379638.8915603159,25-50%,252129.8285607696,25-50%,8.75,8.5,3.5,0.9625305802485428,0.15,0.008779333825174538,0,,0.0,8.75,0.0,0.0,0.0,0.0,-5.197523053665911,-0.001
1364,962350,1,2025-09-03,B,49.71537191997246,41-65,116303.01623147218,25-50%,400634.2218211416,25-50%,1523641.5876752548,50-75%,17.25,7.75,4.8,1.0621738092152826,0.182,0.015065416505683455,0,,0.0,17.25,0.0,0.0,0.0,0.0,-5.197523053665911,-0.001
1365,426341,1,2025-09-03,B,57.78084331792024,41-65,170494.9651142959,25-50%,2819804.7270698147,50-75%,674476.1773629431,50-75%,10.75,8.25,20.3,7.106541687459629,0.164,0.01182325333671684,0,,0.0,10.75,0.0,0.0,0.0,0.0,-5.197523053665911,-0.001
1366,309861,1,2025-09-03,B,53.610362260706616,41-65,649841.4480115911,>75%,9007646.163098298,>75%,3918489.031347027,>75%,7.25,7.75,5.4,11.175587165649178,0.176,0.032532709642510996,0,,0.0,7.25,0.0,0.0,0.0,0.0,-5.197523053665911,-0.001
1367,636893,1,2025-09-03,B,78.20319753063434,>65,72435.61356534185,0-25%,263563.02066199656,0-25%,435452.21239681786,25-50%,12.75,4.75,29.8,2.5114257769795394,0.168,0.00352540470613969,0,,0.0,12.75,0.0,0.0,0.0,0.0,-5.197523053665911,-0.001
1368,252874,1,2025-09-03,B,40.4486604119552,18-40,57621.987543113566,0-25%,39137.80817677025,0-25%,132231.62275239165,25-50%,5.5,4.75,34.2,4.561276827693826,0.229,0.02583335415977116,0,,0.0,5.5,0.0,0.0,0.0,0.0,-5.197523053665911,-0.001
1369,780939,1,2025-09-03,B,19.73320722333805,18-40,106031.84899516462,25-50%,168464.24385910408,0-25%,220298.38326863592,25-50%,6.25,8.5,5.6,1.2748915259839804,0.314,0.16946306919990403,1,2025-09-08,2.75,9.0,2915.875847367027,2385.7166023912037,5301.592449758231,3.7111147148307624,-1.4864083388351483,3.7101147148307625
1370,118478,1,2025-09-03,B,69.330359597387,>65,65216.89370120243,0-25%,245750.9037739306,0-25%,176579.46750480976,25-50%,7.25,7.25,28.9,5.958640754665009,0.195,0.005895903905122931,0,,0.0,7.25,0.0,0.0,0.0,0.0,-5.197523053665911,-0.001
1371,258540,1,2025-09-03,B,44.53263610546917,41-65,367107.7800908072,50-75%,688461.6878925469,25-50%,181175.82444318733,25-50%,8.5,5.75,36.7,1.6512191964169771,0.239,0.04642685471569862,0,,0.0,8.5,0.0,0.0,0.0,0.0,-5.197523053665911,-0.001
1372,833727,1,2025-09-03,B,52.15526335149542,41-65,4875490.9558994165,>75%,41937477.23940413,>75%,4477662.459426086,>75%,5.0,9.25,17.3,6.247043224572271,0.168,0.08626743685776042,0,,0.0,5.0,0.0,0.0,0.0,0.0,-5.197523053665911,-0.001
1373,847487,1,2025-09-03,B,71.89394749772548,>65,379277.3793599844,50-75%,12981665.876137944,>75%,1497501.511809745,50-75%,6.25,11.0,11.2,3.439806069578507,0.145,0.015365294219618098,0,,0.0,6.25,0.0,0.0,0.0,0.0,-5.197523053665911,-0.001
1374,813974,1,2025-09-03,B,37.81981688105024,18-40,154457.05534112945,25-50%,1127258.4148561542,25-50%,333021.6635316418,25-50%,12.25,7.75,0.5,2.2379907853264736,0.257,0.04153847256757923,0,,0.0,12.25,0.0,0.0,0.0,0.0,-5.197523053665911,-0.001
1375,316212,1,2025-09-03,B,48.37751034824063,41-65,153407.6735184819,25-50%,261991.75898906795,0-25%,592720.2757052362,50-75%,5.0,8.5,17.8,3.4284965730075943,0.228,0.04008597221861295,0,,0.0,5.0,0.0,0.0,0.0,0.0,-5.197523053665911,-0.001
1376,935767,1,2025-09-03,B,60.6600152276151,41-65,122074.28622372048,25-50%,639872.9110353407,25-50%,147154.56431097095,25-50%,2.75,4.0,22.8,2.22870616412392,0.207,0.02733210109555564,0,,0.0,2.75,0.0,0.0,0.0,0.0,-5.197523053665911,-0.001
1377,451383,1,2025-09-03,B,54.38772414158177,41-65,135527.9443631685,25-50%,2984678.594922916,50-75%,89750.47471140626,0-25%,2.5,13.5,1.8,1.9741692655354328,0.204,0.04520946695769631,0,,0.0,2.5,0.0,0.0,0.0,0.0,-5.197523053665911,-0.001
1378,289615,1,2025-09-03,B,42.10209976226484,41-65,233365.8221557022,50-75%,238495.8652043517,0-25%,288906.32044902793,25-50%,9.0,13.75,11.9,1.7584505948308955,0.219,0.07866657296585465,0,,0.0,9.0,0.0,0.0,0.0,0.0,-5.197523053665911,-0.001
1379,375218,1,2025-09-03,B,32.487030261530016,18-40,82347.42869969926,0-25%,189804.7594451763,0-25%,69522.89782716804,0-25%,13.75,10.25,36.0,6.816116280585971,0.251,0.0479490076889058,1,2025-09-30,2.0,15.75,1646.9485739939853,0.0,1646.9485739939853,1.1528640017957899,-4.044659051870121,1.15186400179579
1380,463598,1,2025-09-03,B,48.10669299373255,41-65,68408.11234183527,0-25%,157210.8324458925,0-25%,38004.13895549257,0-25%,2.75,3.75,4.1,0.7904809165235411,0.214,0.05634165880894981,0,,0.0,2.75,0.0,0.0,0.0,0.0,-5.197523053665911,-0.001
1381,939983,1,2025-09-03,B,63.85871173026455,41-65,59233.97181361922,0-25%,684798.7544257885,25-50%,227716.29313205017,25-50%,6.5,13.0,146.8,3.082569545450641,0.217,0.011872398792503885,0,,0.0,6.5,0.0,0.0,0.0,0.0,-5.197523053665911,-0.001
1382,984587,1,2025-09-03,B,54.20043950736635,41-65,80799.27208949077,0-25%,385783.67051960673,25-50%,244670.4639425028,25-50%,8.75,11.5,23.3,0.5430954647496389,0.179,0.02941303864456133,0,,0.0,8.75,0.0,0.0,0.0,0.0,-5.197523053665911,-0.001
1383,647332,1,2025-09-03,B,78.48527226750072,>65,3346168.1645117435,>75%,61858806.58714705,>75%,5770122.4797777645,>75%,8.0,7.75,31.1,4.265275462930264,0.173,0.01008037897423829,0,,0.0,8.0,0.0,0.0,0.0,0.0,-5.197523053665911,-0.001
1384,260334,1,2025-09-03,B,73.48572944924,>65,117741.36970782575,25-50%,951414.1648293728,25-50%,976468.9045316406,50-75%,6.5,10.0,19.4,6.902632477263912,0.171,0.008441881215600015,0,,0.0,6.5,0.0,0.0,0.0,0.0,-5.197523053665911,-0.001
1385,955048,1,2025-09-03,B,27.868858788426163,18-40,163488.44858051214,25-50%,272751.0115055674,0-25%,6461.93850061695,0-25%,4.0,9.0,8.7,0.3964287222555138,0.284,0.2653442379242368,1,2025-09-26,6.25,10.25,10218.028036282009,8174.422429025607,18392.450465307615,12.874715325715332,7.677192272049422,12.873715325715333
1386,606670,1,2025-09-03,B,71.47081270027607,>65,330215.0701942357,50-75%,6391717.377602154,>75%,106585.03016361658,0-25%,8.75,2.0,14.8,5.315313382737119,0.148,0.012542839707212485,0,,0.0,8.75,0.0,0.0,0.0,0.0,-5.197523053665911,-0.001
1387,870164,1,2025-09-03,B,86.30925199094725,>65,97842.6542372567,25-50%,3077505.8138013063,50-75%,1602387.547633155,50-75%,8.5,5.5,64.2,0.3127131138709228,0.124,0.0019783314268449945,0,,0.0,8.5,0.0,0.0,0.0,0.0,-5.197523053665911,-0.001
1388,705680,1,2025-09-03,B,60.82139069374808,41-65,662685.6871614939,>75%,20297810.48243032,>75%,7919299.967020228,>75%,7.25,7.0,2.9,3.841552660709221,0.2,0.01205201448719621,0,,0.0,7.25,0.0,0.0,0.0,0.0,-5.197523053665911,-0.001
1389,281244,1,2025-09-03,B,36.16965073061336,18-40,776126.3420293132,>75%,12654652.055480402,>75%,5058215.475134363,>75%,5.25,10.0,24.6,0.2146736105030703,0.281,0.09555351235065748,0,,0.0,5.25,0.0,0.0,0.0,0.0,-5.197523053665911,-0.001
1390,867181,1,2025-09-03,B,46.761418365133125,41-65,114592.71932708746,25-50%,520274.8927258211,25-50%,372518.5939732285,25-50%,7.75,5.25,33.0,1.0571482171209234,0.187,0.022227042067896177,0,,0.0,7.75,0.0,0.0,0.0,0.0,-5.197523053665911,-0.001
1391,737853,1,2025-09-03,B,67.07294257320082,>65,53992.75386315318,0-25%,596538.0450228528,25-50%,1734320.442032523,50-75%,2.0,4.25,6.8,2.2696247096369118,0.189,0.008427769115778867,0,,0.0,2.0,0.0,0.0,0.0,0.0,-5.197523053665911,-0.001
1392,728509,1,2025-09-03,B,61.83800057395097,41-65,37559.41476876161,0-25%,138510.94956665678,0-25%,79977.25237976987,0-25%,3.75,10.0,27.3,1.1836170101502173,0.19,0.018003533918453548,0,,0.0,3.75,0.0,0.0,0.0,0.0,-5.197523053665911,-0.001
1393,722393,1,2025-09-03,B,48.8554406896754,41-65,94162.1100163719,0-25%,229610.8102577395,0-25%,138812.3820976358,25-50%,9.25,10.25,14.4,6.76518750509665,0.182,0.0401924406484468,0,,0.0,9.25,0.0,0.0,0.0,0.0,-5.197523053665911,-0.001
1394,836204,1,2025-09-03,B,39.82255497695831,18-40,280152.957846947,50-75%,1873220.0121149104,50-75%,978040.38547788,50-75%,9.5,8.75,90.6,2.391111927937858,0.278,0.03223986728245317,0,,0.0,9.5,0.0,0.0,0.0,0.0,-5.197523053665911,-0.001
1395,844509,1,2025-09-03,B,44.0228012956196,41-65,36192.74075015481,0-25%,110536.70021994167,0-25%,124182.98878547733,25-50%,7.0,8.0,33.0,3.485234741371439,0.218,0.03629424849080696,0,,0.0,7.0,0.0,0.0,0.0,0.0,-5.197523053665911,-0.001
1396,187949,1,2025-09-03,B,47.14316344381692,41-65,138720.91685110022,25-50%,790440.084651526,25-50%,376958.2983676422,25-50%,8.5,8.5,48.8,6.970835542535492,0.215,0.019768453093361914,0,,0.0,8.5,0.0,0.0,0.0,0.0,-5.197523053665911,-0.001
1397,999095,1,2025-09-03,B,61.44367912946297,41-65,84538.32783846837,0-25%,301070.9100822276,0-25%,1238922.748682417,50-75%,9.0,8.5,92.4,7.027386886568747,0.183,0.0054956828921905185,0,,0.0,9.0,0.0,0.0,0.0,0.0,-5.197523053665911,-0.001
1398,988264,1,2025-09-03,B,39.16546003484534,18-40,242230.48009321943,50-75%,1029082.8846669936,25-50%,146098.75661599528,25-50%,9.0,6.5,105.7,0.3744825781583691,0.242,0.04771995012914074,0,,0.0,9.0,0.0,0.0,0.0,0.0,-5.197523053665911,-0.001
1399,214759,1,2025-09-03,B,84.32000767945297,>65,61545.18278844114,0-25%,20815339.219802897,>75%,1288521.1068644207,50-75%,7.5,8.25,11.9,5.127321962307479,0.091,0.0036782424547986514,0,,0.0,7.5,0.0,0.0,0.0,0.0,-5.197523053665911,-0.001
1400,536685,1,2025-09-03,B,63.33076636465029,41-65,170147.477693892,25-50%,408081.6291047709,25-50%,105065.3156992902,0-25%,12.5,9.25,9.0,7.693255212113732,0.157,0.013510766220560773,0,,0.0,12.5,0.0,0.0,0.0,0.0,-5.197523053665911,-0.001
1401,151782,1,2025-09-03,B,46.403209314686215,41-65,114049.54539751772,25-50%,569743.0105302517,25-50%,214961.91560679648,25-50%,8.25,13.25,3.4,0.8746918189609012,0.224,0.052695238587407246,0,,0.0,8.25,0.0,0.0,0.0,0.0,-5.197523053665911,-0.001
1402,952554,1,2025-09-03,B,54.759835279706,41-65,62926.3832439771,0-25%,198454.14022408656,0-25%,43739.77971268527,0-25%,5.75,6.25,31.3,4.631604025462066,0.172,0.03306238173333354,0,,0.0,5.75,0.0,0.0,0.0,0.0,-5.197523053665911,-0.001
1403,750201,1,2025-09-03,B,65.47769877999207,41-65,173225.81746500207,25-50%,1599750.07277373,50-75%,1329904.3468319543,50-75%,8.25,7.25,5.4,1.193773363640805,0.163,0.0083401279320642,0,,0.0,8.25,0.0,0.0,0.0,0.0,-5.197523053665911,-0.001
1404,255555,1,2025-09-03,B,60.13004354348486,41-65,229724.2095687697,50-75%,455627.6446714424,25-50%,106774.67580375996,0-25%,6.5,3.5,5.6,1.936852038852872,0.2,0.020896539159300218,0,,0.0,6.5,0.0,0.0,0.0,0.0,-5.197523053665911,-0.001
1405,942208,1,2025-09-03,B,43.29541161266736,41-65,423989.610532888,50-75%,796125.9030383143,25-50%,216071.827496176,25-50%,13.25,11.25,30.5,0.6524668012895428,0.241,0.05229687303912441,0,,0.0,13.25,0.0,0.0,0.0,0.0,-5.197523053665911,-0.001
1406,723001,1,2025-09-03,B,53.03023127362019,41-65,948259.2071782202,>75%,4487994.787832889,50-75%,5844606.77355859,>75%,0.75,12.25,17.6,0.5315954347169138,0.197,0.04566574559015312,0,,0.0,0.75,0.0,0.0,0.0,0.0,-5.197523053665911,-0.001
1407,721210,1,2025-09-03,B,57.84970454466869,41-65,267804.8664500463,50-75%,988939.5184777752,25-50%,220733.57639505228,25-50%,4.25,8.0,12.9,5.577895253732983,0.168,0.037770094267482894,0,,0.0,4.25,0.0,0.0,0.0,0.0,-5.197523053665911,-0.001
1408,567231,1,2025-09-03,B,72.14344989534955,>65,244942.225865218,50-75%,8987302.75650889,>75%,3762049.5033562095,>75%,6.5,10.25,23.0,3.3224242055142708,0.132,0.010060655556174306,0,,0.0,6.5,0.0,0.0,0.0,0.0,-5.197523053665911,-0.001
1409,998362,1,2025-09-03,B,55.59225117829336,41-65,574828.7595200494,>75%,14051149.324183196,>75%,3412229.9139437247,>75%,2.5,4.0,1.6,5.245462747681876,0.222,0.033619648773818255,0,,0.0,2.5,0.0,0.0,0.0,0.0,-5.197523053665911,-0.001
1410,431850,1,2025-09-03,B,79.79577358904162,>65,103303.15322439454,25-50%,2527968.1802770584,50-75%,2780127.607231614,>75%,7.0,3.5,38.6,4.019246265182471,0.144,0.0023930298356013516,0,,0.0,7.0,0.0,0.0,0.0,0.0,-5.197523053665911,-0.001
1411,478324,1,2025-09-03,B,49.94642724394157,41-65,38855.09561213866,0-25%,307566.3296080901,0-25%,109358.8669145333,0-25%,6.75,9.25,2.4,0.586268738573788,0.225,0.032779360581408165,0,,0.0,6.75,0.0,0.0,0.0,0.0,-5.197523053665911,-0.001
1412,942227,1,2025-09-03,B,63.51122716658131,41-65,71933.34087174274,0-25%,2596847.898357514,50-75%,385905.1718536656,25-50%,10.25,4.0,17.2,14.082341294038027,0.187,0.005801974499349096,0,,0.0,10.25,0.0,0.0,0.0,0.0,-5.197523053665911,-0.001
1413,308217,1,2025-09-03,B,29.93138423450448,18-40,160634.65916406785,25-50%,448426.0001894402,25-50%,103068.36504241024,0-25%,7.5,5.5,73.2,3.5351937513862377,0.282,0.06637647676748544,0,,0.0,7.5,0.0,0.0,0.0,0.0,-5.197523053665911,-0.001
1414,828112,1,2025-09-03,B,74.63475697001981,>65,132658.2980689345,25-50%,1485311.135309175,50-75%,616730.0964943789,50-75%,4.5,9.75,5.9,2.639824846256099,0.136,0.010610431848212847,0,,0.0,4.5,0.0,0.0,0.0,0.0,-5.197523053665911,-0.001
1415,162485,1,2025-09-03,B,72.61862280477143,>65,3224974.8547830586,>75%,2892029.881110934,50-75%,1017215.9095524296,50-75%,4.75,14.0,3.5,0.8022804297828385,0.156,0.04364580470940447,0,,0.0,4.75,0.0,0.0,0.0,0.0,-5.197523053665911,-0.001
1416,259270,1,2025-09-03,B,46.5880779698419,41-65,80650.08970753469,0-25%,603358.5490202063,25-50%,129050.21065568902,25-50%,5.25,5.5,25.5,1.654065472363642,0.254,0.047279177397150964,0,,0.0,5.25,0.0,0.0,0.0,0.0,-5.197523053665911,-0.001
1417,738501,1,2025-09-03,B,75.37638566715893,>65,102751.83993586316,25-50%,3374339.524203957,50-75%,1735125.8008836785,50-75%,7.25,3.75,1.8,4.04755706697127,0.092,0.003563280288371364,0,,0.0,7.25,0.0,0.0,0.0,0.0,-5.197523053665911,-0.001
1418,211160,1,2025-09-03,B,59.09226719064648,41-65,98481.44919768132,25-50%,141334.88565174502,0-25%,55969.20817791591,0-25%,10.5,8.25,64.7,6.630586459311101,0.179,0.013871792595538224,0,,0.0,10.5,0.0,0.0,0.0,0.0,-5.197523053665911,-0.001
1419,110139,1,2025-09-03,B,46.270970866308005,41-65,430388.5130703879,50-75%,903861.1476735198,25-50%,744748.4386545119,50-75%,7.25,10.75,82.5,0.6539810134369197,0.252,0.06145523742693371,0,,0.0,7.25,0.0,0.0,0.0,0.0,-5.197523053665911,-0.001
1420,566660,1,2025-09-03,B,28.922679685754886,18-40,266838.9238084128,50-75%,842906.0238336304,25-50%,8889.583786360237,0-25%,9.25,9.25,16.9,4.497664737411088,0.276,0.14930973757946372,0,,0.0,9.25,0.0,0.0,0.0,0.0,-5.197523053665911,-0.001
1421,631314,1,2025-09-03,B,59.6438247528474,41-65,308081.8919811191,50-75%,437309.3786860334,25-50%,728350.2581665056,50-75%,3.5,5.75,3.5,15.156583749554924,0.17,0.022899834182264732,0,,0.0,3.5,0.0,0.0,0.0,0.0,-5.197523053665911,-0.001
1422,334081,1,2025-09-03,B,61.71796084591079,41-65,590721.5277542514,>75%,92856626.35358,>75%,4344140.428262681,>75%,5.75,14.0,0.3,4.643722524019846,0.126,0.024311765309754523,0,,0.0,5.75,0.0,0.0,0.0,0.0,-5.197523053665911,-0.001
1423,424160,1,2025-09-03,B,65.52546565142224,41-65,46808.11520579704,0-25%,94484.05204251864,0-25%,17247.778877600387,0-25%,4.0,1.75,12.7,1.260678023389311,0.153,0.011928429230363243,0,,0.0,4.0,0.0,0.0,0.0,0.0,-5.197523053665911,-0.001
1424,302891,1,2025-09-03,B,59.80643106274122,41-65,266000.0988708063,50-75%,9437959.315446785,>75%,12117.854831033152,0-25%,3.0,11.5,7.8,1.096035019483749,0.2,0.07062535894969808,0,,0.0,3.0,0.0,0.0,0.0,0.0,-5.197523053665911,-0.001
1425,246733,1,2025-09-03,B,31.880240729037453,18-40,656403.1555508727,>75%,344380.99624711426,0-25%,77115.17995371099,0-25%,9.5,4.0,4.5,4.018095022935448,0.23,0.12653907973006367,0,,0.0,9.5,0.0,0.0,0.0,0.0,-5.197523053665911,-0.001
1426,815777,1,2025-09-03,B,48.86298799769701,41-65,148637.87731449484,25-50%,226803.1623296101,0-25%,38920.35945142901,0-25%,7.5,4.0,50.7,0.917053171065458,0.206,0.035192275170550374,0,,0.0,7.5,0.0,0.0,0.0,0.0,-5.197523053665911,-0.001
1427,250185,1,2025-09-03,B,70.72214301575245,>65,122276.93639592345,25-50%,436327.2935137365,25-50%,33020.7073192159,0-25%,2.75,9.5,11.4,8.083409608389305,0.149,0.02028130078339419,0,,0.0,2.75,0.0,0.0,0.0,0.0,-5.197523053665911,-0.001
1428,571731,1,2025-09-03,B,42.02485600237044,41-65,348609.90812882705,50-75%,1127856.5609674635,25-50%,1879289.646089864,>75%,3.0,4.0,0.7,0.9503754773638308,0.246,0.06605074443034925,0,,0.0,3.0,0.0,0.0,0.0,0.0,-5.197523053665911,-0.001
1429,365244,1,2025-09-03,B,59.55776262422837,41-65,62740.846830506256,0-25%,238082.1290342594,0-25%,604038.3725452713,50-75%,5.75,7.75,67.7,7.761957821807964,0.199,0.01272677620410099,0,,0.0,5.75,0.0,0.0,0.0,0.0,-5.197523053665911,-0.001
1430,481918,1,2025-09-03,B,60.3516743869583,41-65,49093.22973261496,0-25%,164095.26497570993,0-25%,52742.20224513982,0-25%,10.25,12.75,11.5,5.571148378585413,0.162,0.022024963997177394,0,,0.0,10.25,0.0,0.0,0.0,0.0,-5.197523053665911,-0.001
1431,656161,1,2025-09-03,B,60.343122811210286,41-65,104011.8613888992,25-50%,6166410.99641556,>75%,1145877.2394393173,50-75%,6.25,8.75,50.1,6.919305319847526,0.14,0.014030242649056203,0,,0.0,6.25,0.0,0.0,0.0,0.0,-5.197523053665911,-0.001
1432,901565,1,2025-09-03,B,71.28934374304197,>65,132549.41624269076,25-50%,1733107.008054739,50-75%,160909.71075442806,25-50%,9.25,9.0,29.4,0.2912986178128129,0.118,0.008564085620197212,0,,0.0,9.25,0.0,0.0,0.0,0.0,-5.197523053665911,-0.001
1433,283638,1,2025-09-03,B,79.60466160440937,>65,262608.15043808543,50-75%,19106878.072449166,>75%,388605.69812598167,25-50%,6.25,2.25,8.7,1.350271598403955,0.153,0.006362239086824984,0,,0.0,6.25,0.0,0.0,0.0,0.0,-5.197523053665911,-0.001
1434,769320,1,2025-09-03,B,69.80380123850726,>65,134340.34011754004,25-50%,920271.0377285896,25-50%,481406.588995172,25-50%,4.25,7.5,40.4,8.411645392942484,0.166,0.011583333733530607,0,,0.0,4.25,0.0,0.0,0.0,0.0,-5.197523053665911,-0.001
1435,200699,1,2025-09-03,B,35.545073059070674,18-40,125490.87031255514,25-50%,272149.0815294324,0-25%,2589662.4036665866,>75%,8.75,4.75,29.2,8.591663295754957,0.206,0.022193182227919703,0,,0.0,8.75,0.0,0.0,0.0,0.0,-5.197523053665911,-0.001
1436,497909,1,2025-09-03,B,73.57275500450221,>65,10761739.07321612,>75%,79271778.72474888,>75%,5865865.076710135,>75%,11.75,14.5,59.0,9.55499945921875,0.111,0.03472812492756999,0,,0.0,11.75,0.0,0.0,0.0,0.0,-5.197523053665911,-0.001
1437,555540,1,2025-09-03,B,60.08959930175961,41-65,6824246.330105345,>75%,37705621.56233041,>75%,3817848.794146308,>75%,11.75,9.5,35.4,2.9587753461117328,0.201,0.038212988762841495,0,,0.0,11.75,0.0,0.0,0.0,0.0,-5.197523053665911,-0.001
1438,781638,1,2025-09-03,B,38.26851002023489,18-40,69853.23357237218,0-25%,1302516.0423232235,50-75%,49394.13924109256,0-25%,12.0,1.25,51.8,4.384911740099716,0.272,0.037358146150617194,0,,0.0,12.0,0.0,0.0,0.0,0.0,-5.197523053665911,-0.001
1439,469352,1,2025-09-03,B,51.717288988646665,41-65,152705.12816173086,25-50%,281107.32538955734,0-25%,44960.698353934255,0-25%,8.25,4.5,15.5,1.1526814403573742,0.211,0.03197664372978818,0,,0.0,8.25,0.0,0.0,0.0,0.0,-5.197523053665911,-0.001
1440,498127,1,2025-09-03,B,46.80340276315881,41-65,2918389.4269317333,>75%,22959645.838087995,>75%,245098.0352027958,25-50%,13.75,11.5,40.7,10.602849614112836,0.198,0.07403901044046192,1,2025-09-25,3.75,17.5,109439.60350993999,0.0,109439.60350993999,76.607722456958,71.41019940329208,76.606722456958
1441,569288,1,2025-09-03,B,65.98219888486896,41-65,148593.56106141777,25-50%,2255228.111392031,50-75%,1368012.348382612,50-75%,7.0,11.25,59.2,9.48720307584148,0.177,0.010946667684126532,0,,0.0,7.0,0.0,0.0,0.0,0.0,-5.197523053665911,-0.001
1442,802339,1,2025-09-03,B,39.840628511304985,18-40,502101.23624196096,50-75%,577738.4056355729,25-50%,21991.828789678904,0-25%,5.0,12.75,45.5,0.9897003729184852,0.228,0.18385991493525816,0,,0.0,5.0,0.0,0.0,0.0,0.0,-5.197523053665911,-0.001
1443,555587,1,2025-09-03,B,40.43500721769093,18-40,5800056.442805711,>75%,7676170.520900539,>75%,800544.8812479049,50-75%,8.75,7.25,29.4,7.972070202231045,0.187,0.1118429282276773,0,,0.0,8.75,0.0,0.0,0.0,0.0,-5.197523053665911,-0.001
1444,917849,1,2025-09-03,B,50.177138006071935,41-65,83614.20892653124,0-25%,108214.30794356328,0-25%,16668.5677134346,0-25%,9.75,2.25,46.7,11.913015877951697,0.218,0.023779379951206447,0,,0.0,9.75,0.0,0.0,0.0,0.0,-5.197523053665911,-0.001
1445,857687,1,2025-09-03,B,83.87488034620108,>65,45761.58414574773,0-25%,638453.9958395682,25-50%,149778.3617702955,25-50%,9.25,1.25,1.9,6.013385249510822,0.098,0.0026484197015854793,0,,0.0,9.25,0.0,0.0,0.0,0.0,-5.197523053665911,-0.001
1446,463057,1,2025-09-03,B,38.53416767921008,18-40,154775.8049934263,25-50%,619572.9702710625,25-50%,22953.16161273636,0-25%,11.25,13.25,28.0,9.738317089533965,0.251,0.10546503854331571,1,2025-09-17,3.5,14.75,5417.153174769921,3095.5160998685265,8512.669274638447,5.958868492246913,0.7613454385810021,5.957868492246913
1447,776541,1,2025-09-03,B,41.39787672711638,41-65,9777947.325958362,>75%,1203154.113891611,25-50%,50508.16064140454,0-25%,8.0,4.75,4.1,3.809377374073964,0.241,0.24491315513546552,0,,0.0,8.0,0.0,0.0,0.0,0.0,-5.197523053665911,-0.001
1448,949356,1,2025-09-03,B,70.13275110650274,>65,619671.1082916853,>75%,38274003.2687875,>75%,2477014.830179904,>75%,12.25,10.0,7.4,5.481792519603922,0.15,0.008988856738423338,0,,0.0,12.25,0.0,0.0,0.0,0.0,-5.197523053665911,-0.001
1449,755138,1,2025-09-03,B,88.37692062052888,>65,552665.0282440744,>75%,203031145.42898336,>75%,2514347.7377542453,>75%,9.0,6.5,14.2,0.3523496743918419,0.071,0.00381535355359292,0,,0.0,9.0,0.0,0.0,0.0,0.0,-5.197523053665911,-0.001
1450,619362,1,2025-09-03,B,31.96947040261726,18-40,5514932.597145197,>75%,63306641.21099711,>75%,12778848.4936715,>75%,10.5,3.5,15.8,2.5499098984901853,0.253,0.10813065976534206,0,,0.0,10.5,0.0,0.0,0.0,0.0,-5.197523053665911,-0.001
1451,571413,1,2025-09-03,B,34.876428757953406,18-40,47474.28285006417,0-25%,270592.5789550097,0-25%,45307.32295702026,0-25%,6.0,2.75,21.4,14.699739669642463,0.287,0.03143218219461177,0,,0.0,6.0,0.0,0.0,0.0,0.0,-5.197523053665911,-0.001
1452,359708,1,2025-09-03,B,21.79062549108304,18-40,119622.66833208008,25-50%,29691.029566626883,0-25%,321105.1070957112,25-50%,8.5,7.0,30.5,2.9485777285974897,0.272,0.07518769786598994,0,,0.0,8.5,0.0,0.0,0.0,0.0,-5.197523053665911,-0.001
1453,886595,1,2025-09-03,B,59.04177530189796,41-65,256339.59397649948,50-75%,1592154.960496774,50-75%,1862888.2408409305,>75%,4.0,7.25,34.0,1.3213051051603242,0.161,0.023618532144545953,0,,0.0,4.0,0.0,0.0,0.0,0.0,-5.197523053665911,-0.001
1454,949636,1,2025-09-03,B,60.74572265051858,41-65,767597.633623569,>75%,3237851.351766222,50-75%,2191242.6862581098,>75%,6.75,2.0,14.1,0.5990787375038825,0.165,0.018064396463439065,0,,0.0,6.75,0.0,0.0,0.0,0.0,-5.197523053665911,-0.001
132,578758,2,2025-09-05,A,56.4059946954612,41-65,106988.40157790456,25-50%,536926.0843169421,25-50%,209707.969478832,25-50%,8.75,3.75,6.6,0.86186278097697,0.197,0.005330430618086755,0,,0.0,8.75,0.0,0.0,0.0,0.0,-5.197523053665911,-0.001
133,940328,2,2025-09-05,A,83.08477033540944,>65,507996.6648682915,50-75%,1658051.7930747422,50-75%,1183296.30242355,50-75%,11.5,10.25,15.6,5.08671407155739,0.108,0.0016561800905811872,0,,0.0,11.5,0.0,0.0,0.0,0.0,-5.197523053665911,-0.001
134,371638,2,2025-09-05,A,56.45186867275894,41-65,704198.1462243982,>75%,1003176.0582256588,25-50%,572895.5500585611,50-75%,10.5,6.0,35.0,0.1037988566593979,0.207,0.009365346369123876,0,,0.0,10.5,0.0,0.0,0.0,0.0,-5.197523053665911,-0.001
135,917818,2,2025-09-05,A,60.28414947200571,41-65,463834.0155092636,50-75%,10868303.648004662,>75%,6459572.472463845,>75%,8.75,9.25,48.4,6.098070348257937,0.183,0.006314514914125938,0,,0.0,8.75,0.0,0.0,0.0,0.0,-5.197523053665911,-0.001
136,562815,2,2025-09-05,A,57.74108310232575,41-65,100283.23175181152,25-50%,2072752.4469703487,50-75%,875149.0763511197,50-75%,11.5,14.0,6.2,4.771931375867541,0.144,0.0064018244920776846,0,,0.0,11.5,0.0,0.0,0.0,0.0,-5.197523053665911,-0.001
137,538104,2,2025-09-05,A,87.17157222940841,>65,137186.39890904192,25-50%,5969372.199242762,>75%,1384068.8213310735,50-75%,5.5,7.0,44.8,9.548054321471437,0.12,0.0012310447740800164,0,,0.0,5.5,0.0,0.0,0.0,0.0,-5.197523053665911,-0.001
138,720831,2,2025-09-05,A,34.27161315638234,18-40,79377.94924788982,0-25%,152247.47454419188,0-25%,95922.73598914704,0-25%,3.75,5.25,22.9,0.1356753376749428,0.247,0.03267734731424238,0,,0.0,3.75,0.0,0.0,0.0,0.0,-5.197523053665911,-0.001
139,907380,2,2025-09-05,A,46.58403711610252,41-65,92319.65273885203,0-25%,2098256.701757641,50-75%,73026.2672435199,0-25%,12.0,3.0,40.8,11.37089490363634,0.23,0.007394964047953917,0,,0.0,12.0,0.0,0.0,0.0,0.0,-5.197523053665911,-0.001
140,168516,2,2025-09-05,A,51.35126475343864,41-65,569022.876256177,>75%,14601717.037377585,>75%,6778405.417810113,>75%,7.0,3.25,35.6,5.77807944091232,0.196,0.005565850244459027,0,,0.0,7.0,0.0,0.0,0.0,0.0,-5.197523053665911,-0.001
141,266548,2,2025-09-05,A,62.43802354379636,41-65,73519.72992720726,0-25%,1326539.6243676278,50-75%,119031.68427371452,25-50%,5.75,8.0,30.4,4.241583343649577,0.176,0.006587551172075206,0,,0.0,5.75,0.0,0.0,0.0,0.0,-5.197523053665911,-0.001
142,764503,2,2025-09-05,A,60.57613004733558,41-65,207648.8781886287,50-75%,1762842.8115450658,50-75%,113511.76998716543,0-25%,2.25,11.5,12.5,14.008430500737164,0.142,0.009328859607522272,0,,0.0,2.25,0.0,0.0,0.0,0.0,-5.197523053665911,-0.001
143,308350,2,2025-09-05,A,85.88842351179876,>65,123763.19834695775,25-50%,1536132.4813449574,50-75%,1846053.120816675,>75%,8.0,10.0,25.0,12.613179355901469,0.125,0.0011351095715892,0,,0.0,8.0,0.0,0.0,0.0,0.0,-5.197523053665911,-0.001
144,824814,2,2025-09-05,A,52.57480918627296,41-65,1901840.7162501768,>75%,77715465.35847588,>75%,2345056.270641647,>75%,11.5,6.5,5.8,0.3961118727644712,0.193,0.013574760074902673,0,,0.0,11.5,0.0,0.0,0.0,0.0,-5.197523053665911,-0.001
145,193575,2,2025-09-05,A,29.500773845371405,18-40,94261.30925553667,0-25%,598752.8956187539,25-50%,22205.569994698268,0-25%,0.75,2.75,19.2,3.110625571446465,0.289,0.056454950365933135,0,,0.0,0.75,0.0,0.0,0.0,0.0,-5.197523053665911,-0.001
146,537303,2,2025-09-05,A,32.99581522498077,18-40,272547.3739817048,50-75%,504917.9499764444,25-50%,277273.2856939985,25-50%,11.75,13.0,59.2,7.3849626517983555,0.303,0.03657721531919496,0,,0.0,11.75,0.0,0.0,0.0,0.0,-5.197523053665911,-0.001
147,857917,2,2025-09-05,A,81.11475469704571,>65,162182.0157996799,25-50%,8792225.173104875,>75%,2161484.746735491,>75%,7.0,9.0,33.4,15.747080591517056,0.123,0.0014279378024080098,0,,0.0,7.0,0.0,0.0,0.0,0.0,-5.197523053665911,-0.001
148,779695,2,2025-09-05,A,54.597757439498736,41-65,422166.3853162004,50-75%,10770273.829223825,>75%,2544641.4073475483,>75%,2.75,7.5,4.3,0.1942879547418176,0.194,0.01252135212672329,0,,0.0,2.75,0.0,0.0,0.0,0.0,-5.197523053665911,-0.001
149,591850,2,2025-09-05,A,50.5467820365569,41-65,176273.0497433152,25-50%,369323.9335848561,25-50%,70817.11267188613,0-25%,4.25,11.0,19.6,2.679029194811974,0.202,0.020785660905593202,1,2025-09-12,1.5,5.75,2644.095746149728,2644.095746149728,5288.191492299456,3.7017340446096196,-1.495789009056291,3.7007340446096197
150,583003,2,2025-09-05,A,79.2065301354156,>65,204706.7669692326,50-75%,32335500.929557346,>75%,3296317.11390828,>75%,5.25,11.25,38.7,2.273516390009468,0.107,0.0022088906587460753,0,,0.0,5.25,0.0,0.0,0.0,0.0,-5.197523053665911,-0.001
151,733833,2,2025-09-05,A,69.60436737694509,>65,158047.93942221077,25-50%,1911580.0089974827,50-75%,3496548.396379434,>75%,7.5,6.75,7.4,7.770337989513525,0.176,0.0014682303858054068,0,,0.0,7.5,0.0,0.0,0.0,0.0,-5.197523053665911,-0.001
152,590272,2,2025-09-05,A,60.04601768429019,41-65,172789.59629522773,25-50%,5720125.527763786,50-75%,5642625.872882836,>75%,11.25,7.25,26.0,4.40234885791823,0.157,0.002337782838412127,0,,0.0,11.25,0.0,0.0,0.0,0.0,-5.197523053665911,-0.001
153,203981,2,2025-09-05,A,61.421382200699135,41-65,44467.327312269415,0-25%,74335.70435096524,0-25%,77827.01542868247,0-25%,0.75,7.0,31.3,2.476920334223934,0.14,0.006372545967007925,0,,0.0,0.75,0.0,0.0,0.0,0.0,-5.197523053665911,-0.001
154,118377,2,2025-09-05,A,62.62762358238093,41-65,86777.06370143041,0-25%,560003.8046469121,25-50%,521445.4967488246,50-75%,5.0,6.0,1.6,0.6119090854147364,0.175,0.005897108222894792,0,,0.0,5.0,0.0,0.0,0.0,0.0,-5.197523053665911,-0.001
155,779383,2,2025-09-05,A,34.084555006802965,18-40,576936.0117957161,>75%,3418545.519451343,50-75%,3245588.251532114,>75%,3.5,5.0,67.0,2.983408977716539,0.243,0.031012000695656374,0,,0.0,3.5,0.0,0.0,0.0,0.0,-5.197523053665911,-0.001
156,704582,2,2025-09-05,A,55.03515207038853,41-65,167141.87815531713,25-50%,256049.2586333486,0-25%,311579.39570287743,25-50%,5.25,14.5,4.4,4.36285900291984,0.187,0.01164267338314392,0,,0.0,5.25,0.0,0.0,0.0,0.0,-5.197523053665911,-0.001
157,971150,2,2025-09-05,A,54.1726252996086,41-65,445511.0018882022,50-75%,3346316.670071489,50-75%,2041129.5449141287,>75%,4.75,8.0,52.9,1.8602725475118485,0.173,0.01195363882264745,0,,0.0,4.75,0.0,0.0,0.0,0.0,-5.197523053665911,-0.001
158,713068,2,2025-09-05,A,53.08940984251164,41-65,2448329.611859694,>75%,16992794.05958633,>75%,2256324.904155183,>75%,9.25,11.5,31.7,9.396548477577095,0.211,0.02231950484844405,0,,0.0,9.25,0.0,0.0,0.0,0.0,-5.197523053665911,-0.001
159,273769,2,2025-09-05,A,27.05971319908271,18-40,122432.56882108448,25-50%,36298.53050902485,0-25%,10614.80570132392,0-25%,9.75,10.75,7.4,5.825107199113124,0.258,0.07872776088953982,0,,0.0,9.75,0.0,0.0,0.0,0.0,-5.197523053665911,-0.001
160,428003,2,2025-09-05,A,42.8175335542238,41-65,87038.99192459827,0-25%,330603.25998329784,0-25%,19826.95788931391,0-25%,10.25,11.25,31.8,3.740283332316276,0.228,0.028118492776594273,0,,0.0,10.25,0.0,0.0,0.0,0.0,-5.197523053665911,-0.001
161,773610,2,2025-09-05,A,25.3941202825894,18-40,313243.0210667643,50-75%,565310.028563229,25-50%,2260477.618024481,>75%,4.5,11.25,1.5,0.2962001775751263,0.298,0.04789007417863593,0,,0.0,4.5,0.0,0.0,0.0,0.0,-5.197523053665911,-0.001
162,156030,2,2025-09-05,A,49.15661101828473,41-65,880250.5749349835,>75%,18206735.842546616,>75%,596450.6780222991,50-75%,11.75,12.5,59.1,5.289136846406805,0.187,0.024379610514058188,0,,0.0,11.75,0.0,0.0,0.0,0.0,-5.197523053665911,-0.001
163,734185,2,2025-09-05,A,65.9934345598237,41-65,5112938.818442266,>75%,71083328.0003401,>75%,291901.9281683902,25-50%,8.75,10.0,72.1,2.6214086699992545,0.152,0.02739479119222513,0,,0.0,8.75,0.0,0.0,0.0,0.0,-5.197523053665911,-0.001
164,309549,2,2025-09-05,A,54.98370660242975,41-65,1050309.6791753762,>75%,14017659.958764471,>75%,1435322.132839535,50-75%,7.5,4.25,54.0,10.689594681258628,0.184,0.007247167208224587,0,,0.0,7.5,0.0,0.0,0.0,0.0,-5.197523053665911,-0.001
165,643229,2,2025-09-05,A,50.55651145344897,41-65,60495.00376978487,0-25%,784480.6696195574,25-50%,374694.4538292703,25-50%,1.25,10.25,76.8,2.5354536695480445,0.217,0.00813952919789181,0,,0.0,1.25,0.0,0.0,0.0,0.0,-5.197523053665911,-0.001
166,237656,2,2025-09-05,A,76.57838016451419,>65,3124526.2165099517,>75%,55927318.611135006,>75%,7491533.702954288,>75%,6.75,9.5,59.5,3.57559616680914,0.137,0.00645852394389562,0,,0.0,6.75,0.0,0.0,0.0,0.0,-5.197523053665911,-0.001
167,745963,2,2025-09-05,A,51.7920888151442,41-65,127872.40644715424,25-50%,212423.42469706,0-25%,546993.136086618,50-75%,5.75,7.0,7.0,0.4355561961985572,0.169,0.011838151081912373,0,,0.0,5.75,0.0,0.0,0.0,0.0,-5.197523053665911,-0.001
168,248914,2,2025-09-05,A,52.25747387690482,41-65,1231077.1107262375,>75%,77423.7342776343,0-25%,149325.8034370918,25-50%,4.5,6.75,13.0,3.710040875661711,0.209,0.03695125969912707,0,,0.0,4.5,0.0,0.0,0.0,0.0,-5.197523053665911,-0.001
169,278834,2,2025-09-05,A,67.84598591138067,>65,100440.44088423083,25-50%,2807110.6151441485,50-75%,515347.7911955797,50-75%,5.0,7.0,32.5,0.4790266474485103,0.153,0.004567625849609233,0,,0.0,5.0,0.0,0.0,0.0,0.0,-5.197523053665911,-0.001
170,105352,2,2025-09-05,A,49.51623745862924,41-65,204008.98436099425,50-75%,1524523.7195905987,50-75%,809441.4592441508,50-75%,4.75,7.0,35.9,9.345750881021624,0.168,0.011271068183150518,0,,0.0,4.75,0.0,0.0,0.0,0.0,-5.197523053665911,-0.001
171,150670,2,2025-09-05,A,50.87857585505827,41-65,48200.702421361566,0-25%,42469.677372473234,0-25%,58829.51078462621,0-25%,8.75,10.5,5.1,14.402303650422294,0.223,0.00931273641138115,0,,0.0,8.75,0.0,0.0,0.0,0.0,-5.197523053665911,-0.001
172,850151,2,2025-09-05,A,23.75458185204792,18-40,115807.6648834938,25-50%,641245.7141424166,25-50%,24719.208692869764,0-25%,6.75,10.5,0.6,1.1720723167695148,0.28,0.08540307565631827,0,,0.0,6.75,0.0,0.0,0.0,0.0,-5.197523053665911,-0.001
173,133519,2,2025-09-05,A,85.24078328917844,>65,236507.60845527632,50-75%,11059418.259064415,>75%,6447770.401050341,>75%,1.75,10.25,8.8,3.0719180319175026,0.124,0.001558264999732206,0,,0.0,1.75,0.0,0.0,0.0,0.0,-5.197523053665911,-0.001
174,311542,2,2025-09-05,A,72.4018846683735,>65,86478.76196062744,0-25%,1734602.7530583246,50-75%,241218.47797102935,25-50%,18.0,6.75,40.2,1.9040681586262904,0.186,0.0019099713541252934,0,,0.0,18.0,0.0,0.0,0.0,0.0,-5.197523053665911,-0.001
175,969824,2,2025-09-05,A,61.59701098718111,41-65,202597.2942896352,50-75%,24014993.878482945,>75%,1361677.4397174502,50-75%,12.0,5.25,49.2,6.190699723105138,0.138,0.0028883183154366572,0,,0.0,12.0,0.0,0.0,0.0,0.0,-5.197523053665911,-0.001
176,298447,2,2025-09-05,A,56.57786635809686,41-65,50426.6717361985,0-25%,582142.460187103,25-50%,31982.29748780189,0-25%,3.0,5.25,9.8,7.361764774217873,0.206,0.009632269270344303,0,,0.0,3.0,0.0,0.0,0.0,0.0,-5.197523053665911,-0.001
177,130848,2,2025-09-05,A,78.44939564664674,>65,239605.180148955,50-75%,4779745.465900732,50-75%,1484816.8000796493,50-75%,9.0,6.0,6.7,0.5842789738847435,0.109,0.0016336659530123646,0,,0.0,9.0,0.0,0.0,0.0,0.0,-5.197523053665911,-0.001
178,111774,2,2025-09-05,A,59.54163832895336,41-65,123783.11875732716,25-50%,688111.7931834855,25-50%,62487.97035401555,0-25%,4.25,4.0,4.5,4.143847901519627,0.2,0.005846067506031611,0,,0.0,4.25,0.0,0.0,0.0,0.0,-5.197523053665911,-0.001
179,343034,2,2025-09-05,A,27.78271131376967,18-40,365120.6362962634,50-75%,1529574.796815721,50-75%,2934704.7752653444,>75%,4.25,13.5,10.4,4.215645196539073,0.238,0.038486584307385066,0,,0.0,4.25,0.0,0.0,0.0,0.0,-5.197523053665911,-0.001
180,443187,2,2025-09-05,A,65.45203349754784,41-65,475810.8376660084,50-75%,2792058.22860168,50-75%,294161.9898970729,25-50%,11.0,4.75,146.9,2.506494879550522,0.198,0.00435913355387541,0,,0.0,11.0,0.0,0.0,0.0,0.0,-5.197523053665911,-0.001
181,293310,2,2025-09-05,A,65.00094375980865,41-65,155933.60708296587,25-50%,887316.3497582789,25-50%,118666.33412792918,0-25%,5.5,5.75,28.0,0.6726726330863301,0.167,0.008846272863644745,0,,0.0,5.5,0.0,0.0,0.0,0.0,-5.197523053665911,-0.001
182,163363,2,2025-09-05,A,55.08849334916004,41-65,107164.94680035628,25-50%,1882265.111633017,50-75%,863558.8636992641,50-75%,4.0,10.25,15.7,3.5719777872262464,0.185,0.007637618888625516,0,,0.0,4.0,0.0,0.0,0.0,0.0,-5.197523053665911,-0.001
183,509953,2,2025-09-05,A,31.5904886542768,18-40,197598.59200948232,50-75%,613513.0756247785,25-50%,43127.45358852049,0-25%,7.25,8.25,65.6,5.025090334637207,0.256,0.05290144673964285,0,,0.0,7.25,0.0,0.0,0.0,0.0,-5.197523053665911,-0.001
184,657955,2,2025-09-05,A,84.08285486314618,>65,259242.77511881935,50-75%,3940504.5489742495,50-75%,1501970.0168532417,50-75%,3.75,8.75,27.8,0.334346950241928,0.124,0.0024432801812107126,0,,0.0,3.75,0.0,0.0,0.0,0.0,-5.197523053665911,-0.001
185,213388,2,2025-09-05,A,59.69519317205054,41-65,79503.38553075312,0-25%,538141.771389846,25-50%,51930.85931186402,0-25%,5.5,3.0,18.9,1.7770747103737348,0.171,0.005131092455090626,0,,0.0,5.5,0.0,0.0,0.0,0.0,-5.197523053665911,-0.001
186,903864,2,2025-09-05,A,46.04396487914035,41-65,36519.55012060463,0-25%,174357.65026715622,0-25%,14799.89311584517,0-25%,5.5,4.5,37.7,0.3297717913675705,0.223,0.009536965879120314,0,,0.0,5.5,0.0,0.0,0.0,0.0,-5.197523053665911,-0.001
187,692123,2,2025-09-05,A,47.89062322513959,41-65,467274.4808735957,50-75%,14750746.721633151,>75%,4685107.210450184,>75%,6.25,5.0,91.7,0.9861805456983636,0.238,0.006640867704938507,0,,0.0,6.25,0.0,0.0,0.0,0.0,-5.197523053665911,-0.001
188,255600,2,2025-09-05,A,41.841706922438085,41-65,748171.2556729692,>75%,1854178.584089448,50-75%,879126.9538531065,50-75%,9.75,8.25,24.1,9.134606450033283,0.233,0.014844347412622158,0,,0.0,9.75,0.0,0.0,0.0,0.0,-5.197523053665911,-0.001
189,644578,2,2025-09-05,A,39.82329525741914,18-40,59239.42228090531,0-25%,176295.91825632827,0-25%,8870.682116441934,0-25%,7.5,9.5,14.6,2.974767616390266,0.268,0.03458541972498886,0,,0.0,7.5,0.0,0.0,0.0,0.0,-5.197523053665911,-0.001
190,958295,2,2025-09-05,A,71.08517471601128,>65,188313.1842178243,50-75%,25745455.413058385,>75%,1097376.986258272,50-75%,10.25,6.75,56.5,1.1736714621629816,0.139,0.0020305147837786364,0,,0.0,10.25,0.0,0.0,0.0,0.0,-5.197523053665911,-0.001
191,328151,2,2025-09-05,A,54.82090328131437,41-65,6317953.531306726,>75%,34060555.37873425,>75%,5162595.990306642,>75%,8.0,8.5,12.1,1.7092068274326282,0.204,0.03236480313596589,0,,0.0,8.0,0.0,0.0,0.0,0.0,-5.197523053665911,-0.001
192,739767,2,2025-09-05,A,54.33457936180675,41-65,166438.11452457684,25-50%,154419.80546069087,0-25%,1955757.589328837,>75%,13.75,11.0,20.4,1.072037090760827,0.187,0.0042599148105545125,0,,0.0,13.75,0.0,0.0,0.0,0.0,-5.197523053665911,-0.001
193,663228,2,2025-09-05,A,69.16060156997042,>65,229761.57955995784,50-75%,3206881.293600478,50-75%,5835647.686544098,>75%,11.25,11.75,40.1,2.3171328514245606,0.149,0.0033927266302658664,0,,0.0,11.25,0.0,0.0,0.0,0.0,-5.197523053665911,-0.001
194,894569,2,2025-09-05,A,38.59824130484496,18-40,64085.70602535117,0-25%,335246.1736415919,0-25%,249159.3664627349,25-50%,6.25,3.25,43.4,5.0828478692770345,0.226,0.008396179587180981,0,,0.0,6.25,0.0,0.0,0.0,0.0,-5.197523053665911,-0.001
195,664127,2,2025-09-05,A,59.74630025130756,41-65,93609.53119456502,0-25%,841701.6990066079,25-50%,336184.3483313626,25-50%,6.5,8.75,81.5,0.3651646320832307,0.229,0.006645886663517226,0,,0.0,6.5,0.0,0.0,0.0,0.0,-5.197523053665911,-0.001
196,161742,2,2025-09-05,A,59.688051689306285,41-65,289793.339967961,50-75%,8483830.276233397,>75%,996181.2721042208,50-75%,15.75,5.25,5.5,3.2682436680997777,0.192,0.004686376902256748,0,,0.0,15.75,0.0,0.0,0.0,0.0,-5.197523053665911,-0.001
197,158569,2,2025-09-05,A,81.79847790708472,>65,323228.4311518143,50-75%,4959721.592826988,50-75%,961967.540321686,50-75%,0.75,11.0,13.8,10.892954244628989,0.116,0.0026246187038840734,0,,0.0,0.75,0.0,0.0,0.0,0.0,-5.197523053665911,-0.001
198,983378,2,2025-09-05,A,45.93977390335635,41-65,96269.1076407101,25-50%,1163824.6814615976,25-50%,221111.34911700635,25-50%,8.5,1.5,10.4,3.419280064790017,0.221,0.007929901799205408,0,,0.0,8.5,0.0,0.0,0.0,0.0,-5.197523053665911,-0.001
199,318320,2,2025-09-05,A,63.000538502566826,41-65,137687.19384357956,25-50%,2185547.125521722,50-75%,1857155.1052997748,>75%,8.25,11.0,27.2,4.224898124603223,0.142,0.004650575435702258,0,,0.0,8.25,0.0,0.0,0.0,0.0,-5.197523053665911,-0.001
200,196580,2,2025-09-05,A,69.48752213490111,>65,164500.24229908735,25-50%,865166.3635479406,25-50%,1719373.1274860438,50-75%,1.5,10.5,45.1,4.679157039290587,0.157,0.00351430163228776,0,,0.0,1.5,0.0,0.0,0.0,0.0,-5.197523053665911,-0.001
201,118437,2,2025-09-05,A,52.98197970044516,41-65,118036.19180856772,25-50%,411307.0961761357,25-50%,55079.34530885786,0-25%,4.5,8.0,26.0,5.704682919641046,0.168,0.014967438712616611,0,,0.0,4.5,0.0,0.0,0.0,0.0,-5.197523053665911,-0.001
202,530264,2,2025-09-05,A,48.27220401611721,41-65,215115.17943813495,50-75%,679084.0756183714,25-50%,275920.05800114217,25-50%,7.25,7.75,9.4,10.431935524964596,0.196,0.015911196246944082,0,,0.0,7.25,0.0,0.0,0.0,0.0,-5.197523053665911,-0.001
203,518416,2,2025-09-05,A,65.35608270391371,41-65,2507210.182411896,>75%,34273502.60743211,>75%,7041466.370658755,>75%,15.0,10.75,6.0,7.072979817115929,0.147,0.0053587087380952015,0,,0.0,15.0,0.0,0.0,0.0,0.0,-5.197523053665911,-0.001
204,392442,2,2025-09-05,A,46.15609884960776,41-65,45965.50502249969,0-25%,101452.06078540855,0-25%,42502.900708380985,0-25%,8.0,9.25,30.0,0.3926018184595312,0.229,0.016750151067119877,0,,0.0,8.0,0.0,0.0,0.0,0.0,-5.197523053665911,-0.001
205,534975,2,2025-09-05,A,64.20770840592996,41-65,49222.45188169616,0-25%,703115.4717302532,25-50%,356256.9787471809,25-50%,10.75,6.75,4.3,7.091137574767233,0.142,0.0019537693024642973,0,,0.0,10.75,0.0,0.0,0.0,0.0,-5.197523053665911,-0.001
206,140279,2,2025-09-05,A,51.08285139850423,41-65,303924.99606611615,50-75%,1543801.474036605,50-75%,128101.02645319392,25-50%,14.0,11.75,5.1,1.3881728789026702,0.192,0.012112328040011977,0,,0.0,14.0,0.0,0.0,0.0,0.0,-5.197523053665911,-0.001
207,481327,2,2025-09-05,A,61.732687137370114,41-65,146025.43011625242,25-50%,529883.3589770716,25-50%,246311.8354590063,25-50%,11.25,11.75,52.1,3.858217063238878,0.145,0.007596344696127732,0,,0.0,11.25,0.0,0.0,0.0,0.0,-5.197523053665911,-0.001
208,163542,2,2025-09-05,A,55.92937926874369,41-65,508547.5480992371,50-75%,3512718.694454618,50-75%,1724830.009876802,50-75%,4.25,8.75,15.7,12.992694195192923,0.142,0.009803999298025355,0,,0.0,4.25,0.0,0.0,0.0,0.0,-5.197523053665911,-0.001
209,358260,2,2025-09-05,A,49.705465152274606,41-65,485539.8970237403,50-75%,2042782.5946026305,50-75%,555378.2815193937,50-75%,9.75,7.5,32.8,4.418703794998006,0.187,0.010139494777898961,0,,0.0,9.75,0.0,0.0,0.0,0.0,-5.197523053665911,-0.001
210,227684,2,2025-09-05,A,59.948909765791946,41-65,70913.63005419377,0-25%,674169.1211325662,25-50%,152263.1950030494,25-50%,16.25,6.0,6.5,1.4210577085626197,0.177,0.003938116174226672,0,,0.0,16.25,0.0,0.0,0.0,0.0,-5.197523053665911,-0.001
211,604578,2,2025-09-05,A,53.09225376350354,41-65,188944.2911574763,50-75%,487111.2397616672,25-50%,1082315.617437936,50-75%,8.5,9.75,2.3,4.791105076619064,0.235,0.010255793760750899,0,,0.0,8.5,0.0,0.0,0.0,0.0,-5.197523053665911,-0.001
212,736550,2,2025-09-05,A,59.85451231394385,41-65,318911.0202381289,50-75%,3765324.6748091774,50-75%,3164795.714386451,>75%,7.0,7.75,46.0,12.835507831794777,0.202,0.005429091993260552,0,,0.0,7.0,0.0,0.0,0.0,0.0,-5.197523053665911,-0.001
213,383168,2,2025-09-05,A,42.02026912657758,41-65,192687.3233696976,50-75%,485184.62428570376,25-50%,523481.0700386472,50-75%,9.0,8.0,42.4,0.7139809241298201,0.217,0.010867737635980562,0,,0.0,9.0,0.0,0.0,0.0,0.0,-5.197523053665911,-0.001
214,596052,2,2025-09-05,A,60.960866656971,41-65,286116.5779618998,50-75%,2785403.033023383,50-75%,304286.73417470977,25-50%,4.5,3.75,35.1,5.113580453084883,0.184,0.005095676995373026,0,,0.0,4.5,0.0,0.0,0.0,0.0,-5.197523053665911,-0.001
215,621663,2,2025-09-05,A,64.38844004203916,41-65,345606.4935236855,50-75%,96761255.0914517,>75%,924620.0678750884,50-75%,5.5,11.5,19.3,9.026244904406765,0.167,0.0068038817757109515,0,,0.0,5.5,0.0,0.0,0.0,0.0,-5.197523053665911,-0.001
216,801350,2,2025-09-05,A,63.61970476298616,41-65,199171.4410541733,50-75%,625370.6890852773,25-50%,218229.37960778837,25-50%,12.5,8.25,59.3,0.3787961757545847,0.186,0.004388436580488713,0,,0.0,12.5,0.0,0.0,0.0,0.0,-5.197523053665911,-0.001
217,501618,2,2025-09-05,A,38.80512625972349,18-40,57882.4936944177,0-25%,70621.59416029522,0-25%,31541.11100876869,0-25%,2.75,8.0,5.7,0.2563655393185146,0.226,0.029886171372983997,0,,0.0,2.75,0.0,0.0,0.0,0.0,-5.197523053665911,-0.001
218,186085,2,2025-09-05,A,67.93115280607014,>65,308648.2593697213,50-75%,6077267.791452558,>75%,1463104.5324395031,50-75%,18.0,12.25,38.7,11.495920287776274,0.163,0.0022181314911994153,0,,0.0,18.0,0.0,0.0,0.0,0.0,-5.197523053665911,-0.001
219,748653,2,2025-09-05,A,45.24165618144141,41-65,69226.61825106658,0-25%,85625.50320893874,0-25%,34781.71448914155,0-25%,2.5,8.5,30.5,11.415684835119992,0.211,0.016592614442941793,0,,0.0,2.5,0.0,0.0,0.0,0.0,-5.197523053665911,-0.001
220,200836,2,2025-09-05,A,65.60799755618058,41-65,2827401.003096184,>75%,9928903.290577851,>75%,556455.4010432591,50-75%,3.5,4.5,39.8,3.7123816400906944,0.163,0.019549331476377007,0,,0.0,3.5,0.0,0.0,0.0,0.0,-5.197523053665911,-0.001
221,490744,2,2025-09-05,A,70.14494876354972,>65,239577.2606768279,50-75%,14630066.124504885,>75%,837015.3789039123,50-75%,3.5,5.5,5.1,3.208378645765785,0.169,0.0052808324816978084,0,,0.0,3.5,0.0,0.0,0.0,0.0,-5.197523053665911,-0.001
222,822990,2,2025-09-05,A,59.36985494516964,41-65,3782787.863629524,>75%,17024813.330674145,>75%,2635817.674424872,>75%,5.75,4.25,15.7,11.37625731292972,0.18,0.009455933575724136,0,,0.0,5.75,0.0,0.0,0.0,0.0,-5.197523053665911,-0.001
223,312721,2,2025-09-05,A,39.91014008083695,18-40,439682.7365509722,50-75%,748747.2432517637,25-50%,452276.2739113522,25-50%,3.25,6.0,15.4,1.6151789349898045,0.227,0.03613605774369083,0,,0.0,3.25,0.0,0.0,0.0,0.0,-5.197523053665911,-0.001
224,824437,2,2025-09-05,A,87.6655888465636,>65,161233.24552632123,25-50%,2207533.47377176,50-75%,222664.92421447195,25-50%,9.0,7.0,156.6,7.961862504220163,0.043,0.000800060438899204,0,,0.0,9.0,0.0,0.0,0.0,0.0,-5.197523053665911,-0.001
225,852854,2,2025-09-05,A,48.31966729449524,41-65,90653.16327304284,0-25%,182465.04906696136,0-25%,276248.48257196334,25-50%,7.0,10.75,5.8,1.1232809777206758,0.218,0.013862822413176431,0,,0.0,7.0,0.0,0.0,0.0,0.0,-5.197523053665911,-0.001
226,622924,2,2025-09-05,A,45.44533558888873,41-65,32389.83928945601,0-25%,19158.393351176383,0-25%,322773.65910346207,25-50%,10.5,6.25,13.2,4.215798215455042,0.294,0.004528729962527256,0,,0.0,10.5,0.0,0.0,0.0,0.0,-5.197523053665911,-0.001
227,996603,2,2025-09-05,A,56.81594044928273,41-65,134605.13719938986,25-50%,718613.063159921,25-50%,595874.8202863636,50-75%,9.0,12.25,14.9,13.455204100729826,0.206,0.0065523215073684336,0,,0.0,9.0,0.0,0.0,0.0,0.0,-5.197523053665911,-0.001
228,644522,2,2025-09-05,A,49.51194665136885,41-65,177422.166553697,25-50%,1062939.3902611765,25-50%,48512.41409533942,0-25%,12.5,10.25,63.0,2.71009462108104,0.192,0.011032322452125638,0,,0.0,12.5,0.0,0.0,0.0,0.0,-5.197523053665911,-0.001
229,887009,2,2025-09-05,A,52.81970392056474,41-65,129674.84848801327,25-50%,179590.15895962133,0-25%,43276.35947136877,0-25%,2.25,6.25,9.9,3.045535387854612,0.196,0.018269953033420123,0,,0.0,2.25,0.0,0.0,0.0,0.0,-5.197523053665911,-0.001
230,771610,2,2025-09-05,A,34.1780601122022,18-40,145884.61470411354,25-50%,429141.7665327352,25-50%,615605.7648057312,50-75%,9.0,7.0,34.7,0.5942903437967268,0.245,0.014020858381482119,0,,0.0,9.0,0.0,0.0,0.0,0.0,-5.197523053665911,-0.001
231,345800,2,2025-09-05,A,34.39760867757784,18-40,174084.98557696503,25-50%,451199.4960585847,25-50%,1039589.5880919574,50-75%,7.0,6.75,4.3,5.702113251313059,0.227,0.012498587589201707,0,,0.0,7.0,0.0,0.0,0.0,0.0,-5.197523053665911,-0.001
232,728508,2,2025-09-05,A,51.38142126471349,41-65,526383.0793817906,>75%,8654249.917246114,>75%,3346701.1675144103,>75%,11.0,1.5,35.0,2.896418655496428,0.206,0.006747941700780119,0,,0.0,11.0,0.0,0.0,0.0,0.0,-5.197523053665911,-0.001
233,379921,2,2025-09-05,A,68.47897722340696,>65,183909.08816735892,50-75%,22264931.032853045,>75%,7310626.997598826,>75%,16.0,6.75,8.6,10.386585498904132,0.134,0.0013190060784299734,0,,0.0,16.0,0.0,0.0,0.0,0.0,-5.197523053665911,-0.001
234,702036,2,2025-09-05,A,45.40451215081282,41-65,339179.6705891854,50-75%,1394481.062526254,50-75%,3462081.281322758,>75%,6.0,4.25,21.9,3.642510548361424,0.186,0.007523992692838677,0,,0.0,6.0,0.0,0.0,0.0,0.0,-5.197523053665911,-0.001
235,409349,2,2025-09-05,A,52.66499491150402,41-65,109533.48174682498,25-50%,317949.3649080138,0-25%,152463.56257587465,25-50%,8.25,9.0,2.3,3.5533309738893,0.231,0.01305826409367094,0,,0.0,8.25,0.0,0.0,0.0,0.0,-5.197523053665911,-0.001
236,716925,2,2025-09-05,A,70.70525204010116,>65,673166.15325473,>75%,20959298.866986603,>75%,2732179.1711648284,>75%,7.5,3.75,11.5,4.444922928480988,0.16,0.00298900615428592,0,,0.0,7.5,0.0,0.0,0.0,0.0,-5.197523053665911,-0.001
237,200705,2,2025-09-05,A,53.51992872204471,41-65,104515.85736399992,25-50%,1135892.2683372134,25-50%,505282.2464654778,50-75%,2.75,7.5,3.6,1.388796495842125,0.172,0.00994499494675978,0,,0.0,2.75,0.0,0.0,0.0,0.0,-5.197523053665911,-0.001
238,903676,2,2025-09-05,A,31.04394261800944,18-40,134990.15725125477,25-50%,105089.03209604233,0-25%,43565.82405634732,0-25%,6.25,8.0,1.4,8.348068542797193,0.28,0.04827796273670886,0,,0.0,6.25,0.0,0.0,0.0,0.0,-5.197523053665911,-0.001
239,462243,2,2025-09-05,A,43.13987401913209,41-65,154938.70829587773,25-50%,1640650.1787225937,50-75%,874897.8408581788,50-75%,9.0,6.5,87.0,10.4811608019528,0.213,0.005971539822215289,0,,0.0,9.0,0.0,0.0,0.0,0.0,-5.197523053665911,-0.001
240,290507,2,2025-09-05,A,57.696668714444215,41-65,708237.4978470284,>75%,2776514.3407780505,50-75%,306942.6717122871,25-50%,5.5,5.75,9.7,0.7572077338736528,0.202,0.02070092241281808,0,,0.0,5.5,0.0,0.0,0.0,0.0,-5.197523053665911,-0.001
241,266464,2,2025-09-05,A,63.72508265270932,41-65,3812234.4068624377,>75%,19647755.38797274,>75%,1791070.6772607197,>75%,2.75,7.25,10.6,1.911647906105869,0.18,0.021030018512525433,0,,0.0,2.75,0.0,0.0,0.0,0.0,-5.197523053665911,-0.001
242,791012,2,2025-09-05,A,58.63198676644969,41-65,5726528.04815447,>75%,13598766.548357038,>75%,5705430.404976287,>75%,4.5,7.25,0.7,2.839398333328276,0.2,0.025044164144431984,0,,0.0,4.5,0.0,0.0,0.0,0.0,-5.197523053665911,-0.001
243,404719,2,2025-09-05,A,63.77908335550879,41-65,314880.34589794,50-75%,1101791.6990851548,25-50%,803402.113383197,50-75%,12.25,13.0,14.1,4.456930538947458,0.174,0.007874119892178812,0,,0.0,12.25,0.0,0.0,0.0,0.0,-5.197523053665911,-0.001
244,128609,2,2025-09-05,A,57.37272326661292,41-65,76221.94101350063,0-25%,590371.126984279,25-50%,664818.3813555682,50-75%,6.5,9.75,17.2,6.801093180859237,0.198,0.005708485872176951,0,,0.0,6.5,0.0,0.0,0.0,0.0,-5.197523053665911,-0.001
245,333796,2,2025-09-05,A,54.521044179231474,41-65,106579.6777617078,25-50%,185238.5649895789,0-25%,1522474.9037769868,50-75%,10.5,4.0,62.3,0.4347329523502447,0.2,0.0034237647898638255,0,,0.0,10.5,0.0,0.0,0.0,0.0,-5.197523053665911,-0.001
246,543604,2,2025-09-05,A,46.11431661681316,41-65,1423584.0064669347,>75%,3167487.6914341645,50-75%,3700411.8289552648,>75%,6.25,5.25,12.7,1.4150353395089372,0.221,0.014398088949449338,1,2025-09-06,1.5,7.75,21353.76009700402,0.0,21353.76009700402,14.947632067902815,9.750109014236905,14.946632067902815
247,114499,2,2025-09-05,A,61.82351182774907,41-65,181497.42196662392,25-50%,1018262.2384807988,25-50%,23388.19351653155,0-25%,8.25,10.75,9.3,0.4341106541847336,0.182,0.01647100282199894,0,,0.0,8.25,0.0,0.0,0.0,0.0,-5.197523053665911,-0.001
248,528946,2,2025-09-05,A,38.4520330651606,18-40,1593079.8144256258,>75%,20663390.2759875,>75%,5692533.127535258,>75%,7.25,4.25,42.1,7.434735500001274,0.254,0.016378988807332583,0,,0.0,7.25,0.0,0.0,0.0,0.0,-5.197523053665911,-0.001
249,385474,2,2025-09-05,A,59.21844662400656,41-65,71914.41732148056,0-25%,742010.5546869542,25-50%,24218.9855262582,0-25%,10.25,8.0,67.3,1.11074009231779,0.204,0.005482853567891524,0,,0.0,10.25,0.0,0.0,0.0,0.0,-5.197523053665911,-0.001
250,225665,2,2025-09-05,A,41.60897302314052,41-65,64737.54579250705,0-25%,281206.0273909804,0-25%,50414.37710893633,0-25%,8.75,5.5,19.3,4.702640801755157,0.28,0.010884364274258308,0,,0.0,8.75,0.0,0.0,0.0,0.0,-5.197523053665911,-0.001
251,391847,2,2025-09-05,A,56.79627239042566,41-65,266123.53871002805,50-75%,1045788.4376602678,25-50%,38631.7868061373,0-25%,5.25,8.5,8.3,14.540333035523274,0.194,0.015794452138983495,0,,0.0,5.25,0.0,0.0,0.0,0.0,-5.197523053665911,-0.001
252,115981,2,2025-09-05,A,81.62457890959132,>65,210961.06899566436,50-75%,67927831.4498958,>75%,6053541.389823469,>75%,9.0,3.25,48.8,19.05267870430522,0.122,0.0005555472732516352,0,,0.0,9.0,0.0,0.0,0.0,0.0,-5.197523053665911,-0.001
253,504601,2,2025-09-05,A,42.17267000581423,41-65,1980685.4486207871,>75%,2002706.4713220552,50-75%,153235.56189655358,25-50%,6.5,13.25,3.3,1.5167068224148057,0.237,0.07795609447096932,0,,0.0,6.5,0.0,0.0,0.0,0.0,-5.197523053665911,-0.001
254,102666,2,2025-09-05,A,50.48855837028756,41-65,83125.7452116388,0-25%,140976.10097078144,0-25%,65301.26679105189,0-25%,4.75,9.5,20.0,0.7783428186095147,0.209,0.016059763485542965,0,,0.0,4.75,0.0,0.0,0.0,0.0,-5.197523053665911,-0.001
255,577690,2,2025-09-05,A,55.38585583736942,41-65,76267.30604085681,0-25%,191595.34535668712,0-25%,52287.45561318487,0-25%,12.0,8.75,19.2,28.10911679995486,0.175,0.0032153601060935333,0,,0.0,12.0,0.0,0.0,0.0,0.0,-5.197523053665911,-0.001
256,801641,2,2025-09-05,A,40.07518374854336,18-40,69084.93825821836,0-25%,21462.90491578589,0-25%,84979.5853593748,0-25%,5.5,4.5,44.9,1.7769358323597262,0.252,0.011032452406017215,0,,0.0,5.5,0.0,0.0,0.0,0.0,-5.197523053665911,-0.001
257,218924,2,2025-09-05,A,40.45057628804102,18-40,1689528.7330890072,>75%,73881220.11959049,>75%,1037934.2928136856,50-75%,8.5,7.25,3.1,7.5154839929271535,0.266,0.02368340761780807,0,,0.0,8.5,0.0,0.0,0.0,0.0,-5.197523053665911,-0.001
258,626180,2,2025-09-05,A,48.72023489376677,41-65,1296518.7447368864,>75%,3225299.507829487,50-75%,246966.4222511428,25-50%,8.75,11.25,11.1,0.0656479432912894,0.223,0.044236568911520086,0,,0.0,8.75,0.0,0.0,0.0,0.0,-5.197523053665911,-0.001
259,371301,2,2025-09-05,A,36.303091271061966,18-40,113614.27284975904,25-50%,594364.5828966148,25-50%,1749744.5681006263,>75%,3.5,4.75,50.9,3.859492141107864,0.242,0.015933955154364833,0,,0.0,3.5,0.0,0.0,0.0,0.0,-5.197523053665911,-0.001
260,540695,2,2025-09-05,A,49.432160636393725,41-65,1721371.6971095398,>75%,54793237.18162096,>75%,3882030.0428184425,>75%,8.0,7.0,43.1,2.071792755208597,0.203,0.012134169875091302,0,,0.0,8.0,0.0,0.0,0.0,0.0,-5.197523053665911,-0.001
261,608083,2,2025-09-05,A,43.75298052927923,41-65,61058.8778055131,0-25%,282456.6087780993,0-25%,1886319.0267076325,>75%,9.0,13.25,18.3,1.7381878554395838,0.228,0.009276968227048222,0,,0.0,9.0,0.0,0.0,0.0,0.0,-5.197523053665911,-0.001
262,578762,2,2025-09-05,A,58.25459021762233,41-65,130001.96460145644,25-50%,748721.6250806615,25-50%,14024.904653869637,0-25%,7.25,7.0,33.9,6.846100260826586,0.187,0.007779083981481749,0,,0.0,7.25,0.0,0.0,0.0,0.0,-5.197523053665911,-0.001
263,576552,2,2025-09-05,A,38.14344191134321,18-40,160318.32914795107,25-50%,402493.4091620358,25-50%,862597.7342592902,50-75%,7.75,2.75,46.0,14.558438365204465,0.245,0.007663582012364469,0,,0.0,7.75,0.0,0.0,0.0,0.0,-5.197523053665911,-0.001
264,601979,2,2025-09-05,A,65.5404030557227,41-65,297540.98403132515,50-75%,2505942.4853629568,50-75%,2470966.164733432,>75%,7.5,3.5,7.6,0.2599119053230015,0.174,0.0031057527312494068,0,,0.0,7.5,0.0,0.0,0.0,0.0,-5.197523053665911,-0.001
265,331120,2,2025-09-05,A,54.06460791065564,41-65,140629.76027426074,25-50%,214502.34793853437,0-25%,131719.96357465722,25-50%,5.75,6.25,9.5,7.984948963650955,0.199,0.012360346758801006,0,,0.0,5.75,0.0,0.0,0.0,0.0,-5.197523053665911,-0.001
266,172168,2,2025-09-05,A,60.65058627753096,41-65,645517.0798473929,>75%,1292634.6496952854,50-75%,2294227.3989228555,>75%,12.5,9.5,46.1,7.319841456552478,0.187,0.004393527706389153,0,,0.0,12.5,0.0,0.0,0.0,0.0,-5.197523053665911,-0.001
267,319778,2,2025-09-05,A,55.59131569618309,41-65,174421.47124149793,25-50%,722033.2702530765,25-50%,1185728.7155121744,50-75%,8.75,6.5,1.8,5.686398048444812,0.176,0.0042086955942993295,0,,0.0,8.75,0.0,0.0,0.0,0.0,-5.197523053665911,-0.001
268,849729,2,2025-09-05,A,42.52880472829898,41-65,2100537.587876827,>75%,6867778.945474589,>75%,1540142.0513687043,50-75%,8.25,11.75,28.9,10.75090397036814,0.216,0.037093799088015356,0,,0.0,8.25,0.0,0.0,0.0,0.0,-5.197523053665911,-0.001
269,770140,2,2025-09-05,A,60.357856123868345,41-65,90108.64756882007,0-25%,145086.97176503518,0-25%,79396.13943457033,0-25%,4.5,9.0,4.1,3.5704611554248635,0.173,0.009363779590788093,0,,0.0,4.5,0.0,0.0,0.0,0.0,-5.197523053665911,-0.001
270,393789,2,2025-09-05,A,64.31957765640003,41-65,212308.72178317056,50-75%,171429.00187019983,0-25%,404085.2286200656,25-50%,7.25,11.5,39.1,4.7054838762183895,0.14,0.007083388479372996,0,,0.0,7.25,0.0,0.0,0.0,0.0,-5.197523053665911,-0.001
271,848983,2,2025-09-05,A,24.55922420575373,18-40,297444.6300815214,50-75%,713231.3830392075,25-50%,6061133.962948306,>75%,11.5,6.25,37.0,1.983194813064622,0.281,0.018070874949222333,0,,0.0,11.5,0.0,0.0,0.0,0.0,-5.197523053665911,-0.001
272,624611,2,2025-09-05,A,53.35417556741909,41-65,221476.3696476064,50-75%,978505.7256265956,25-50%,644900.9062286036,50-75%,3.25,3.5,24.5,13.956041439460195,0.166,0.009228030854033942,0,,0.0,3.25,0.0,0.0,0.0,0.0,-5.197523053665911,-0.001
273,249096,2,2025-09-05,A,64.49502878158648,41-65,800938.5685230745,>75%,3106149.3411950506,50-75%,918993.0451821786,50-75%,4.75,4.25,80.6,11.07116065701573,0.161,0.004124290413050986,0,,0.0,4.75,0.0,0.0,0.0,0.0,-5.197523053665911,-0.001
274,644613,2,2025-09-05,A,41.55224690072737,41-65,689434.5790781502,>75%,605646.5217974901,25-50%,799064.8640367603,50-75%,15.0,12.5,36.6,2.1920096999898897,0.227,0.01721030545747746,0,,0.0,15.0,0.0,0.0,0.0,0.0,-5.197523053665911,-0.001
275,430411,2,2025-09-05,A,73.90792069412035,>65,381943.18414571614,50-75%,104437188.66270608,>75%,6287148.326977668,>75%,6.5,9.0,61.3,17.068523259664236,0.134,0.002165771007595504,0,,0.0,6.5,0.0,0.0,0.0,0.0,-5.197523053665911,-0.001
276,423906,2,2025-09-05,A,31.433278000737246,18-40,77095.4855524683,0-25%,13247.25701141818,0-25%,18355.75580115101,0-25%,8.0,7.75,29.8,1.2986316453261773,0.235,0.025844961478879967,0,,0.0,8.0,0.0,0.0,0.0,0.0,-5.197523053665911,-0.001
277,218631,2,2025-09-05,A,66.83854895605128,>65,293849.1075752728,50-75%,5742123.473503203,50-75%,808120.4862728177,50-75%,11.5,6.5,27.9,3.784594267836929,0.154,0.0032457988765410384,0,,0.0,11.5,0.0,0.0,0.0,0.0,-5.197523053665911,-0.001
278,906164,2,2025-09-05,A,32.735331312952134,18-40,333080.17136681103,50-75%,967851.9767892852,25-50%,178874.90732327037,25-50%,10.75,4.5,11.1,0.3536485774778525,0.295,0.029582997385082816,0,,0.0,10.75,0.0,0.0,0.0,0.0,-5.197523053665911,-0.001
279,631166,2,2025-09-05,A,41.50501760780824,41-65,69765.90425638249,0-25%,75021.74480873546,0-25%,96536.55900995088,0-25%,7.75,5.25,90.2,0.2953477436061987,0.254,0.009505506629033614,0,,0.0,7.75,0.0,0.0,0.0,0.0,-5.197523053665911,-0.001
280,817885,2,2025-09-05,A,62.546186053315125,41-65,177289.75707247906,25-50%,4687356.734311617,50-75%,184840.1310228397,25-50%,8.25,8.25,21.2,24.27817360506057,0.182,0.0026965687822621855,0,,0.0,8.25,0.0,0.0,0.0,0.0,-5.197523053665911,-0.001
281,459499,2,2025-09-05,A,30.76801699246619,18-40,31089.33549270786,0-25%,19137.434093265943,0-25%,26890.184636393453,0-25%,8.5,4.25,0.5,4.7504038376462105,0.246,0.01617994928959011,0,,0.0,8.5,0.0,0.0,0.0,0.0,-5.197523053665911,-0.001
282,304453,2,2025-09-05,A,48.82877798167843,41-65,35227.399252376286,0-25%,11917.95916473439,0-25%,5348.260425831766,0-25%,2.75,2.5,19.1,5.417351575834716,0.242,0.009311264119827481,0,,0.0,2.75,0.0,0.0,0.0,0.0,-5.197523053665911,-0.001
283,736032,2,2025-09-05,A,27.95942724299973,18-40,116731.94518789752,25-50%,93120.84524976827,0-25%,15038.915129643176,0-25%,8.75,9.0,12.7,9.94263297935349,0.301,0.06191192239394739,0,,0.0,8.75,0.0,0.0,0.0,0.0,-5.197523053665911,-0.001
284,139512,2,2025-09-05,A,70.00866940313004,>65,135095.46978490532,25-50%,8987245.298626697,>75%,2567185.712163441,>75%,13.0,5.75,11.1,0.6549099097558881,0.144,0.0017075741880769216,0,,0.0,13.0,0.0,0.0,0.0,0.0,-5.197523053665911,-0.001
285,493399,2,2025-09-05,A,68.35843479208452,>65,113068.01768845576,25-50%,584146.9145375794,25-50%,339355.56629719393,25-50%,11.25,4.0,4.4,1.367329513915177,0.14,0.002665360460713241,0,,0.0,11.25,0.0,0.0,0.0,0.0,-5.197523053665911,-0.001
286,969668,2,2025-09-05,A,48.26774398470598,41-65,62502.49373357914,0-25%,103525.30142432664,0-25%,13709.934968428268,0-25%,10.25,7.0,0.4,0.4134645300669665,0.232,0.011788138559448425,0,,0.0,10.25,0.0,0.0,0.0,0.0,-5.197523053665911,-0.001
287,312165,2,2025-09-05,A,51.21358573613956,41-65,311787.9643704349,50-75%,1833819.7300517445,50-75%,1425711.213963359,50-75%,10.25,6.5,1.7,3.664138134568759,0.226,0.006841309772318532,0,,0.0,10.25,0.0,0.0,0.0,0.0,-5.197523053665911,-0.001
288,981848,2,2025-09-05,A,90.33031597686748,>65,185311.09392909613,50-75%,4647505.685485769,50-75%,1783492.3738483875,>75%,12.5,10.0,2.9,0.7855013006921242,0.044,0.0007700149778610473,0,,0.0,12.5,0.0,0.0,0.0,0.0,-5.197523053665911,-0.001
289,444075,2,2025-09-05,A,75.14029576187042,>65,136224.82224061593,25-50%,3230603.084387426,50-75%,775750.80539161,50-75%,9.25,7.0,23.9,0.4587292012761234,0.123,0.0016839039800476633,0,,0.0,9.25,0.0,0.0,0.0,0.0,-5.197523053665911,-0.001
290,882497,2,2025-09-05,A,74.61707293017514,>65,503020.0817418442,50-75%,9397780.534748783,>75%,6284785.241172517,>75%,7.5,4.25,29.0,0.8792136614744621,0.149,0.0018984078606399512,0,,0.0,7.5,0.0,0.0,0.0,0.0,-5.197523053665911,-0.001
291,355650,2,2025-09-05,A,74.24822237983881,>65,2220591.937657556,>75%,55885028.9697796,>75%,2063822.9441672503,>75%,10.75,8.25,24.7,3.3325661656533496,0.113,0.004492812456570702,0,,0.0,10.75,0.0,0.0,0.0,0.0,-5.197523053665911,-0.001
292,465678,2,2025-09-05,A,38.4756283986183,18-40,119047.40359218218,25-50%,102768.17270243188,0-25%,170484.89154838343,25-50%,3.25,10.0,18.6,1.7487627002641664,0.221,0.027086730453179463,0,,0.0,3.25,0.0,0.0,0.0,0.0,-5.197523053665911,-0.001
293,613246,2,2025-09-05,A,29.105683448075084,18-40,247944.30096699015,50-75%,1084000.778267487,25-50%,350300.91570583405,25-50%,10.0,3.25,13.5,4.867658347488265,0.293,0.024039764320046234,0,,0.0,10.0,0.0,0.0,0.0,0.0,-5.197523053665911,-0.001
294,708637,2,2025-09-05,A,28.93969984722468,18-40,75559.32534787606,0-25%,53122.74728768782,0-25%,32131.898660916595,0-25%,15.5,6.25,13.5,3.4304566881334915,0.281,0.025181175905039918,0,,0.0,15.5,0.0,0.0,0.0,0.0,-5.197523053665911,-0.001
295,476204,2,2025-09-05,A,51.23646938510458,41-65,52121.41938888283,0-25%,333520.1005139031,0-25%,71536.3004677908,0-25%,11.25,8.25,28.5,6.803835376121468,0.204,0.005262875517460703,0,,0.0,11.25,0.0,0.0,0.0,0.0,-5.197523053665911,-0.001
296,144746,2,2025-09-05,A,55.21136004221977,41-65,392051.9403958921,50-75%,1145157.2489037432,25-50%,660775.3761350607,50-75%,9.0,7.5,125.6,1.2750100079713778,0.185,0.006053413285717152,0,,0.0,9.0,0.0,0.0,0.0,0.0,-5.197523053665911,-0.001
297,901260,2,2025-09-05,A,63.56518938299705,41-65,218942.0675967512,50-75%,11612763.236210354,>75%,653686.4688325291,50-75%,14.0,11.25,47.8,2.2181905773930413,0.168,0.0035235935729621224,0,,0.0,14.0,0.0,0.0,0.0,0.0,-5.197523053665911,-0.001
298,116755,2,2025-09-05,A,60.82087526138717,41-65,1228934.3028121083,>75%,4840689.677230464,50-75%,850368.2964755932,50-75%,10.5,9.0,25.0,0.5799783436217305,0.137,0.008868344695823233,0,,0.0,10.5,0.0,0.0,0.0,0.0,-5.197523053665911,-0.001
299,700342,2,2025-09-05,A,67.29813814319311,>65,91542.64583269054,0-25%,675575.2819012247,25-50%,519866.19718563056,50-75%,7.0,14.0,27.4,12.230303862494443,0.177,0.0033795177351345616,0,,0.0,7.0,0.0,0.0,0.0,0.0,-5.197523053665911,-0.001
300,637319,2,2025-09-05,A,46.98087892378906,41-65,162380.5555131414,25-50%,2073720.4648317497,50-75%,188610.7411532196,25-50%,11.0,4.0,78.7,21.58713090795498,0.215,0.0054015507237843855,0,,0.0,11.0,0.0,0.0,0.0,0.0,-5.197523053665911,-0.001
301,228867,2,2025-09-05,A,40.626646610831656,18-40,952764.518860206,>75%,1600983.6964946564,50-75%,2814577.961533303,>75%,3.5,10.0,32.8,2.469788175194916,0.233,0.031101497552688692,0,,0.0,3.5,0.0,0.0,0.0,0.0,-5.197523053665911,-0.001
302,628729,2,2025-09-05,A,57.37954808797031,41-65,559844.2077447106,>75%,3408911.40015752,50-75%,541638.1829896842,50-75%,8.25,8.0,54.2,3.560088028335805,0.169,0.0072210716015753814,0,,0.0,8.25,0.0,0.0,0.0,0.0,-5.197523053665911,-0.001
303,615101,2,2025-09-05,A,43.82728652314785,41-65,126823.90449385517,25-50%,910013.4555085688,25-50%,287883.4930657723,25-50%,7.25,12.25,17.0,6.077954783452908,0.243,0.0171842597669033,0,,0.0,7.25,0.0,0.0,0.0,0.0,-5.197523053665911,-0.001
304,415342,2,2025-09-05,A,69.60338927742723,>65,372083.78494072944,50-75%,2080002.0127672383,50-75%,1489298.8677653768,50-75%,6.5,8.75,106.7,0.8579495032828759,0.136,0.005014627196534232,0,,0.0,6.5,0.0,0.0,0.0,0.0,-5.197523053665911,-0.001
305,907427,2,2025-09-05,A,73.95534181695686,>65,249674.62395114865,50-75%,1406845.1821419352,50-75%,761637.9216078361,50-75%,8.5,3.25,8.4,0.7004977588756103,0.146,0.002402502417008519,0,,0.0,8.5,0.0,0.0,0.0,0.0,-5.197523053665911,-0.001
306,404948,2,2025-09-05,A,42.18654614514586,41-65,365255.1671877644,50-75%,11056190.603961436,>75%,2715142.152980535,>75%,3.75,11.25,20.2,8.541715000759833,0.259,0.01694875297194878,0,,0.0,3.75,0.0,0.0,0.0,0.0,-5.197523053665911,-0.001
307,351300,2,2025-09-05,A,38.18357035087623,18-40,1496494.6398356424,>75%,10089099.328388313,>75%,2174481.839178297,>75%,9.5,13.0,77.0,18.167351281796478,0.275,0.028006046303429635,0,,0.0,9.5,0.0,0.0,0.0,0.0,-5.197523053665911,-0.001
308,247630,2,2025-09-05,A,39.70318600797052,18-40,48835.92034169166,0-25%,275174.47304722795,0-25%,29819.04800812519,0-25%,7.5,1.25,104.4,5.40957896016742,0.233,0.00983585493181545,0,,0.0,7.5,0.0,0.0,0.0,0.0,-5.197523053665911,-0.001
309,855452,2,2025-09-05,A,44.1688610466055,41-65,163763.11509840618,25-50%,2325630.9145069704,50-75%,749951.002975673,50-75%,5.25,4.25,66.0,0.9212103992106606,0.211,0.007972404591027684,0,,0.0,5.25,0.0,0.0,0.0,0.0,-5.197523053665911,-0.001
310,882169,2,2025-09-05,A,66.30530563698714,>65,158677.55595768668,25-50%,1692766.1328997673,50-75%,136131.44746737852,25-50%,9.25,5.0,68.5,4.681109489145981,0.156,0.003387175487338193,0,,0.0,9.25,0.0,0.0,0.0,0.0,-5.197523053665911,-0.001
311,564066,2,2025-09-05,A,33.83485828278812,18-40,6048915.930341655,>75%,9995312.999335527,>75%,2953354.9098425847,>75%,8.75,9.75,35.6,1.030582214590375,0.247,0.09442288390259689,0,,0.0,8.75,0.0,0.0,0.0,0.0,-5.197523053665911,-0.001
312,906688,2,2025-09-05,A,59.70453258602067,41-65,516153.0253800156,>75%,1875793.7679422563,50-75%,1640644.601995794,50-75%,8.25,8.0,6.8,1.784787766387741,0.192,0.005596648091122105,0,,0.0,8.25,0.0,0.0,0.0,0.0,-5.197523053665911,-0.001
313,350994,2,2025-09-05,A,62.72134013903008,41-65,285836.0078399851,50-75%,2197766.512113621,50-75%,335191.9305171255,25-50%,5.25,5.0,13.0,8.754788345795536,0.14,0.004352347882323271,0,,0.0,5.25,0.0,0.0,0.0,0.0,-5.197523053665911,-0.001
314,444392,2,2025-09-05,A,66.8477801952306,>65,213726.48376477428,50-75%,12267304.875660134,>75%,355375.7149994712,25-50%,5.75,3.75,7.2,8.19593803217335,0.157,0.003151376679078937,0,,0.0,5.75,0.0,0.0,0.0,0.0,-5.197523053665911,-0.001
315,473133,2,2025-09-05,A,46.16727930910124,41-65,73860.64808224828,0-25%,19290.051887380192,0-25%,40827.10740893376,0-25%,2.75,8.75,68.1,4.903382417167363,0.194,0.017175885608200967,0,,0.0,2.75,0.0,0.0,0.0,0.0,-5.197523053665911,-0.001
316,524333,2,2025-09-05,A,71.55103293002202,>65,695950.727457527,>75%,76336519.20560361,>75%,953652.1899592762,50-75%,14.5,12.0,12.5,1.02170037198542,0.157,0.003983421188281792,0,,0.0,14.5,0.0,0.0,0.0,0.0,-5.197523053665911,-0.001
317,460744,2,2025-09-05,A,42.30465196845201,41-65,57821.14191065291,0-25%,44912.21515912406,0-25%,49789.783882874624,0-25%,13.0,1.75,140.2,2.720535344908767,0.2,0.008271618388526714,0,,0.0,13.0,0.0,0.0,0.0,0.0,-5.197523053665911,-0.001
318,760826,2,2025-09-05,A,56.38044833157953,41-65,385168.7545630028,50-75%,5581626.004160618,50-75%,279792.1344512838,25-50%,13.5,7.0,45.1,1.0553062828162336,0.188,0.008080569922525862,0,,0.0,13.5,0.0,0.0,0.0,0.0,-5.197523053665911,-0.001
319,850943,2,2025-09-05,A,39.486616142563136,18-40,148515.66920228043,25-50%,223795.01528452476,0-25%,26481.787458230134,0-25%,10.75,12.25,52.4,2.2164650002981725,0.255,0.03895552822110706,0,,0.0,10.75,0.0,0.0,0.0,0.0,-5.197523053665911,-0.001
320,510936,2,2025-09-05,A,27.31710127092919,18-40,33883.24269858756,0-25%,40786.86835093312,0-25%,17873.7176429462,0-25%,11.75,8.75,38.1,2.5724653045858243,0.261,0.021331448234706174,0,,0.0,11.75,0.0,0.0,0.0,0.0,-5.197523053665911,-0.001
321,744738,2,2025-09-05,A,31.58001714767629,18-40,240063.193147572,50-75%,55853.76068008006,0-25%,5573.46463679283,0-25%,10.0,8.75,46.5,5.397320357997932,0.235,0.04687748417842246,0,,0.0,10.0,0.0,0.0,0.0,0.0,-5.197523053665911,-0.001
322,547945,2,2025-09-05,A,32.16180935786165,18-40,66243.28760924969,0-25%,170553.14531611704,0-25%,6865.775427852143,0-25%,4.25,3.5,30.6,2.271050462810228,0.252,0.028114022287568843,0,,0.0,4.25,0.0,0.0,0.0,0.0,-5.197523053665911,-0.001
323,185881,2,2025-09-05,A,64.99821683161524,41-65,154271.3532644012,25-50%,1085480.6486448674,25-50%,129098.69009612416,25-50%,3.25,9.5,25.4,2.5096019159716545,0.152,0.008299042962636505,0,,0.0,3.25,0.0,0.0,0.0,0.0,-5.197523053665911,-0.001
324,979647,2,2025-09-05,A,87.4359211889927,>65,331356.643784252,50-75%,11517450.828142216,>75%,2197025.774868982,>75%,4.0,9.0,43.8,24.25550718551833,0.096,0.001116727495887906,0,,0.0,4.0,0.0,0.0,0.0,0.0,-5.197523053665911,-0.001
325,531018,2,2025-09-05,A,59.429033350040406,41-65,122504.85357550254,25-50%,195190.01152833208,0-25%,243226.09050264425,25-50%,6.0,9.0,0.9,7.0258834333900255,0.142,0.008108330796933518,0,,0.0,6.0,0.0,0.0,0.0,0.0,-5.197523053665911,-0.001
326,853194,2,2025-09-05,A,34.99988398110823,18-40,93571.42630968645,0-25%,965062.9615709255,25-50%,150613.0168908323,25-50%,9.75,7.0,40.4,6.382519710959701,0.295,0.012886733830776872,0,,0.0,9.75,0.0,0.0,0.0,0.0,-5.197523053665911,-0.001
327,108908,2,2025-09-05,A,61.39126069727276,41-65,62755.27974672688,0-25%,434347.2850180997,25-50%,80403.38259902045,0-25%,2.25,8.25,16.8,3.7099178839120888,0.154,0.007353496911980758,0,,0.0,2.25,0.0,0.0,0.0,0.0,-5.197523053665911,-0.001
328,538601,2,2025-09-05,A,40.48398945823069,18-40,42625.7785692465,0-25%,172678.8118514762,0-25%,69404.82461158476,0-25%,16.0,6.75,26.1,2.92092318052994,0.226,0.009235394029736364,0,,0.0,16.0,0.0,0.0,0.0,0.0,-5.197523053665911,-0.001
329,797011,2,2025-09-05,A,55.55703454647345,41-65,87515.8096773477,0-25%,682622.9457449934,25-50%,835185.854835626,50-75%,10.0,7.25,3.7,0.117416224740996,0.206,0.0038576218886419477,0,,0.0,10.0,0.0,0.0,0.0,0.0,-5.197523053665911,-0.001
1455,574894,2,2025-09-05,B,57.36368659503358,41-65,1690408.1084113957,>75%,3137719.418348851,50-75%,1188663.320210075,50-75%,2.75,16.0,23.2,6.945258387922086,0.195,0.05582387095194208,0,,0.0,2.75,0.0,0.0,0.0,0.0,-5.197523053665911,-0.001
1456,547740,2,2025-09-05,B,61.65828647360715,41-65,84151.5729038462,0-25%,1296862.4354425955,50-75%,495775.059941382,50-75%,12.25,8.75,45.2,2.3233925250447487,0.163,0.008205794803226424,0,,0.0,12.25,0.0,0.0,0.0,0.0,-5.197523053665911,-0.001
1457,334662,2,2025-09-05,B,61.44657497262022,41-65,514480.96594938537,>75%,5077254.097186384,50-75%,2254565.172673593,>75%,9.5,7.25,8.6,0.6776489332085958,0.159,0.014710723075331417,0,,0.0,9.5,0.0,0.0,0.0,0.0,-5.197523053665911,-0.001
1458,722028,2,2025-09-05,B,46.22801329415117,41-65,54218.062292647184,0-25%,173925.8823494412,0-25%,332994.79392563354,25-50%,12.75,4.75,9.9,5.3254034180716,0.206,0.01593711396819756,0,,0.0,12.75,0.0,0.0,0.0,0.0,-5.197523053665911,-0.001
1459,983672,2,2025-09-05,B,59.62573867996664,41-65,62643.49629180817,0-25%,63953.6772997701,0-25%,162503.31124951135,25-50%,9.0,4.0,35.5,22.9572125802475,0.158,0.006185696532785447,0,,0.0,9.0,0.0,0.0,0.0,0.0,-5.197523053665911,-0.001
1460,196854,2,2025-09-05,B,47.97021549038663,41-65,46704.26978930651,0-25%,211390.26960937632,0-25%,19408.12855389441,0-25%,3.25,8.0,25.2,0.1622991251285617,0.22,0.0542502969049154,0,,0.0,3.25,0.0,0.0,0.0,0.0,-5.197523053665911,-0.001
1461,940107,2,2025-09-05,B,79.73845772507262,>65,53995.576950336894,0-25%,2547223.530707757,50-75%,1745490.2035350106,>75%,8.25,11.5,16.6,4.66769846185522,0.14,0.004103789400962294,0,,0.0,8.25,0.0,0.0,0.0,0.0,-5.197523053665911,-0.001
1462,402782,2,2025-09-05,B,53.44546602812196,41-65,108590.74983056092,25-50%,463986.1437619687,25-50%,27078.25012246882,0-25%,11.25,4.5,3.1,4.378545681896559,0.203,0.02678073522195024,0,,0.0,11.25,0.0,0.0,0.0,0.0,-5.197523053665911,-0.001
1463,613881,2,2025-09-05,B,71.01173956193084,>65,191525.65337449423,50-75%,2168575.8964365646,50-75%,2923496.409659909,>75%,4.0,7.25,25.8,4.583355675960535,0.129,0.00973667546900813,0,,0.0,4.0,0.0,0.0,0.0,0.0,-5.197523053665911,-0.001
1464,702557,2,2025-09-05,B,49.43853746755125,41-65,117502.40912159711,25-50%,1119632.095880487,25-50%,640014.985462394,50-75%,13.0,8.75,11.6,0.0812581769276793,0.174,0.018713315629338197,0,,0.0,13.0,0.0,0.0,0.0,0.0,-5.197523053665911,-0.001
1465,620302,2,2025-09-05,B,70.9283519265876,>65,316551.43337247,50-75%,860097.2163905888,25-50%,431971.30907321867,25-50%,9.25,7.5,55.7,2.872334761379086,0.174,0.00913794582130397,0,,0.0,9.25,0.0,0.0,0.0,0.0,-5.197523053665911,-0.001
1466,323532,2,2025-09-05,B,68.5862739657133,>65,4123416.111462002,>75%,70630682.46796188,>75%,10232869.338307813,>75%,6.0,4.5,167.2,1.6795859333594023,0.165,0.01299813839185862,0,,0.0,6.0,0.0,0.0,0.0,0.0,-5.197523053665911,-0.001
1467,416346,2,2025-09-05,B,32.676877767404235,18-40,114929.68086622396,25-50%,91983.30475845328,0-25%,621949.23961067,50-75%,10.25,5.25,25.8,0.6919826199792732,0.292,0.040785560985715855,0,,0.0,10.25,0.0,0.0,0.0,0.0,-5.197523053665911,-0.001
1468,125280,2,2025-09-05,B,68.63544693808278,>65,444403.3000913011,50-75%,7072546.749361278,>75%,4601804.746374271,>75%,9.75,10.25,37.8,3.228927886818018,0.17,0.01447226665253313,0,,0.0,9.75,0.0,0.0,0.0,0.0,-5.197523053665911,-0.001
1469,333086,2,2025-09-05,B,53.09194024362348,41-65,93721.3815887716,0-25%,1335467.5493495716,50-75%,29346.57386966445,0-25%,7.5,9.0,30.9,0.1800152641119486,0.198,0.0514482809916917,0,,0.0,7.5,0.0,0.0,0.0,0.0,-5.197523053665911,-0.001
1470,855102,2,2025-09-05,B,47.50126981585832,41-65,165750.16821295547,25-50%,701874.1858178154,25-50%,48101.42040744032,0-25%,3.25,11.25,47.1,3.790781516007183,0.203,0.06829924152170629,0,,0.0,3.25,0.0,0.0,0.0,0.0,-5.197523053665911,-0.001
1471,493683,2,2025-09-05,B,58.41756391691965,41-65,81893.90583953403,0-25%,1003462.6064216116,25-50%,159967.53089407683,25-50%,7.25,8.75,5.1,1.489219924999181,0.17,0.026653449103533188,0,,0.0,7.25,0.0,0.0,0.0,0.0,-5.197523053665911,-0.001
1472,984744,2,2025-09-05,B,77.19005910309924,>65,344643.7412694844,50-75%,102532844.12969927,>75%,6433470.482407033,>75%,5.75,5.0,109.3,2.4170250997277214,0.109,0.0034782978663111495,0,,0.0,5.75,0.0,0.0,0.0,0.0,-5.197523053665911,-0.001
1473,471091,2,2025-09-05,B,49.24858785508472,41-65,1474104.6750596175,>75%,1220747.811192987,25-50%,1445782.4718047185,50-75%,12.0,4.25,21.6,2.962869391017473,0.201,0.04273075761143269,1,2025-09-10,4.0,16.0,58964.1870023847,0.0,58964.1870023847,41.27493090166929,36.07740784800338,41.273930901669296
1474,273877,2,2025-09-05,B,78.39484602216572,>65,1731544.828101512,>75%,27955315.10249936,>75%,685039.0383142387,50-75%,7.75,5.75,7.2,0.4421994637671887,0.095,0.013952127689080012,0,,0.0,7.75,0.0,0.0,0.0,0.0,-5.197523053665911,-0.001
1475,989914,2,2025-09-05,B,36.66701044103511,18-40,18167222.38074299,>75%,10178875.51221046,>75%,10466347.80303803,>75%,11.5,5.25,62.5,2.22244558210446,0.229,0.13404295275664507,0,,0.0,11.5,0.0,0.0,0.0,0.0,-5.197523053665911,-0.001
1476,299526,2,2025-09-05,B,58.41071750597315,41-65,614676.4345953835,>75%,1850985.412504738,50-75%,675044.0122857981,50-75%,10.0,7.75,2.6,1.3450150810659065,0.191,0.023858825221794985,0,,0.0,10.0,0.0,0.0,0.0,0.0,-5.197523053665911,-0.001
1477,290663,2,2025-09-05,B,63.41488506755333,41-65,376001.80020837206,50-75%,845294.8348888373,25-50%,1982798.3226799704,>75%,12.25,9.25,8.0,4.958713197131813,0.159,0.01075932482977363,0,,0.0,12.25,0.0,0.0,0.0,0.0,-5.197523053665911,-0.001
1478,166223,2,2025-09-05,B,26.92150052337193,18-40,651204.2009066287,>75%,508676.311996239,25-50%,2603943.3781833323,>75%,11.0,5.0,15.9,4.871594092249232,0.259,0.07561116901846225,0,,0.0,11.0,0.0,0.0,0.0,0.0,-5.197523053665911,-0.001
1479,246894,2,2025-09-05,B,87.44237364299728,>65,1668370.436208533,>75%,23542958.598564614,>75%,2401147.5358158,>75%,9.0,4.0,7.3,2.1171796996122327,0.074,0.006357570052757558,0,,0.0,9.0,0.0,0.0,0.0,0.0,-5.197523053665911,-0.001
1480,305078,2,2025-09-05,B,58.51571042664782,41-65,258923.76356689332,50-75%,15505144.30501236,>75%,1483711.5734037943,50-75%,7.75,14.0,38.0,2.6131046392879616,0.176,0.024566598779088202,0,,0.0,7.75,0.0,0.0,0.0,0.0,-5.197523053665911,-0.001
1481,144339,2,2025-09-05,B,71.50311682796539,>65,102127.9132645879,25-50%,1047384.0759478814,25-50%,65750.65926959678,0-25%,5.5,6.5,14.2,10.494301093625744,0.15,0.014560193371855738,0,,0.0,5.5,0.0,0.0,0.0,0.0,-5.197523053665911,-0.001
1482,839173,2,2025-09-05,B,78.46306447706588,>65,1287552.9864500298,>75%,2640533.186497095,50-75%,3066022.599202388,>75%,6.25,9.0,29.6,5.07705766039306,0.113,0.014897293170142607,0,,0.0,6.25,0.0,0.0,0.0,0.0,-5.197523053665911,-0.001
1483,539364,2,2025-09-05,B,62.21280905098079,41-65,228091.21188107916,50-75%,1504695.889314162,50-75%,240633.5530557453,25-50%,12.75,6.25,51.6,2.793100568289121,0.16,0.014069528809610389,0,,0.0,12.75,0.0,0.0,0.0,0.0,-5.197523053665911,-0.001
1484,390634,2,2025-09-05,B,56.58082731602623,41-65,205294.39424227772,50-75%,1008538.600316408,25-50%,390125.9813169111,25-50%,12.5,9.5,15.0,8.972257579335226,0.183,0.014785237170435984,0,,0.0,12.5,0.0,0.0,0.0,0.0,-5.197523053665911,-0.001
1485,386255,2,2025-09-05,B,66.05388227008974,>65,193406.90525641732,50-75%,5226116.362719062,50-75%,6534570.992305084,>75%,5.25,7.25,10.4,4.9196248946082015,0.175,0.01076288395140176,0,,0.0,5.25,0.0,0.0,0.0,0.0,-5.197523053665911,-0.001
1486,283756,2,2025-09-05,B,36.3969980618208,18-40,38157.30967677796,0-25%,138888.0512879405,0-25%,7629.529792375529,0-25%,13.5,11.25,10.7,5.724339553251119,0.285,0.04926803705845983,0,,0.0,13.5,0.0,0.0,0.0,0.0,-5.197523053665911,-0.001
1487,747590,2,2025-09-05,B,81.29236040618561,>65,72387.35197231219,0-25%,648665.347191792,25-50%,344431.8627161761,25-50%,6.25,11.0,8.5,0.2022481380102254,0.119,0.007001333562969128,0,,0.0,6.25,0.0,0.0,0.0,0.0,-5.197523053665911,-0.001
1488,310358,2,2025-09-05,B,34.41237217016039,18-40,60303.60221798587,0-25%,157344.9436717936,0-25%,26030.922032673938,0-25%,7.75,6.5,16.8,1.542323508609432,0.245,0.05549277779024095,0,,0.0,7.75,0.0,0.0,0.0,0.0,-5.197523053665911,-0.001
1489,219907,2,2025-09-05,B,75.95154171797334,>65,66283.63142187549,0-25%,209607.047632678,0-25%,64639.01524003736,0-25%,7.75,8.5,6.9,4.525762776477638,0.104,0.011421613077336122,0,,0.0,7.75,0.0,0.0,0.0,0.0,-5.197523053665911,-0.001
1490,863454,2,2025-09-05,B,63.12680490344397,41-65,137505.27187306262,25-50%,651989.6778127954,25-50%,371163.35127781687,25-50%,6.75,9.0,80.7,2.482909788593819,0.112,0.018486097285047777,0,,0.0,6.75,0.0,0.0,0.0,0.0,-5.197523053665911,-0.001
1491,996689,2,2025-09-05,B,44.288502802150525,41-65,1480009.1363517214,>75%,19379867.33270384,>75%,1288137.1925747269,50-75%,13.75,4.0,31.3,12.568980790305456,0.231,0.04336791651804532,0,,0.0,13.75,0.0,0.0,0.0,0.0,-5.197523053665911,-0.001
1492,535639,2,2025-09-05,B,81.37853126064049,>65,35367.24174306041,0-25%,306331.1195089631,0-25%,73031.51098707346,0-25%,12.25,3.75,65.6,0.7351879290623792,0.083,0.00315588703962213,0,,0.0,12.25,0.0,0.0,0.0,0.0,-5.197523053665911,-0.001
1493,286409,2,2025-09-05,B,71.89367526961932,>65,232427.1092435669,50-75%,4822524.323825835,50-75%,983205.8950642196,50-75%,2.5,5.75,122.3,0.7139671792865785,0.093,0.01166675448903698,0,,0.0,2.5,0.0,0.0,0.0,0.0,-5.197523053665911,-0.001
1494,178417,2,2025-09-05,B,46.46143653166463,41-65,83294.42430260325,0-25%,431361.99216539966,25-50%,39434.4332983818,0-25%,3.5,7.5,22.0,0.3012928799736065,0.241,0.06414659069775418,1,2025-10-04,2.25,5.75,1874.124546808573,1874.124546808573,3748.249093617146,2.6237743655320025,-2.5737486881339082,2.6227743655320026
1495,252909,2,2025-09-05,B,86.82169043271831,>65,68963.6786744854,0-25%,624345.943938785,25-50%,95404.58288830968,0-25%,5.75,15.75,3.0,5.70724476043416,0.132,0.00604785960439028,0,,0.0,5.75,0.0,0.0,0.0,0.0,-5.197523053665911,-0.001
1496,990600,2,2025-09-05,B,63.69899002511501,41-65,83638.0589696871,0-25%,159079.98418675023,0-25%,9701.576757297033,0-25%,9.25,7.75,7.7,0.2205127150029919,0.149,0.01973222945968083,0,,0.0,9.25,0.0,0.0,0.0,0.0,-5.197523053665911,-0.001
1497,212457,2,2025-09-05,B,67.72430140444357,>65,144037.11309355998,25-50%,3858186.79579608,50-75%,608398.4666835953,50-75%,9.5,12.0,21.3,1.9707009200260877,0.179,0.015367088348604535,0,,0.0,9.5,0.0,0.0,0.0,0.0,-5.197523053665911,-0.001
1498,543068,2,2025-09-05,B,62.83067093111534,41-65,83363.65301101988,0-25%,701953.3273065715,25-50%,3279330.214531816,>75%,7.5,14.5,82.9,8.446689408870396,0.168,0.008061477842757197,0,,0.0,7.5,0.0,0.0,0.0,0.0,-5.197523053665911,-0.001
1499,926933,2,2025-09-05,B,48.22256542589449,41-65,1854355.9056100317,>75%,1540994.785037205,50-75%,667989.7871288207,50-75%,8.75,7.0,5.7,1.8730327780391205,0.215,0.06143808484593276,0,,0.0,8.75,0.0,0.0,0.0,0.0,-5.197523053665911,-0.001
1500,573253,2,2025-09-05,B,44.737445745579066,41-65,40971.66060230339,0-25%,116843.67346659327,0-25%,16725.689395659334,0-25%,14.25,16.25,24.8,10.79852560281279,0.217,0.04796354598773136,0,,0.0,14.25,0.0,0.0,0.0,0.0,-5.197523053665911,-0.001
1501,252165,2,2025-09-05,B,60.46964384155376,41-65,482889.9288506439,50-75%,2438426.6919236174,50-75%,1087978.5092063255,50-75%,7.75,1.0,152.2,13.700380496822817,0.153,0.009532134276734881,0,,0.0,7.75,0.0,0.0,0.0,0.0,-5.197523053665911,-0.001
1502,214605,2,2025-09-05,B,70.55218074715236,>65,235708.9898779133,50-75%,1223402.436880497,25-50%,6627546.241665088,>75%,1.75,7.5,80.9,5.972718473401844,0.137,0.007888178416144117,0,,0.0,1.75,0.0,0.0,0.0,0.0,-5.197523053665911,-0.001
1503,307357,2,2025-09-05,B,68.09372545376559,>65,170108.85725336315,25-50%,14638710.552542072,>75%,4094947.329168567,>75%,7.75,3.75,1.7,0.1739712364499388,0.149,0.005863677981891991,0,,0.0,7.75,0.0,0.0,0.0,0.0,-5.197523053665911,-0.001
1504,135183,2,2025-09-05,B,72.09221520894053,>65,470339.7738298085,50-75%,10207420.944197431,>75%,4140995.162649728,>75%,5.0,9.25,27.4,8.356807099028636,0.122,0.011466229927256561,0,,0.0,5.0,0.0,0.0,0.0,0.0,-5.197523053665911,-0.001
1505,552853,2,2025-09-05,B,53.20333185284432,41-65,198618.16029370032,50-75%,2133134.7846930632,50-75%,61573.43092760718,0-25%,12.25,10.75,10.1,3.4238739697149736,0.188,0.029722858730822643,0,,0.0,12.25,0.0,0.0,0.0,0.0,-5.197523053665911,-0.001
1506,778742,2,2025-09-05,B,59.14257440025126,41-65,52915.81348277519,0-25%,376921.695392958,25-50%,241969.37076090265,25-50%,2.25,7.0,26.1,2.833103029124311,0.178,0.01808262708074881,0,,0.0,2.25,0.0,0.0,0.0,0.0,-5.197523053665911,-0.001
1507,315761,2,2025-09-05,B,79.62623212805542,>65,143821.84572033456,25-50%,6355748.824809327,>75%,2678297.486745884,>75%,12.0,9.25,21.2,2.2293030269599323,0.132,0.0030496411053808565,0,,0.0,12.0,0.0,0.0,0.0,0.0,-5.197523053665911,-0.001
1508,992787,2,2025-09-05,B,72.95142188775996,>65,62872.24045144318,0-25%,2006922.9449253853,50-75%,397531.30462430016,25-50%,10.5,6.5,9.5,0.1980635604595669,0.137,0.004866293936557008,0,,0.0,10.5,0.0,0.0,0.0,0.0,-5.197523053665911,-0.001
1509,109463,2,2025-09-05,B,63.10858494293359,41-65,113111.23805862338,25-50%,673187.9281304013,25-50%,506456.8082853713,50-75%,9.5,5.0,57.6,2.719263331093733,0.168,0.008343906289629721,1,2025-09-22,1.75,11.25,1979.4466660259093,0.0,1979.4466660259093,1.3856126662181367,-3.811910387447774,1.3846126662181368
1510,398026,2,2025-09-05,B,58.147330430230376,41-65,3611416.7693639104,>75%,83156955.07055746,>75%,5593055.591697601,>75%,10.0,3.75,30.8,7.342793301504042,0.151,0.02677468823638378,0,,0.0,10.0,0.0,0.0,0.0,0.0,-5.197523053665911,-0.001
1511,657296,2,2025-09-05,B,58.75298442086237,41-65,45868.72106516282,0-25%,382722.18741842336,25-50%,77534.23362033507,0-25%,4.25,8.0,161.7,2.168520334713788,0.202,0.017203628128774615,0,,0.0,4.25,0.0,0.0,0.0,0.0,-5.197523053665911,-0.001
1512,906704,2,2025-09-05,B,51.77643149894956,41-65,216304.34174183852,50-75%,5265707.524561256,50-75%,199842.84810324144,25-50%,4.75,6.25,61.0,6.61992161075162,0.2,0.04204834122778348,0,,0.0,4.75,0.0,0.0,0.0,0.0,-5.197523053665911,-0.001
1513,146033,2,2025-09-05,B,38.9310237808464,18-40,70611.52589708261,0-25%,96327.33020602062,0-25%,3373.5543162876384,0-25%,5.75,10.25,82.0,2.351937014730621,0.237,0.11881012982214613,0,,0.0,5.75,0.0,0.0,0.0,0.0,-5.197523053665911,-0.001
1514,275670,2,2025-09-05,B,62.247121667533015,41-65,204445.44471494405,50-75%,993792.6561673896,25-50%,2348590.7612560717,>75%,5.75,5.0,17.6,3.260129204560525,0.15,0.0086295507042024,0,,0.0,5.75,0.0,0.0,0.0,0.0,-5.197523053665911,-0.001
1515,703183,2,2025-09-05,B,28.548674222162504,18-40,439683.106354407,50-75%,1096776.3835335083,25-50%,444366.0690812902,25-50%,8.0,4.5,2.5,0.2060367020433216,0.308,0.09758848037530472,0,,0.0,8.0,0.0,0.0,0.0,0.0,-5.197523053665911,-0.001
1516,120545,2,2025-09-05,B,59.06982879337475,41-65,131691.21802419913,25-50%,11752590.40769238,>75%,1244751.2956138165,50-75%,9.5,9.75,94.3,3.981926141930893,0.151,0.016026004364923088,0,,0.0,9.5,0.0,0.0,0.0,0.0,-5.197523053665911,-0.001
1517,141973,2,2025-09-05,B,33.07422683941125,18-40,90910.9452528958,0-25%,55398.56318715408,0-25%,95467.24764534546,0-25%,6.0,6.25,12.0,2.365516740052644,0.22,0.10066096821596549,0,,0.0,6.0,0.0,0.0,0.0,0.0,-5.197523053665911,-0.001
1518,353256,2,2025-09-05,B,68.54046417701421,>65,4960351.371167223,>75%,108574824.40094347,>75%,8385032.516307321,>75%,5.5,3.0,42.2,0.2348263739056404,0.15,0.019602177259828147,0,,0.0,5.5,0.0,0.0,0.0,0.0,-5.197523053665911,-0.001
1519,163767,2,2025-09-05,B,38.28912920740874,18-40,341033.1707692797,50-75%,77662.48477299274,0-25%,448917.3134925942,25-50%,12.5,11.75,21.1,0.6184970394476522,0.255,0.053138224272005485,0,,0.0,12.5,0.0,0.0,0.0,0.0,-5.197523053665911,-0.001
1520,118250,2,2025-09-05,B,64.433397227821,41-65,281712.88655469153,50-75%,5882705.11721122,>75%,4934818.590571464,>75%,8.75,10.25,27.5,0.3481177482729417,0.169,0.015826187264497922,0,,0.0,8.75,0.0,0.0,0.0,0.0,-5.197523053665911,-0.001
1521,574587,2,2025-09-05,B,76.17497415835089,>65,2968979.619247118,>75%,8447189.07859539,>75%,4204259.028143835,>75%,6.5,6.5,43.7,10.585933206539586,0.131,0.009578366608897299,0,,0.0,6.5,0.0,0.0,0.0,0.0,-5.197523053665911,-0.001
1522,347846,2,2025-09-05,B,57.99857910278133,41-65,143806.67437097733,25-50%,267033.6278127436,0-25%,60225.25352234283,0-25%,6.5,6.5,30.2,2.048419876343247,0.207,0.0203944355742719,0,,0.0,6.5,0.0,0.0,0.0,0.0,-5.197523053665911,-0.001
1523,242932,2,2025-09-05,B,68.36181135669966,>65,41364.35534508336,0-25%,2257090.87608746,50-75%,896838.7244990406,50-75%,1.75,7.5,7.2,0.2590776414060442,0.11,0.008534478943744232,0,,0.0,1.75,0.0,0.0,0.0,0.0,-5.197523053665911,-0.001
1524,365222,2,2025-09-05,B,48.78576837570719,41-65,291626.60251601425,50-75%,1375866.218892628,50-75%,346948.8466534725,25-50%,8.5,9.5,1.4,0.9246831552543532,0.205,0.06302487162137194,0,,0.0,8.5,0.0,0.0,0.0,0.0,-5.197523053665911,-0.001
1525,858990,2,2025-09-05,B,50.98545040999348,41-65,184239.4377078152,50-75%,528942.1346253244,25-50%,184275.26194373815,25-50%,4.25,4.75,42.0,1.0297791978615534,0.205,0.04933699324373422,0,,0.0,4.25,0.0,0.0,0.0,0.0,-5.197523053665911,-0.001
1526,114038,2,2025-09-05,B,55.77639330040735,41-65,65748.07599038545,0-25%,1369562.6969463355,50-75%,684354.7200291707,50-75%,13.0,10.5,8.1,1.092689802611195,0.186,0.010254270017682133,0,,0.0,13.0,0.0,0.0,0.0,0.0,-5.197523053665911,-0.001
1527,295506,2,2025-09-05,B,45.7826172621866,41-65,3858830.201392706,>75%,29256200.024793293,>75%,7045150.920708548,>75%,7.0,6.25,51.2,2.6013711440814444,0.236,0.05169584701138254,0,,0.0,7.0,0.0,0.0,0.0,0.0,-5.197523053665911,-0.001
1528,401934,2,2025-09-05,B,59.51482316643517,41-65,4291848.367189404,>75%,132625986.3004167,>75%,5721213.101966514,>75%,6.25,12.0,6.1,7.824631516047546,0.195,0.05414361335983776,0,,0.0,6.25,0.0,0.0,0.0,0.0,-5.197523053665911,-0.001
1529,307335,2,2025-09-05,B,55.78437297837527,41-65,30990.00309130593,0-25%,120361.72322666936,0-25%,987202.9004109448,50-75%,17.75,9.25,22.4,7.592290768142451,0.217,0.005620789884242564,0,,0.0,17.75,0.0,0.0,0.0,0.0,-5.197523053665911,-0.001
1530,247420,2,2025-09-05,B,44.57627042695503,41-65,66177.69576790744,0-25%,727731.2162207533,25-50%,356597.13368601166,25-50%,5.75,6.5,25.3,6.514806084826555,0.226,0.03439447136754685,0,,0.0,5.75,0.0,0.0,0.0,0.0,-5.197523053665911,-0.001
1531,836628,2,2025-09-05,B,42.6728871492159,41-65,32795.0214593888,0-25%,175214.6271230384,0-25%,40508.13172454983,0-25%,14.0,4.25,32.9,2.480893899389815,0.228,0.02472245327014189,0,,0.0,14.0,0.0,0.0,0.0,0.0,-5.197523053665911,-0.001
1532,624957,2,2025-09-05,B,69.30001049834094,>65,2466415.8142106817,>75%,15169898.444909029,>75%,1738414.938072494,>75%,12.0,5.75,4.3,0.0975099126751816,0.141,0.021212063594601267,0,,0.0,12.0,0.0,0.0,0.0,0.0,-5.197523053665911,-0.001
1533,391834,2,2025-09-05,B,61.92967200573569,41-65,1842490.5917666992,>75%,110100689.39587362,>75%,1159562.592961412,50-75%,4.5,11.0,21.8,0.0989382590938041,0.179,0.0552102198208073,0,,0.0,4.5,0.0,0.0,0.0,0.0,-5.197523053665911,-0.001
1534,960498,2,2025-09-05,B,28.90250893888035,18-40,175793.23430833407,25-50%,94342.15610362176,0-25%,70968.03922138186,0-25%,8.0,6.25,26.9,2.2143020867292464,0.287,0.08767157009069071,0,,0.0,8.0,0.0,0.0,0.0,0.0,-5.197523053665911,-0.001
1535,726464,2,2025-09-05,B,44.63166517146223,41-65,99924.1177537745,25-50%,121780.45910376526,0-25%,875353.6494601398,50-75%,5.75,10.25,10.3,4.21714792867222,0.214,0.036781231404251685,0,,0.0,5.75,0.0,0.0,0.0,0.0,-5.197523053665911,-0.001
1536,365462,2,2025-09-05,B,30.74848928160325,18-40,49026.14284127945,0-25%,414590.3782125332,25-50%,41320.12803311301,0-25%,9.0,11.5,19.3,3.2550166893964394,0.295,0.10003020731754052,0,,0.0,9.0,0.0,0.0,0.0,0.0,-5.197523053665911,-0.001
1537,856089,2,2025-09-05,B,65.78756644155561,41-65,367861.3858767418,50-75%,6500553.478129679,>75%,274953.69489998143,25-50%,7.0,6.25,17.1,4.8414249430355065,0.164,0.014320282918769888,0,,0.0,7.0,0.0,0.0,0.0,0.0,-5.197523053665911,-0.001
1538,997474,2,2025-09-05,B,76.57599135470988,>65,68403.12827918828,0-25%,190556.94166521527,0-25%,37956.29302668516,0-25%,7.75,4.25,28.7,15.78797825762958,0.15,0.004567923135075114,0,,0.0,7.75,0.0,0.0,0.0,0.0,-5.197523053665911,-0.001
1539,194951,2,2025-09-05,B,47.54865491943603,41-65,179712.29082861068,25-50%,2775302.52482772,50-75%,1023608.5316614256,50-75%,8.25,7.25,4.1,4.995131805488698,0.226,0.020046003392035053,0,,0.0,8.25,0.0,0.0,0.0,0.0,-5.197523053665911,-0.001
1540,688749,2,2025-09-05,B,73.33310314345384,>65,404137.9429363296,50-75%,112975136.50790732,>75%,4579360.990317386,>75%,11.0,11.5,13.1,7.192348040684736,0.155,0.010455241322901307,0,,0.0,11.0,0.0,0.0,0.0,0.0,-5.197523053665911,-0.001
1541,503358,2,2025-09-05,B,58.59702467292478,41-65,95694.46047017508,25-50%,126894.77533445333,0-25%,76902.05934897927,0-25%,10.5,10.0,1.3,6.009495632853715,0.168,0.015110646282556971,0,,0.0,10.5,0.0,0.0,0.0,0.0,-5.197523053665911,-0.001
1542,212009,2,2025-09-05,B,32.71863788312908,18-40,278047.21005988284,50-75%,91337.78597101512,0-25%,286434.09987192834,25-50%,9.5,6.5,9.5,1.2855575030285011,0.262,0.07028672382243892,0,,0.0,9.5,0.0,0.0,0.0,0.0,-5.197523053665911,-0.001
1543,255578,2,2025-09-05,B,58.84673259846956,41-65,244733.8021115072,50-75%,3148608.2914858875,50-75%,3392789.062652527,>75%,10.75,6.0,33.5,1.6580944422185782,0.149,0.010302954040661913,0,,0.0,10.75,0.0,0.0,0.0,0.0,-5.197523053665911,-0.001
1544,236543,2,2025-09-05,B,68.50108199980137,>65,1295953.5607833397,>75%,8845273.21126622,>75%,359814.10419422376,25-50%,13.0,12.25,31.7,6.129548781619561,0.195,0.019147507488264714,0,,0.0,13.0,0.0,0.0,0.0,0.0,-5.197523053665911,-0.001
1545,961439,2,2025-09-05,B,41.1951366157408,41-65,68455.1842071153,0-25%,40059.33734818197,0-25%,26605.51506024762,0-25%,3.5,9.25,16.1,9.17326011379592,0.256,0.06748393673859152,0,,0.0,3.5,0.0,0.0,0.0,0.0,-5.197523053665911,-0.001
1546,205520,2,2025-09-05,B,30.079320191602548,18-40,88411.15931498777,0-25%,18480.489085848854,0-25%,16079.591650225488,0-25%,12.25,15.0,14.4,6.326075498048551,0.268,0.1463482799483941,0,,0.0,12.25,0.0,0.0,0.0,0.0,-5.197523053665911,-0.001
1547,396528,2,2025-09-05,B,49.42626619927469,41-65,62331.13428414513,0-25%,111385.15292246571,0-25%,52619.84491191719,0-25%,12.75,5.75,9.3,11.722833948273038,0.209,0.01836934674783197,0,,0.0,12.75,0.0,0.0,0.0,0.0,-5.197523053665911,-0.001
1548,150891,2,2025-09-05,B,34.20872777958197,18-40,41636.84590226099,0-25%,13880.576726823532,0-25%,35183.002559336455,0-25%,6.5,12.5,35.5,3.241919249033491,0.261,0.08007645748293878,0,,0.0,6.5,0.0,0.0,0.0,0.0,-5.197523053665911,-0.001
1549,241189,2,2025-09-05,B,44.15329915739257,41-65,77394.22509141963,0-25%,274228.67795013264,0-25%,812910.5826087774,50-75%,3.5,3.5,48.4,12.107181068490169,0.22,0.013287207137550747,0,,0.0,3.5,0.0,0.0,0.0,0.0,-5.197523053665911,-0.001
1550,107305,2,2025-09-05,B,90.1389678193766,>65,101155.357943221,25-50%,50585821.47377128,>75%,2906700.817137348,>75%,4.5,11.75,128.9,9.72338242275493,0.071,0.0020040784668877683,0,,0.0,4.5,0.0,0.0,0.0,0.0,-5.197523053665911,-0.001
1551,892916,2,2025-09-05,B,34.79426515995522,18-40,1211419.9360298673,>75%,898658.7129270248,25-50%,1048462.3852227272,50-75%,3.0,11.0,10.5,2.781405413948672,0.273,0.15816039437042956,0,,0.0,3.0,0.0,0.0,0.0,0.0,-5.197523053665911,-0.001
1552,402484,2,2025-09-05,B,53.79998906950154,41-65,433266.4303160584,50-75%,1550383.146682382,50-75%,346591.17307840433,25-50%,9.25,4.75,14.7,0.2269354716125448,0.194,0.029852187868527065,0,,0.0,9.25,0.0,0.0,0.0,0.0,-5.197523053665911,-0.001
1553,588084,2,2025-09-05,B,59.65951511066525,41-65,11000560.44267474,>75%,53016086.884800896,>75%,3477503.5131104924,>75%,6.25,5.0,6.1,9.774930551736116,0.178,0.0436716519943794,0,,0.0,6.25,0.0,0.0,0.0,0.0,-5.197523053665911,-0.001
1554,338844,2,2025-09-05,B,58.66592405959839,41-65,159197.20150174826,25-50%,9113208.725267695,>75%,978954.7461315276,50-75%,10.75,12.5,39.6,8.833173694453558,0.178,0.018476990706243125,0,,0.0,10.75,0.0,0.0,0.0,0.0,-5.197523053665911,-0.001
1555,985835,2,2025-09-05,B,26.68990776819576,18-40,148108.3485294833,25-50%,334170.0625901787,0-25%,10823.112195936445,0-25%,10.5,13.25,6.3,1.8590725230730332,0.288,0.24088335835406732,0,,0.0,10.5,0.0,0.0,0.0,0.0,-5.197523053665911,-0.001
1556,448536,2,2025-09-05,B,36.64794361115042,18-40,81412.56319879723,0-25%,1469201.417537449,50-75%,1325524.4781854851,50-75%,3.25,15.75,18.5,1.01201018051025,0.25,0.048449296867833155,0,,0.0,3.25,0.0,0.0,0.0,0.0,-5.197523053665911,-0.001
1557,831229,2,2025-09-05,B,49.55149958251652,41-65,243419.64229224427,50-75%,1196071.8729275896,25-50%,4037074.535292144,>75%,14.0,8.0,9.8,3.721545615065966,0.217,0.01569286296947343,0,,0.0,14.0,0.0,0.0,0.0,0.0,-5.197523053665911,-0.001
1558,291301,2,2025-09-05,B,54.413426488464346,41-65,233170.76988478936,50-75%,5008524.893704927,50-75%,88303.15937575912,0-25%,8.75,12.75,3.1,10.034951388773258,0.222,0.04671037417234589,0,,0.0,8.75,0.0,0.0,0.0,0.0,-5.197523053665911,-0.001
1559,937153,2,2025-09-05,B,39.4569233471269,18-40,201839.67531327216,50-75%,1883806.137218474,50-75%,533505.7624766633,50-75%,6.5,8.25,34.0,3.332748519422037,0.248,0.06848849112333638,0,,0.0,6.5,0.0,0.0,0.0,0.0,-5.197523053665911,-0.001
1560,403380,2,2025-09-05,B,28.53299012571197,18-40,49606.50252025655,0-25%,16043.274820598368,0-25%,11282.736676346609,0-25%,13.0,8.5,47.9,4.762262489797179,0.261,0.070239705007025,1,2025-09-19,2.25,15.25,1116.1463067057723,0.0,1116.1463067057723,0.7813024146940407,-4.41622063897187,0.7803024146940407
1561,623984,2,2025-09-05,B,48.685695659576034,41-65,203382.0454911033,50-75%,3364079.780360209,50-75%,47681.96405698832,0-25%,9.25,15.0,51.4,2.385953784692349,0.202,0.0721409109014352,0,,0.0,9.25,0.0,0.0,0.0,0.0,-5.197523053665911,-0.001
1562,806771,2,2025-09-05,B,60.33421200243402,41-65,1802249.197151414,>75%,14518509.302696051,>75%,7739464.8938712785,>75%,4.25,5.5,98.1,2.704310540096218,0.157,0.03207012723777655,0,,0.0,4.25,0.0,0.0,0.0,0.0,-5.197523053665911,-0.001
1563,326828,2,2025-09-05,B,32.91302843236821,18-40,618860.1187784934,>75%,911028.9915168432,25-50%,419439.28395384987,25-50%,6.75,8.0,8.4,10.22916738135415,0.258,0.13526993191298498,0,,0.0,6.75,0.0,0.0,0.0,0.0,-5.197523053665911,-0.001
1564,969151,2,2025-09-05,B,32.35243213062099,18-40,40501.07298491704,0-25%,17262.76689754971,0-25%,13786.78713034969,0-25%,8.0,8.5,5.5,1.264851159747571,0.301,0.11483717535186853,0,,0.0,8.0,0.0,0.0,0.0,0.0,-5.197523053665911,-0.001
1565,229239,2,2025-09-05,B,31.74546269855308,18-40,199078.73008005548,50-75%,980146.5003847518,25-50%,48357.779893282095,0-25%,3.75,3.5,15.1,10.883822775709143,0.285,0.07289300879230433,0,,0.0,3.75,0.0,0.0,0.0,0.0,-5.197523053665911,-0.001
1566,101826,2,2025-09-05,B,64.55379223016406,41-65,1373990.677086419,>75%,50675970.92299089,>75%,1542550.3521184858,50-75%,5.0,5.25,6.9,1.717642826169112,0.143,0.04009374165984411,0,,0.0,5.0,0.0,0.0,0.0,0.0,-5.197523053665911,-0.001
1567,102576,2,2025-09-05,B,44.79765717510919,41-65,140910.579304854,25-50%,4277927.527930242,50-75%,435123.9302168544,25-50%,7.5,6.75,41.1,3.751390073652362,0.223,0.023838772040480422,0,,0.0,7.5,0.0,0.0,0.0,0.0,-5.197523053665911,-0.001
1568,548293,2,2025-09-05,B,52.666385910168245,41-65,7256355.095486671,>75%,1793204.984734445,50-75%,1821030.091747453,>75%,5.25,8.25,12.4,11.621079109469536,0.228,0.10535016079161856,0,,0.0,5.25,0.0,0.0,0.0,0.0,-5.197523053665911,-0.001
1569,414089,2,2025-09-05,B,71.96056288388695,>65,59560.52231258323,0-25%,145734.55036635583,0-25%,177571.84023747916,25-50%,9.75,7.0,75.8,4.5807734776983695,0.164,0.004668519257887085,0,,0.0,9.75,0.0,0.0,0.0,0.0,-5.197523053665911,-0.001
1570,283689,2,2025-09-05,B,62.7711722214268,41-65,56591.96046918375,0-25%,580329.2405534057,25-50%,68377.30357832194,0-25%,5.5,4.5,28.9,3.5851000155829995,0.153,0.010064741529061456,0,,0.0,5.5,0.0,0.0,0.0,0.0,-5.197523053665911,-0.001
1571,813330,2,2025-09-05,B,64.7097323183921,41-65,151567.92441082085,25-50%,1384123.5528683572,50-75%,2497461.739782037,>75%,9.5,1.25,5.3,0.5734009731057694,0.184,0.007239304735084157,0,,0.0,9.5,0.0,0.0,0.0,0.0,-5.197523053665911,-0.001
1572,351551,2,2025-09-05,B,74.8380137480289,>65,129781.00948273992,25-50%,4281094.698569887,50-75%,462820.4939276632,25-50%,7.75,9.25,33.6,0.8094940663122612,0.125,0.010967560261200129,0,,0.0,7.75,0.0,0.0,0.0,0.0,-5.197523053665911,-0.001
1573,812410,2,2025-09-05,B,71.2179911892583,>65,129419.9304591943,25-50%,444277.3008150921,25-50%,65669.06579893024,0-25%,5.5,6.0,0.5,6.836910929124324,0.13,0.01842686679838475,0,,0.0,5.5,0.0,0.0,0.0,0.0,-5.197523053665911,-0.001
1574,448705,2,2025-09-05,B,79.82119494774415,>65,190673.45781311023,50-75%,25553512.75893197,>75%,2849781.953516392,>75%,12.25,3.0,21.2,4.206041651723173,0.118,0.003207109697565088,0,,0.0,12.25,0.0,0.0,0.0,0.0,-5.197523053665911,-0.001
1575,799803,2,2025-09-05,B,75.77134465669609,>65,1472297.4047093734,>75%,144921425.62214068,>75%,7057730.20994524,>75%,5.25,8.75,26.6,2.3500835852342616,0.115,0.0162313803380598,0,,0.0,5.25,0.0,0.0,0.0,0.0,-5.197523053665911,-0.001
1576,305758,2,2025-09-05,B,62.15116495232803,41-65,118787.631452103,25-50%,385885.29617758695,25-50%,50286.92092638656,0-25%,13.0,7.75,46.7,4.896336493695942,0.168,0.014309363490765998,0,,0.0,13.0,0.0,0.0,0.0,0.0,-5.197523053665911,-0.001
1577,977674,2,2025-09-05,B,47.12951616141291,41-65,41170.94257437938,0-25%,177275.83255978223,0-25%,67440.0223801083,0-25%,8.75,4.5,4.4,7.651617612520575,0.198,0.018231299002223183,0,,0.0,8.75,0.0,0.0,0.0,0.0,-5.197523053665911,-0.001
1578,738865,2,2025-09-05,B,37.571085934295546,18-40,138239.91040983362,25-50%,968632.176032038,25-50%,388438.760982738,25-50%,11.25,8.75,4.0,3.181062415561632,0.225,0.037694641405637906,0,,0.0,11.25,0.0,0.0,0.0,0.0,-5.197523053665911,-0.001
1579,229611,2,2025-09-05,B,56.7861004301585,41-65,316198.4396276059,50-75%,4043787.823476598,50-75%,212750.3050182004,25-50%,11.5,12.25,43.2,12.494414366215906,0.207,0.03424732558494755,0,,0.0,11.5,0.0,0.0,0.0,0.0,-5.197523053665911,-0.001
1580,868456,2,2025-09-05,B,58.31842740969083,41-65,664614.7841702969,>75%,20118015.43701791,>75%,373999.3030440589,25-50%,4.75,7.25,53.2,1.2290723920427469,0.186,0.049788443478291096,0,,0.0,4.75,0.0,0.0,0.0,0.0,-5.197523053665911,-0.001
1581,102728,2,2025-09-05,B,55.013116905137366,41-65,54410.91852039639,0-25%,49327.86444007657,0-25%,237919.57564666888,25-50%,10.75,7.5,54.6,0.4865867186459375,0.222,0.011421876211519242,0,,0.0,10.75,0.0,0.0,0.0,0.0,-5.197523053665911,-0.001
1582,185335,2,2025-09-05,B,74.10693854182082,>65,1623760.5526492423,>75%,81029055.71010901,>75%,7255970.059853834,>75%,11.0,9.25,5.6,0.7878031188907717,0.135,0.010010545554302431,0,,0.0,11.0,0.0,0.0,0.0,0.0,-5.197523053665911,-0.001
1583,264983,2,2025-09-05,B,71.41024739196081,>65,773696.2335862139,>75%,4616231.3044050345,50-75%,1799838.301566091,>75%,10.25,13.75,45.7,3.114417126527863,0.157,0.019379482222174227,0,,0.0,10.25,0.0,0.0,0.0,0.0,-5.197523053665911,-0.001
1584,699860,2,2025-09-05,B,33.8509645624064,18-40,41131.485442823934,0-25%,143472.40118530852,0-25%,902386.9136778748,50-75%,5.5,10.75,19.2,4.053647564734731,0.241,0.041876664969208596,0,,0.0,5.5,0.0,0.0,0.0,0.0,-5.197523053665911,-0.001
1585,784856,2,2025-09-05,B,33.370960177359926,18-40,68280.35026505592,0-25%,17536.036231496575,0-25%,10736.3949363151,0-25%,7.0,4.5,111.6,5.415762273950127,0.259,0.05612857493956644,0,,0.0,7.0,0.0,0.0,0.0,0.0,-5.197523053665911,-0.001
1586,517479,2,2025-09-05,B,33.60962829387616,18-40,150092.87982219114,25-50%,47603.59223032276,0-25%,302804.7270442231,25-50%,2.75,9.5,2.7,0.925518198625385,0.223,0.10019571965077692,0,,0.0,2.75,0.0,0.0,0.0,0.0,-5.197523053665911,-0.001
1587,907801,2,2025-09-05,B,42.80170392717188,41-65,117934.16690538645,25-50%,1074378.6561670403,25-50%,2712645.471081667,>75%,5.75,7.75,18.7,0.5473213462992758,0.231,0.03652382490768762,0,,0.0,5.75,0.0,0.0,0.0,0.0,-5.197523053665911,-0.001
1588,800397,2,2025-09-05,B,35.59661278942652,18-40,469710.45388348383,50-75%,2878072.6119632144,50-75%,2535184.6471222537,>75%,11.25,4.5,4.3,2.0240566433077887,0.227,0.04808624453354321,0,,0.0,11.25,0.0,0.0,0.0,0.0,-5.197523053665911,-0.001
1589,828106,2,2025-09-05,B,65.15384755698109,41-65,148609.85878405845,25-50%,3921908.7614795296,50-75%,1140635.1995286513,50-75%,4.5,8.25,1.2,15.7104381226744,0.192,0.011409980207430767,0,,0.0,4.5,0.0,0.0,0.0,0.0,-5.197523053665911,-0.001
1590,955020,2,2025-09-05,B,69.0450572878751,>65,166421.386844066,25-50%,2407277.950948796,50-75%,1871663.2829857331,>75%,5.75,2.0,2.4,3.8264804517238766,0.168,0.0059843364898337255,0,,0.0,5.75,0.0,0.0,0.0,0.0,-5.197523053665911,-0.001
1591,751711,2,2025-09-05,B,52.197720279932994,41-65,157123.69749157273,25-50%,1390238.9200184976,50-75%,807165.0170772424,50-75%,9.25,4.75,7.8,7.967528953160543,0.205,0.01456041968549634,0,,0.0,9.25,0.0,0.0,0.0,0.0,-5.197523053665911,-0.001
1592,512145,2,2025-09-05,B,71.21858642482587,>65,110831.50492606056,25-50%,605443.5681418013,25-50%,97572.42923886614,0-25%,2.5,5.5,12.8,4.298016031971994,0.149,0.016441122422224567,1,2025-09-06,2.5,5.0,2770.7876231515143,2770.7876231515143,5541.5752463030285,3.8791026724121207,-1.31842038125379,3.878102672412121
1593,171550,2,2025-09-05,B,45.34876595244513,41-65,147575.63024694665,25-50%,652134.8524471977,25-50%,1128113.6618486885,50-75%,5.75,10.5,10.2,8.335447172022208,0.196,0.035916573875277996,0,,0.0,5.75,0.0,0.0,0.0,0.0,-5.197523053665911,-0.001
1594,545800,2,2025-09-05,B,72.86183396310477,>65,132769.89854549817,25-50%,6178785.516609074,>75%,1208357.9883165942,50-75%,4.25,7.25,46.1,15.835725017787182,0.134,0.006633400115180688,0,,0.0,4.25,0.0,0.0,0.0,0.0,-5.197523053665911,-0.001
1595,623323,2,2025-09-05,B,56.25789448811593,41-65,34674.40492851605,0-25%,44506.70845242909,0-25%,81813.27035555564,0-25%,3.0,2.75,29.1,3.5963705850994088,0.175,0.010832446127842186,0,,0.0,3.0,0.0,0.0,0.0,0.0,-5.197523053665911,-0.001
1596,442125,2,2025-09-05,B,57.34956073637024,41-65,348824.0370123004,50-75%,32488587.815414924,>75%,281067.9727223271,25-50%,5.5,5.25,9.7,5.736296233826563,0.181,0.021043593611786916,0,,0.0,5.5,0.0,0.0,0.0,0.0,-5.197523053665911,-0.001
1597,199566,2,2025-09-05,B,38.55220764773792,18-40,1203655.378313006,>75%,546837.1454948022,25-50%,2494491.854159612,>75%,14.5,13.0,6.8,12.408803247585078,0.237,0.04807637520065577,0,,0.0,14.5,0.0,0.0,0.0,0.0,-5.197523053665911,-0.001
1598,547637,2,2025-09-05,B,67.90783549390619,>65,56557.53425949594,0-25%,333682.4470281245,0-25%,367519.1791511597,25-50%,10.0,9.25,2.3,2.0087581647407933,0.152,0.00590799929597537,0,,0.0,10.0,0.0,0.0,0.0,0.0,-5.197523053665911,-0.001
1599,856431,2,2025-09-05,B,64.20081255564538,41-65,252208.1231130389,50-75%,2396425.3030998744,50-75%,155654.39306525845,25-50%,5.25,10.0,32.7,0.1832166580109941,0.208,0.03190428487735084,0,,0.0,5.25,0.0,0.0,0.0,0.0,-5.197523053665911,-0.001
1600,804193,2,2025-09-05,B,88.28843017934035,>65,104849.67388479284,25-50%,4314810.238638352,50-75%,2578535.188613433,>75%,10.0,12.25,9.5,0.9857644236031948,0.097,0.0036436716182625833,0,,0.0,10.0,0.0,0.0,0.0,0.0,-5.197523053665911,-0.001
1601,685145,2,2025-09-05,B,74.87158552998257,>65,52590.82181387402,0-25%,62997.58455566238,0-25%,9884.00402354044,0-25%,8.25,2.75,17.9,8.900808886744953,0.095,0.00724008984077935,0,,0.0,8.25,0.0,0.0,0.0,0.0,-5.197523053665911,-0.001
1602,824024,2,2025-09-05,B,28.398610634428906,18-40,69318.55258317197,0-25%,76859.59469119721,0-25%,361428.89452915377,25-50%,3.75,7.0,33.5,6.59117687189076,0.244,0.07474298993319668,0,,0.0,3.75,0.0,0.0,0.0,0.0,-5.197523053665911,-0.001
1603,952622,2,2025-09-05,B,64.52275595323162,41-65,79007.08656243097,0-25%,1123265.21408718,25-50%,1501302.5283825437,50-75%,8.0,8.75,23.0,4.039432078795269,0.139,0.010805378317067186,0,,0.0,8.0,0.0,0.0,0.0,0.0,-5.197523053665911,-0.001
1604,942229,2,2025-09-05,B,62.0282848833189,41-65,161269.33326285408,25-50%,1767574.4292529854,50-75%,2057788.4038206837,>75%,4.75,6.25,0.0,9.332010421335944,0.165,0.014298638244927466,0,,0.0,4.75,0.0,0.0,0.0,0.0,-5.197523053665911,-0.001
1605,618072,2,2025-09-05,B,49.73369566017218,41-65,82975.61638829926,0-25%,49877.61926341025,0-25%,13588.088670909658,0-25%,3.5,6.25,53.5,0.7314405761024579,0.229,0.06368121423636104,0,,0.0,3.5,0.0,0.0,0.0,0.0,-5.197523053665911,-0.001
1606,966660,2,2025-09-05,B,65.07146893594424,41-65,50902.05091541394,0-25%,246564.0224829068,0-25%,60107.6057390586,0-25%,6.75,8.75,14.9,9.30862275523604,0.189,0.015565955865110986,0,,0.0,6.75,0.0,0.0,0.0,0.0,-5.197523053665911,-0.001
1607,567910,2,2025-09-05,B,62.15183507465449,41-65,42909.20782817574,0-25%,547066.646218179,25-50%,56510.74683114286,0-25%,7.75,6.75,20.6,3.71022653121389,0.184,0.009723421948050247,0,,0.0,7.75,0.0,0.0,0.0,0.0,-5.197523053665911,-0.001
1608,743107,2,2025-09-05,B,78.70563180537722,>65,8110584.897036495,>75%,16144669.615682663,>75%,1489415.9208761572,50-75%,6.5,12.25,18.0,6.636471897099924,0.158,0.03730131757386656,0,,0.0,6.5,0.0,0.0,0.0,0.0,-5.197523053665911,-0.001
1609,367465,2,2025-09-05,B,35.061771730908376,18-40,68171.68163958387,0-25%,695024.0457999442,25-50%,308736.0717515381,25-50%,5.25,14.25,12.9,2.7678423545595257,0.254,0.0637008710117302,0,,0.0,5.25,0.0,0.0,0.0,0.0,-5.197523053665911,-0.001
1610,179912,2,2025-09-05,B,67.3376280033858,>65,179103.2559922022,25-50%,12151857.712107118,>75%,237208.9788347037,25-50%,7.5,8.75,80.7,9.805865055676554,0.147,0.015425668493231725,0,,0.0,7.5,0.0,0.0,0.0,0.0,-5.197523053665911,-0.001
1611,635023,2,2025-09-05,B,77.58224353954299,>65,170684.11949133364,25-50%,1389716.8613109477,50-75%,5885648.007287983,>75%,7.75,10.75,40.8,0.414237529927546,0.112,0.006153314130197821,0,,0.0,7.75,0.0,0.0,0.0,0.0,-5.197523053665911,-0.001
1612,385423,2,2025-09-05,B,61.99301142764216,41-65,75156.32250246192,0-25%,884654.223566814,25-50%,8180381.126931107,>75%,7.75,4.0,107.3,3.5785711601324506,0.169,0.003553747969561438,0,,0.0,7.75,0.0,0.0,0.0,0.0,-5.197523053665911,-0.001
1613,114632,2,2025-09-05,B,32.504069988246506,18-40,131991.35677934438,25-50%,1132146.2297500784,25-50%,397497.453156925,25-50%,7.75,16.25,12.1,10.715867269990696,0.259,0.07428511343441856,0,,0.0,7.75,0.0,0.0,0.0,0.0,-5.197523053665911,-0.001
1614,878634,2,2025-09-05,B,41.30264066150194,41-65,32865.77981571454,0-25%,67716.28875576922,0-25%,42387.15567562671,0-25%,8.75,3.5,10.0,9.829309762979562,0.244,0.022879024654677255,0,,0.0,8.75,0.0,0.0,0.0,0.0,-5.197523053665911,-0.001
1615,374912,2,2025-09-05,B,85.57425405093744,>65,2528597.07565625,>75%,80863630.46018691,>75%,6907268.05477059,>75%,7.5,2.25,74.2,1.545074386881148,0.136,0.0058951963605988755,0,,0.0,7.5,0.0,0.0,0.0,0.0,-5.197523053665911,-0.001
1616,421915,2,2025-09-05,B,73.94301017757908,>65,133786.3400528882,25-50%,949928.712382003,25-50%,587917.4295044425,50-75%,7.0,11.25,45.0,2.01134458048538,0.1,0.010464224059023466,0,,0.0,7.0,0.0,0.0,0.0,0.0,-5.197523053665911,-0.001
1617,773750,2,2025-09-05,B,75.2217116136479,>65,130386.44134893446,25-50%,1095769.111075546,25-50%,213158.649253913,25-50%,11.25,0.75,114.1,17.725980701006552,0.154,0.0035630281420989817,0,,0.0,11.25,0.0,0.0,0.0,0.0,-5.197523053665911,-0.001
1618,994216,2,2025-09-05,B,65.07621955346151,41-65,577180.2159930883,>75%,103648418.37699002,>75%,5089147.888617655,>75%,4.0,6.75,8.3,9.179398258877317,0.187,0.017316858599268996,0,,0.0,4.0,0.0,0.0,0.0,0.0,-5.197523053665911,-0.001
1619,721814,2,2025-09-05,B,77.00960614067833,>65,107307.3467181766,25-50%,694609.3520138434,25-50%,914691.3991827444,50-75%,9.0,8.0,21.2,1.447170100863534,0.158,0.003951558426139186,0,,0.0,9.0,0.0,0.0,0.0,0.0,-5.197523053665911,-0.001
1620,894849,2,2025-09-05,B,48.8283562738691,41-65,164825.92100394182,25-50%,1150503.1691097368,25-50%,2615582.342262649,>75%,9.5,4.5,60.3,8.846083019761583,0.226,0.012004018380869317,0,,0.0,9.5,0.0,0.0,0.0,0.0,-5.197523053665911,-0.001
1621,967467,2,2025-09-05,B,67.04407323388205,>65,157459.539794377,25-50%,2527794.457355009,50-75%,557171.480186347,50-75%,11.5,11.25,66.8,4.755652124696658,0.164,0.007225063851103397,0,,0.0,11.5,0.0,0.0,0.0,0.0,-5.197523053665911,-0.001
1622,890880,2,2025-09-05,B,76.44404106738548,>65,53144.46220700035,0-25%,1076467.8395615898,25-50%,256426.4372323002,25-50%,8.75,10.75,26.1,16.827325900621712,0.13,0.005288143351501839,0,,0.0,8.75,0.0,0.0,0.0,0.0,-5.197523053665911,-0.001
1623,876825,2,2025-09-05,B,55.119807827358606,41-65,11605309.305281973,>75%,62460084.090609774,>75%,13598936.371104814,>75%,10.25,5.0,7.1,11.23962411273808,0.187,0.04023051502336064,0,,0.0,10.25,0.0,0.0,0.0,0.0,-5.197523053665911,-0.001
1624,924163,2,2025-09-05,B,81.55443402276283,>65,144208.13027029924,25-50%,3526216.3044449463,50-75%,3135707.755725332,>75%,6.75,3.75,30.2,0.6016665516466195,0.127,0.002737603078046727,0,,0.0,6.75,0.0,0.0,0.0,0.0,-5.197523053665911,-0.001
1625,771703,2,2025-09-05,B,59.00588818254312,41-65,88648.55149463228,0-25%,555653.1668331868,25-50%,99356.78337645014,0-25%,8.75,8.25,18.6,9.199761558662573,0.168,0.012082572038935103,0,,0.0,8.75,0.0,0.0,0.0,0.0,-5.197523053665911,-0.001
1626,198472,2,2025-09-05,B,60.66009665886342,41-65,381607.0171044085,50-75%,1148607.0721537669,25-50%,297868.5952381629,25-50%,6.5,10.0,10.3,6.244129056600691,0.18,0.03550753347006739,0,,0.0,6.5,0.0,0.0,0.0,0.0,-5.197523053665911,-0.001
1627,747383,2,2025-09-05,B,30.8598620722,18-40,68580.6893474081,0-25%,198104.29094665803,0-25%,125088.08569498072,25-50%,7.75,8.0,1.4,0.7748456448785573,0.311,0.09980071466664583,0,,0.0,7.75,0.0,0.0,0.0,0.0,-5.197523053665911,-0.001
1628,817738,2,2025-09-05,B,67.37761841594396,>65,242771.756102728,50-75%,2459386.10183654,50-75%,75231.20525067367,0-25%,3.75,5.5,14.0,14.860499407907186,0.152,0.022656496648385767,0,,0.0,3.75,0.0,0.0,0.0,0.0,-5.197523053665911,-0.001
1629,863030,2,2025-09-05,B,56.872396818238855,41-65,1163532.3281655088,>75%,6732181.665426687,>75%,3631421.019259515,>75%,9.5,8.25,69.3,13.202272736834267,0.178,0.015388208334252616,0,,0.0,9.5,0.0,0.0,0.0,0.0,-5.197523053665911,-0.001
1630,289842,2,2025-09-05,B,75.71789232307947,>65,114735.73362475124,25-50%,1828204.8719267629,50-75%,1751045.1724711435,>75%,11.75,5.5,56.1,5.621358221008946,0.174,0.003159338321598381,0,,0.0,11.75,0.0,0.0,0.0,0.0,-5.197523053665911,-0.001
1631,324101,2,2025-09-05,B,61.00310335088083,41-65,96454.58507621978,25-50%,335830.9700348547,0-25%,85320.68526431135,0-25%,4.5,10.0,13.0,1.267189447571722,0.163,0.028502226771436278,0,,0.0,4.5,0.0,0.0,0.0,0.0,-5.197523053665911,-0.001
1632,590921,2,2025-09-05,B,31.995954270747013,18-40,53239.4879081913,0-25%,53468.74232332224,0-25%,143836.01551926715,25-50%,7.75,4.5,175.4,2.3928035071774056,0.259,0.029708929232278428,0,,0.0,7.75,0.0,0.0,0.0,0.0,-5.197523053665911,-0.001
1633,112868,2,2025-09-05,B,25.06651424579446,18-40,109516.02312537756,25-50%,77938.01283974039,0-25%,146228.30891484243,25-50%,10.75,11.5,147.5,2.7517428939864708,0.279,0.11101440812827885,0,,0.0,10.75,0.0,0.0,0.0,0.0,-5.197523053665911,-0.001
1634,308552,2,2025-09-05,B,47.81597844351249,41-65,123510.59627931574,25-50%,1171350.005452186,25-50%,877258.598363707,50-75%,5.5,4.5,38.9,8.13064555363693,0.205,0.015006098475984728,1,2025-09-06,1.5,7.0,1852.658944189736,0.0,1852.658944189736,1.2968612609328154,-3.9006617927330955,1.2958612609328155
1635,824783,2,2025-09-05,B,56.52876759548765,41-65,375135.45845202846,50-75%,3883083.348420968,50-75%,2556311.618654012,>75%,5.25,4.0,127.1,0.7324223173935042,0.215,0.012574353735516292,0,,0.0,5.25,0.0,0.0,0.0,0.0,-5.197523053665911,-0.001
1636,994380,2,2025-09-05,B,46.20026834977987,41-65,82994.87456858698,0-25%,34897.0178323728,0-25%,44435.64065204471,0-25%,11.0,7.25,10.1,12.085017339146525,0.238,0.02502428936900253,0,,0.0,11.0,0.0,0.0,0.0,0.0,-5.197523053665911,-0.001
1637,488805,2,2025-09-05,B,60.90868803916359,41-65,132344.8273280134,25-50%,16175285.487884194,>75%,1691782.4341580167,50-75%,10.25,6.25,29.0,1.063950947016154,0.195,0.008469624070011094,0,,0.0,10.25,0.0,0.0,0.0,0.0,-5.197523053665911,-0.001
1638,812598,2,2025-09-05,B,65.33101134027919,41-65,266218.77502719505,50-75%,3122836.3936599,50-75%,4003538.847954416,>75%,9.25,9.75,31.8,7.075921440262061,0.132,0.01294884720354132,0,,0.0,9.25,0.0,0.0,0.0,0.0,-5.197523053665911,-0.001
1639,197265,2,2025-09-05,B,78.67894837868663,>65,57658.34206547905,0-25%,103603.4811850388,0-25%,25113.584597460624,0-25%,8.75,5.75,25.6,5.453635526091039,0.131,0.005449101464351257,0,,0.0,8.75,0.0,0.0,0.0,0.0,-5.197523053665911,-0.001
1640,493507,2,2025-09-05,B,56.38168028243008,41-65,1605094.6316589373,>75%,4475740.133944765,50-75%,742550.8834154112,50-75%,5.75,4.75,39.4,5.039861133855591,0.19,0.03307711980032757,0,,0.0,5.75,0.0,0.0,0.0,0.0,-5.197523053665911,-0.001
1641,230876,2,2025-09-05,B,52.08075374036485,41-65,206042.0941335314,50-75%,6941376.5753511945,>75%,1040806.7616828243,50-75%,9.0,8.0,50.6,4.23727342620039,0.223,0.015708415219563794,0,,0.0,9.0,0.0,0.0,0.0,0.0,-5.197523053665911,-0.001
1642,712173,2,2025-09-05,B,40.95330199073668,18-40,101633.63114494192,25-50%,371041.751343854,25-50%,148799.36987799933,25-50%,12.5,8.5,70.2,18.29588990899814,0.222,0.02078123503423154,0,,0.0,12.5,0.0,0.0,0.0,0.0,-5.197523053665911,-0.001
1643,480329,2,2025-09-05,B,38.64620763921347,18-40,276561.3228689763,50-75%,131305.69464253244,0-25%,24233.524559761645,0-25%,6.5,4.5,19.5,5.119743232004599,0.236,0.07879134334475887,0,,0.0,6.5,0.0,0.0,0.0,0.0,-5.197523053665911,-0.001
1644,607182,2,2025-09-05,B,52.05537990088203,41-65,71990.33923228407,0-25%,452990.1767168384,25-50%,15941.195024977602,0-25%,8.5,5.75,112.5,2.217483335968621,0.173,0.022891393788639885,0,,0.0,8.5,0.0,0.0,0.0,0.0,-5.197523053665911,-0.001
1645,368510,2,2025-09-05,B,58.93748298054523,41-65,1391233.723397953,>75%,5360926.9700335935,50-75%,3133454.863600592,>75%,3.5,14.75,13.7,17.153926103116454,0.205,0.03087523807037131,0,,0.0,3.5,0.0,0.0,0.0,0.0,-5.197523053665911,-0.001
1646,299933,2,2025-09-05,B,70.70513513882952,>65,44526.35765754802,0-25%,85061.04484429528,0-25%,74666.40675395748,0-25%,5.75,8.5,11.7,21.007456867803736,0.16,0.00792984529991634,0,,0.0,5.75,0.0,0.0,0.0,0.0,-5.197523053665911,-0.001
1647,105535,2,2025-09-05,B,29.80626678163328,18-40,412507.3501046074,50-75%,1804829.1666644528,50-75%,614121.3682901802,50-75%,8.5,6.75,1.5,0.3557411062549382,0.281,0.08400588102416698,1,2025-09-16,2.25,10.75,9281.415377353665,0.0,9281.415377353665,6.496990764147567,1.2994677104816557,6.4959907641475665
1648,260654,2,2025-09-05,B,55.64965946033321,41-65,8013245.049641022,>75%,27277233.178718835,>75%,1811319.4613749164,>75%,1.5,8.0,36.8,0.6088296541167078,0.188,0.11754513369599981,1,2025-09-20,5.0,6.5,400662.25248205115,400662.25248205115,801324.5049641023,560.9271534748717,555.7296304212058,560.9261534748717
1649,336702,2,2025-09-05,B,45.74279621254366,41-65,218583.90220792397,50-75%,6516825.99798478,>75%,515966.2592491543,50-75%,5.0,13.25,35.4,9.84294159020875,0.243,0.04504017635635768,0,,0.0,5.0,0.0,0.0,0.0,0.0,-5.197523053665911,-0.001
1650,515707,2,2025-09-05,B,44.66234852826733,41-65,158048.01917938242,25-50%,761763.2771821963,25-50%,967245.320759502,50-75%,7.0,6.5,10.6,0.7563844097943616,0.21,0.024291677372485408,0,,0.0,7.0,0.0,0.0,0.0,0.0,-5.197523053665911,-0.001
1651,224372,2,2025-09-05,B,51.596816560381086,41-65,146365.6956907985,25-50%,761303.0079513252,25-50%,430196.2679878172,25-50%,4.25,5.0,2.2,10.335863745094825,0.196,0.03129357333876604,0,,0.0,4.25,0.0,0.0,0.0,0.0,-5.197523053665911,-0.001
1652,790187,2,2025-09-05,B,82.24245892378468,>65,93584.14241289457,0-25%,1431422.3899738202,50-75%,2570513.359402459,>75%,6.5,10.25,18.7,2.3968399701012446,0.134,0.004458636809107952,0,,0.0,6.5,0.0,0.0,0.0,0.0,-5.197523053665911,-0.001
330,172823,3,2025-09-07,A,39.18323611731319,18-40,165256.28631309394,25-50%,282731.60649133066,0-25%,5423.941781905463,0-25%,14.25,8.75,30.1,4.101300739364427,0.237,0.029601623631097203,0,,0.0,14.25,0.0,0.0,0.0,0.0,-5.197523053665911,-0.001
331,611092,3,2025-09-07,A,26.15870204721677,18-40,31654.85309315497,0-25%,40368.18854321806,0-25%,10885.697810716678,0-25%,15.0,4.0,67.4,1.2663624525319106,0.298,0.02379036621569818,0,,0.0,15.0,0.0,0.0,0.0,0.0,-5.197523053665911,-0.001
332,334004,3,2025-09-07,A,24.389559509209185,18-40,172660.0897759226,25-50%,52910.19282097771,0-25%,287905.75481919816,25-50%,7.25,7.0,120.7,1.3995791094791523,0.269,0.023886639366227844,0,,0.0,7.25,0.0,0.0,0.0,0.0,-5.197523053665911,-0.001
333,620176,3,2025-09-07,A,33.24289014087376,18-40,149344.7111430203,25-50%,10058791.44658899,>75%,3649761.5620129863,>75%,8.75,9.25,12.6,8.11577377111156,0.241,0.01729657056618145,0,,0.0,8.75,0.0,0.0,0.0,0.0,-5.197523053665911,-0.001
334,343421,3,2025-09-07,A,68.33541266761016,>65,3001529.879488936,>75%,8737556.414400138,>75%,2588746.6357819275,>75%,7.0,15.5,19.4,11.287074362017195,0.153,0.010814477753231343,0,,0.0,7.0,0.0,0.0,0.0,0.0,-5.197523053665911,-0.001
335,471694,3,2025-09-07,A,54.81282329906595,41-65,63347.05631417453,0-25%,187975.4225682962,0-25%,68243.38734526241,0-25%,15.5,5.25,10.7,3.5823701519976514,0.23,0.005436884513247207,0,,0.0,15.5,0.0,0.0,0.0,0.0,-5.197523053665911,-0.001
336,890229,3,2025-09-07,A,80.22749188896728,>65,2716581.727612361,>75%,85184289.63294941,>75%,1750328.7678975023,>75%,8.5,8.25,12.7,0.690757835086189,0.121,0.004120989168138369,0,,0.0,8.5,0.0,0.0,0.0,0.0,-5.197523053665911,-0.001
337,912602,3,2025-09-07,A,55.17399059229,41-65,98415.59909287145,25-50%,95908.1925573922,0-25%,52336.6722606074,0-25%,10.75,6.25,99.4,0.4651288668198609,0.176,0.006206938168754172,0,,0.0,10.75,0.0,0.0,0.0,0.0,-5.197523053665911,-0.001
338,666584,3,2025-09-07,A,67.69872908052866,>65,88580.14849836704,0-25%,3264529.291833605,50-75%,586029.9889481151,50-75%,9.5,4.25,48.9,1.1525492339603898,0.168,0.002017663903774987,0,,0.0,9.5,0.0,0.0,0.0,0.0,-5.197523053665911,-0.001
339,356808,3,2025-09-07,A,84.39193008263928,>65,318209.85995758185,50-75%,745716.4205860296,25-50%,1445678.3890612351,50-75%,13.25,5.25,86.3,3.3652795748266127,0.106,0.0010931937601340992,0,,0.0,13.25,0.0,0.0,0.0,0.0,-5.197523053665911,-0.001
340,245773,3,2025-09-07,A,41.45343275781291,41-65,260225.82423301451,50-75%,365295.1978507413,25-50%,151980.09762424737,25-50%,6.0,11.5,67.1,0.5408937846920345,0.228,0.031360998783239946,0,,0.0,6.0,0.0,0.0,0.0,0.0,-5.197523053665911,-0.001
341,370928,3,2025-09-07,A,28.17776681990136,18-40,3727781.793296382,>75%,2306996.471774427,50-75%,5427081.28787156,>75%,9.75,3.25,65.0,3.3310882766833894,0.294,0.04180030502849885,0,,0.0,9.75,0.0,0.0,0.0,0.0,-5.197523053665911,-0.001
342,652969,3,2025-09-07,A,84.71727921025948,>65,694273.2115834778,>75%,208269353.3560768,>75%,10539914.9958293,>75%,4.75,5.75,1.3,13.493411036910825,0.117,0.0017983683878652896,0,,0.0,4.75,0.0,0.0,0.0,0.0,-5.197523053665911,-0.001
343,163356,3,2025-09-07,A,55.54856804449869,41-65,237468.56232197836,50-75%,3627858.208367536,50-75%,1536484.6019302174,50-75%,5.0,7.0,32.8,0.4012554237559929,0.181,0.009745229725770773,0,,0.0,5.0,0.0,0.0,0.0,0.0,-5.197523053665911,-0.001
344,671212,3,2025-09-07,A,75.03480522688778,>65,1809359.0568750545,>75%,185962164.15817964,>75%,6512798.518381229,>75%,4.25,8.0,29.8,7.067609561908071,0.115,0.0055102987678191375,0,,0.0,4.25,0.0,0.0,0.0,0.0,-5.197523053665911,-0.001
345,676165,3,2025-09-07,A,33.2784690364753,18-40,74024.46173775755,0-25%,172035.7245017751,0-25%,48686.20958840318,0-25%,8.0,8.5,50.3,0.8328821511742112,0.288,0.03583979857101563,0,,0.0,8.0,0.0,0.0,0.0,0.0,-5.197523053665911,-0.001
346,817538,3,2025-09-07,A,79.10200614336844,>65,3473144.3368877578,>75%,105790136.5715108,>75%,8193092.960024354,>75%,11.25,4.0,15.0,7.122402719762211,0.111,0.002930249475543612,0,,0.0,11.25,0.0,0.0,0.0,0.0,-5.197523053665911,-0.001
347,972878,3,2025-09-07,A,37.41615895476737,18-40,84639.26230675612,0-25%,46311.49297061758,0-25%,26172.47334219144,0-25%,12.75,13.25,50.8,12.338803096668796,0.232,0.026625637332094047,0,,0.0,12.75,0.0,0.0,0.0,0.0,-5.197523053665911,-0.001
348,187000,3,2025-09-07,A,68.6750719440939,>65,59327.09874545079,0-25%,204667.382057522,0-25%,2117756.146749296,>75%,9.0,3.0,6.2,5.566340843414355,0.142,0.0011838156466693168,0,,0.0,9.0,0.0,0.0,0.0,0.0,-5.197523053665911,-0.001
349,546246,3,2025-09-07,A,39.4587056950679,18-40,392502.9526446056,50-75%,819760.3186546584,25-50%,296799.9902362781,25-50%,6.25,7.75,31.8,2.496011085685277,0.271,0.03648809693765738,0,,0.0,6.25,0.0,0.0,0.0,0.0,-5.197523053665911,-0.001
350,685000,3,2025-09-07,A,45.36575075257844,41-65,208141.4330744189,50-75%,451728.450429565,25-50%,991870.0765452028,50-75%,13.75,6.75,119.8,1.4102672586118847,0.19,0.006951178741409974,0,,0.0,13.75,0.0,0.0,0.0,0.0,-5.197523053665911,-0.001
351,929503,3,2025-09-07,A,34.14764238860426,18-40,88963.9158556879,0-25%,402857.5648066296,25-50%,13198.200424814622,0-25%,4.75,8.0,18.7,0.9316161951588297,0.224,0.05183645031900951,0,,0.0,4.75,0.0,0.0,0.0,0.0,-5.197523053665911,-0.001
352,336076,3,2025-09-07,A,37.5480049191147,18-40,913780.7472114305,>75%,1452236.9904041963,50-75%,270725.9816180285,25-50%,3.0,12.5,18.2,4.53624126514902,0.227,0.056859803866194346,0,,0.0,3.0,0.0,0.0,0.0,0.0,-5.197523053665911,-0.001
353,998518,3,2025-09-07,A,71.77856932314911,>65,208355.89520750652,50-75%,5408089.601065765,50-75%,2905571.359598812,>75%,10.5,11.75,43.6,5.110362976568074,0.152,0.003070478890730407,0,,0.0,10.5,0.0,0.0,0.0,0.0,-5.197523053665911,-0.001
354,412511,3,2025-09-07,A,59.42800179042016,41-65,107677.24005689932,25-50%,1679112.455117715,50-75%,448135.9275626967,25-50%,9.25,10.5,34.8,4.755796339338002,0.163,0.006632094098754491,0,,0.0,9.25,0.0,0.0,0.0,0.0,-5.197523053665911,-0.001
355,393961,3,2025-09-07,A,37.08386601389655,18-40,59575.85854006414,0-25%,65770.63710220468,0-25%,18544.546980102798,0-25%,3.5,16.0,7.7,5.47647669297155,0.22,0.03231056020429677,0,,0.0,3.5,0.0,0.0,0.0,0.0,-5.197523053665911,-0.001
356,353570,3,2025-09-07,A,64.43619448983138,41-65,1017511.012665614,>75%,56066957.93562632,>75%,1866922.478046228,>75%,11.0,7.0,43.4,1.4169758038710043,0.19,0.0054087073269697096,0,,0.0,11.0,0.0,0.0,0.0,0.0,-5.197523053665911,-0.001
357,118334,3,2025-09-07,A,56.21338380440889,41-65,739417.0066982058,>75%,2084735.7664845048,50-75%,2436268.312935697,>75%,1.25,16.25,11.4,11.256773204637494,0.225,0.0111177685782679,0,,0.0,1.25,0.0,0.0,0.0,0.0,-5.197523053665911,-0.001
358,177935,3,2025-09-07,A,48.41074129465112,41-65,128656.65664867128,25-50%,449624.9832059568,25-50%,236927.5299828884,25-50%,5.75,6.75,19.4,0.2712537237915243,0.243,0.016508194610801698,0,,0.0,5.75,0.0,0.0,0.0,0.0,-5.197523053665911,-0.001
359,300576,3,2025-09-07,A,57.88921186163189,41-65,70593.41945229955,0-25%,116251.41697337288,0-25%,21592.583046375705,0-25%,13.25,5.75,2.4,0.4020743322886113,0.194,0.0069184557990478,0,,0.0,13.25,0.0,0.0,0.0,0.0,-5.197523053665911,-0.001
360,116693,3,2025-09-07,A,30.635523603645947,18-40,275776.919326457,50-75%,1434276.4547836268,50-75%,101085.92566614744,0-25%,5.75,6.75,80.8,1.071881211265162,0.269,0.05689616040287754,0,,0.0,5.75,0.0,0.0,0.0,0.0,-5.197523053665911,-0.001
361,711639,3,2025-09-07,A,28.683838009833128,18-40,63216.78953055015,0-25%,26678.023278955377,0-25%,9659.15468210094,0-25%,8.75,8.0,26.7,0.6571687167597311,0.286,0.031872744841326024,0,,0.0,8.75,0.0,0.0,0.0,0.0,-5.197523053665911,-0.001
362,376467,3,2025-09-07,A,55.56697650400613,41-65,78628.82636670787,0-25%,562880.9170798314,25-50%,256393.15380694636,25-50%,8.0,7.75,30.7,1.3797261979880826,0.152,0.004371511903906606,0,,0.0,8.0,0.0,0.0,0.0,0.0,-5.197523053665911,-0.001
363,490129,3,2025-09-07,A,43.74272241137728,41-65,108676.8346359078,25-50%,209114.70224901685,0-25%,115522.77045432843,0-25%,6.0,12.25,8.7,4.809316103400265,0.204,0.020630093182001017,0,,0.0,6.0,0.0,0.0,0.0,0.0,-5.197523053665911,-0.001
364,314751,3,2025-09-07,A,76.45465556214197,>65,131880.59070313047,25-50%,1752794.5875448552,50-75%,1548046.444490454,50-75%,14.75,13.25,7.4,2.674001726491401,0.096,0.0013045229572619661,0,,0.0,14.75,0.0,0.0,0.0,0.0,-5.197523053665911,-0.001
365,207149,3,2025-09-07,A,82.55251917738617,>65,261165.1674890012,50-75%,1188897.7279290652,25-50%,6016603.429838847,>75%,6.0,8.75,7.3,7.291952765371465,0.098,0.0017068806299802932,0,,0.0,6.0,0.0,0.0,0.0,0.0,-5.197523053665911,-0.001
366,425281,3,2025-09-07,A,46.29107161439428,41-65,139360.5011054692,25-50%,737936.853563319,25-50%,444975.4860147918,25-50%,9.0,3.75,20.6,3.237706142204368,0.176,0.007735837946313424,0,,0.0,9.0,0.0,0.0,0.0,0.0,-5.197523053665911,-0.001
367,349174,3,2025-09-07,A,49.99627644008404,41-65,64290.765419100426,0-25%,29571.760136617653,0-25%,11259.682835213447,0-25%,8.5,8.5,4.6,0.0387384699931196,0.195,0.011433902876947835,0,,0.0,8.5,0.0,0.0,0.0,0.0,-5.197523053665911,-0.001
368,810191,3,2025-09-07,A,75.18006213963278,>65,261368.3199252273,50-75%,44288564.77793558,>75%,418072.7974519316,25-50%,7.75,13.5,14.4,1.004014920420402,0.135,0.005140554447067532,0,,0.0,7.75,0.0,0.0,0.0,0.0,-5.197523053665911,-0.001
369,866933,3,2025-09-07,A,59.38219767528552,41-65,158381.18772604718,25-50%,1001150.1006878694,25-50%,1738992.8917892764,>75%,7.5,12.25,92.2,3.634146705967257,0.202,0.00536006113618678,0,,0.0,7.5,0.0,0.0,0.0,0.0,-5.197523053665911,-0.001
370,740586,3,2025-09-07,A,60.31360463527999,41-65,495634.1287029429,50-75%,2620610.3211933123,50-75%,630766.8379452339,50-75%,6.75,5.75,10.7,0.4678143383034475,0.189,0.0067407387457611235,0,,0.0,6.75,0.0,0.0,0.0,0.0,-5.197523053665911,-0.001
371,913517,3,2025-09-07,A,48.53342477292454,41-65,39691.92860124871,0-25%,180102.97056137686,0-25%,29011.992547715243,0-25%,7.0,5.25,20.3,1.3934526032031327,0.206,0.0075972625706774355,0,,0.0,7.0,0.0,0.0,0.0,0.0,-5.197523053665911,-0.001
372,844426,3,2025-09-07,A,52.65832423871559,41-65,7560200.359881648,>75%,41070775.64606733,>75%,4136056.965178956,>75%,5.75,5.5,29.2,4.38206020216466,0.177,0.018781872071849805,0,,0.0,5.75,0.0,0.0,0.0,0.0,-5.197523053665911,-0.001
373,983230,3,2025-09-07,A,64.20542767308723,41-65,607029.2346919155,>75%,10159627.644023605,>75%,4780357.586647933,>75%,3.5,5.75,30.6,10.039940888757684,0.154,0.005844383421097685,0,,0.0,3.5,0.0,0.0,0.0,0.0,-5.197523053665911,-0.001
374,783563,3,2025-09-07,A,40.94130205924673,18-40,64894.66108497883,0-25%,69816.2625316826,0-25%,30713.195471066152,0-25%,10.0,4.5,14.4,4.819013171552671,0.225,0.012635810752576134,0,,0.0,10.0,0.0,0.0,0.0,0.0,-5.197523053665911,-0.001
375,816117,3,2025-09-07,A,49.47154062607802,41-65,687381.0309387505,>75%,4216557.502660835,50-75%,812080.2452192649,50-75%,12.0,5.25,82.8,11.839084596459177,0.221,0.00824980526654663,0,,0.0,12.0,0.0,0.0,0.0,0.0,-5.197523053665911,-0.001
376,285852,3,2025-09-07,A,80.4960487481162,>65,1628526.0125602155,>75%,97356844.06922124,>75%,9850910.888899565,>75%,3.0,4.0,3.9,0.735742834518536,0.094,0.004510269303710544,0,,0.0,3.0,0.0,0.0,0.0,0.0,-5.197523053665911,-0.001
377,101908,3,2025-09-07,A,58.70729394700365,41-65,126711.9620215084,25-50%,1627700.5908271675,50-75%,234681.361584658,25-50%,8.75,13.0,24.9,2.726839148890128,0.201,0.009129128523348278,0,,0.0,8.75,0.0,0.0,0.0,0.0,-5.197523053665911,-0.001
378,693001,3,2025-09-07,A,64.41373227021691,41-65,4618345.053264583,>75%,7979475.371459676,>75%,13414639.270000895,>75%,5.5,5.75,2.5,3.376325232656592,0.21,0.013995571717370495,0,,0.0,5.5,0.0,0.0,0.0,0.0,-5.197523053665911,-0.001
379,376205,3,2025-09-07,A,42.66356124374392,41-65,77534.03117630609,0-25%,462506.8672883575,25-50%,18698.634885562016,0-25%,5.25,7.25,0.9,3.452535328769729,0.231,0.029224831673970008,0,,0.0,5.25,0.0,0.0,0.0,0.0,-5.197523053665911,-0.001
380,850899,3,2025-09-07,A,52.1303644322352,41-65,2375808.58301165,>75%,3240575.703461333,50-75%,124346.14797626148,25-50%,3.25,0.75,51.4,5.07686042559438,0.215,0.023431369683059314,0,,0.0,3.25,0.0,0.0,0.0,0.0,-5.197523053665911,-0.001
381,638362,3,2025-09-07,A,49.64966724977401,41-65,1397859.0659200782,>75%,16190545.682428082,>75%,2160905.8278421755,>75%,8.5,1.5,50.2,2.075577548246456,0.202,0.012276305226257672,0,,0.0,8.5,0.0,0.0,0.0,0.0,-5.197523053665911,-0.001
382,311611,3,2025-09-07,A,73.30011435412904,>65,323761.14380248974,50-75%,423379.4793785018,25-50%,215072.11488762236,25-50%,2.5,10.0,7.2,13.89259875806998,0.146,0.0052637673385016095,0,,0.0,2.5,0.0,0.0,0.0,0.0,-5.197523053665911,-0.001
383,293478,3,2025-09-07,A,85.96288970167612,>65,139684.61984145004,25-50%,988950.3386608524,25-50%,98898.00047488812,0-25%,12.5,8.75,117.6,2.0067948569213345,0.12,0.0012315415972521985,0,,0.0,12.5,0.0,0.0,0.0,0.0,-5.197523053665911,-0.001
384,281024,3,2025-09-07,A,66.54951041603911,>65,100646.0210024566,25-50%,895606.3147492184,25-50%,1025325.555484297,50-75%,13.0,1.25,2.0,0.521397003285524,0.147,0.002234761093500174,0,,0.0,13.0,0.0,0.0,0.0,0.0,-5.197523053665911,-0.001
385,143498,3,2025-09-07,A,42.45493959420665,41-65,68996.35090177663,0-25%,245782.54213032752,0-25%,10248.036697950403,0-25%,3.5,12.0,30.3,1.8056259107349208,0.237,0.03139042296127303,0,,0.0,3.5,0.0,0.0,0.0,0.0,-5.197523053665911,-0.001
386,301364,3,2025-09-07,A,42.04671831306253,41-65,448560.0898899084,50-75%,141569.2517564363,0-25%,1079549.7951355493,50-75%,9.75,4.5,69.7,3.799955049248888,0.221,0.011736395579962852,0,,0.0,9.75,0.0,0.0,0.0,0.0,-5.197523053665911,-0.001
387,520994,3,2025-09-07,A,69.23799265130654,>65,118557.20242045676,25-50%,698931.5272396518,25-50%,1413397.7289976436,50-75%,5.75,4.25,1.3,2.728034465030146,0.17,0.0018500340814761004,0,,0.0,5.75,0.0,0.0,0.0,0.0,-5.197523053665911,-0.001
388,354804,3,2025-09-07,A,61.2412210186756,41-65,800313.3278179027,>75%,5919388.860996689,>75%,231192.20591976427,25-50%,8.5,5.0,23.9,0.9608760799339214,0.184,0.009497185542054936,0,,0.0,8.5,0.0,0.0,0.0,0.0,-5.197523053665911,-0.001
389,128827,3,2025-09-07,A,73.27870851633085,>65,702396.0645420381,>75%,5552370.675886116,50-75%,666114.3255336075,50-75%,1.5,1.75,40.9,1.637468347901572,0.158,0.007346348336776621,0,,0.0,1.5,0.0,0.0,0.0,0.0,-5.197523053665911,-0.001
390,632796,3,2025-09-07,A,73.31179850742039,>65,289767.11381870793,50-75%,6419608.590883018,>75%,3614155.946349455,>75%,7.5,5.25,36.9,21.59755086454348,0.146,0.0010470052562507198,0,,0.0,7.5,0.0,0.0,0.0,0.0,-5.197523053665911,-0.001
391,907850,3,2025-09-07,A,44.34614547814115,41-65,173301.76489743392,25-50%,123956.44191280084,0-25%,130043.43005977188,25-50%,13.75,3.5,48.2,15.752019600943042,0.242,0.008476836490395228,0,,0.0,13.75,0.0,0.0,0.0,0.0,-5.197523053665911,-0.001
392,200987,3,2025-09-07,A,51.59906902379909,41-65,129619.19512492968,25-50%,572137.0585748045,25-50%,2314385.620731337,>75%,5.25,6.5,9.6,3.667982770729564,0.201,0.008054286784100957,0,,0.0,5.25,0.0,0.0,0.0,0.0,-5.197523053665911,-0.001
393,926832,3,2025-09-07,A,80.0745404540497,>65,1037355.361630286,>75%,15489005.469988402,>75%,3014974.684022448,>75%,7.0,4.0,1.2,3.248191855219112,0.103,0.002317858436261423,0,,0.0,7.0,0.0,0.0,0.0,0.0,-5.197523053665911,-0.001
394,149565,3,2025-09-07,A,75.6771060772225,>65,1985754.233188064,>75%,89243607.97131653,>75%,4170361.414819172,>75%,6.0,1.25,0.8,5.583536734398217,0.129,0.0033822230804153772,0,,0.0,6.0,0.0,0.0,0.0,0.0,-5.197523053665911,-0.001
395,376355,3,2025-09-07,A,63.84231047461347,41-65,669130.7117442022,>75%,63202428.334362105,>75%,3618593.6646679686,>75%,7.5,5.0,14.2,7.451631070937051,0.182,0.003654461070729472,0,,0.0,7.5,0.0,0.0,0.0,0.0,-5.197523053665911,-0.001
396,573436,3,2025-09-07,A,38.7017050713725,18-40,335046.3950200623,50-75%,1470317.2081312858,50-75%,1404575.1986878964,50-75%,8.75,9.5,138.1,4.025022669193958,0.231,0.019814518985270563,0,,0.0,8.75,0.0,0.0,0.0,0.0,-5.197523053665911,-0.001
397,830676,3,2025-09-07,A,66.96200115500451,>65,462908.5663967569,50-75%,2205779.451484356,50-75%,1595816.867727473,50-75%,7.25,7.25,12.4,0.0775227020362013,0.142,0.0038426839501465586,0,,0.0,7.25,0.0,0.0,0.0,0.0,-5.197523053665911,-0.001
398,107492,3,2025-09-07,A,42.77345827756604,41-65,767204.7774644482,>75%,317749.51050436933,0-25%,980872.6815616305,50-75%,8.75,7.75,29.4,6.094607362110072,0.257,0.014932692713032766,0,,0.0,8.75,0.0,0.0,0.0,0.0,-5.197523053665911,-0.001
399,799081,3,2025-09-07,A,68.20163450955936,>65,174384.9554807672,25-50%,1070603.0191897498,25-50%,846648.996715948,50-75%,7.5,5.75,9.2,2.904869835261992,0.175,0.0025325512201438546,0,,0.0,7.5,0.0,0.0,0.0,0.0,-5.197523053665911,-0.001
400,566144,3,2025-09-07,A,74.01293630173573,>65,1346611.7680482771,>75%,3854444.087685988,50-75%,44865.70863493144,0-25%,8.75,4.0,7.2,12.71055269038544,0.144,0.00690575723811025,0,,0.0,8.75,0.0,0.0,0.0,0.0,-5.197523053665911,-0.001
401,106016,3,2025-09-07,A,73.74832046586066,>65,191566.58106233887,50-75%,1036332.8767453976,25-50%,1083079.7324186328,50-75%,8.0,9.0,55.1,14.624571866212158,0.144,0.0025556897364376937,0,,0.0,8.0,0.0,0.0,0.0,0.0,-5.197523053665911,-0.001
402,589425,3,2025-09-07,A,26.723776877650145,18-40,216019.2827627448,50-75%,875735.54321426,25-50%,27583.260264017204,0-25%,11.0,7.5,17.5,1.2575359382843003,0.296,0.047387978447464736,0,,0.0,11.0,0.0,0.0,0.0,0.0,-5.197523053665911,-0.001
403,723806,3,2025-09-07,A,33.81017744562158,18-40,120417.27504097758,25-50%,465876.08476581663,25-50%,64814.25082143477,0-25%,5.75,8.75,23.3,5.085254379929497,0.236,0.03838490037685797,1,2025-09-28,1.25,7.0,1505.2159380122198,1505.2159380122198,3010.4318760244396,2.107302313217108,-3.0902207404488027,2.106302313217108
404,950404,3,2025-09-07,A,71.2805087236078,>65,1092178.9111644486,>75%,4614921.895298118,50-75%,896600.0418539172,50-75%,14.75,5.5,2.9,2.985221293762851,0.157,0.004838809394460444,0,,0.0,14.75,0.0,0.0,0.0,0.0,-5.197523053665911,-0.001
405,625011,3,2025-09-07,A,43.11549249811852,41-65,83681.07856028288,0-25%,28537.367119334103,0-25%,15661.109833905077,0-25%,12.0,4.75,3.2,2.0728742998997163,0.258,0.016044418415720425,0,,0.0,12.0,0.0,0.0,0.0,0.0,-5.197523053665911,-0.001
406,609801,3,2025-09-07,A,35.12033204571395,18-40,215803.17820934203,50-75%,607326.8982196698,25-50%,70672.52263217683,0-25%,3.25,8.75,6.1,0.4724759781786539,0.238,0.05226258231184235,0,,0.0,3.25,0.0,0.0,0.0,0.0,-5.197523053665911,-0.001
407,544405,3,2025-09-07,A,50.12904452710258,41-65,166349.32399960418,25-50%,294311.4743936249,0-25%,1046266.4245484972,50-75%,13.5,10.25,14.8,2.038891182204289,0.195,0.0059596188455241575,0,,0.0,13.5,0.0,0.0,0.0,0.0,-5.197523053665911,-0.001
408,788454,3,2025-09-07,A,25.606054730680224,18-40,851289.0711368824,>75%,2735212.84626344,50-75%,66216.47768730817,0-25%,9.0,5.75,13.7,2.962845667951564,0.277,0.07117835488551387,0,,0.0,9.0,0.0,0.0,0.0,0.0,-5.197523053665911,-0.001
409,762427,3,2025-09-07,A,37.15662311791876,18-40,268207.10173097224,50-75%,335823.36444021977,0-25%,317615.8089304216,25-50%,2.75,7.5,38.6,2.638942503959929,0.247,0.03367045990164042,0,,0.0,2.75,0.0,0.0,0.0,0.0,-5.197523053665911,-0.001
410,156720,3,2025-09-07,A,42.29952344383383,41-65,110686.38753993007,25-50%,229849.52959890556,0-25%,28026.049532567373,0-25%,7.25,2.0,23.0,1.6169778649156024,0.249,0.016167997675050123,0,,0.0,7.25,0.0,0.0,0.0,0.0,-5.197523053665911,-0.001
411,988819,3,2025-09-07,A,34.19621345809471,18-40,6515647.037193863,>75%,12288332.570191814,>75%,1750233.048338046,>75%,10.75,7.75,199.7,3.278933707945681,0.27,0.038640995224542236,0,,0.0,10.75,0.0,0.0,0.0,0.0,-5.197523053665911,-0.001
412,490872,3,2025-09-07,A,31.406294565730008,18-40,288635.51040488493,50-75%,684406.972609987,25-50%,110964.01060005242,0-25%,6.25,1.25,20.4,0.8589740997773929,0.254,0.03189864944682458,0,,0.0,6.25,0.0,0.0,0.0,0.0,-5.197523053665911,-0.001
413,388193,3,2025-09-07,A,35.496560176239456,18-40,665571.4994261122,>75%,722813.6427554584,25-50%,1328781.9764317852,50-75%,7.5,6.0,53.9,12.728484475584136,0.301,0.015254572690546826,0,,0.0,7.5,0.0,0.0,0.0,0.0,-5.197523053665911,-0.001
414,338161,3,2025-09-07,A,69.86147596222969,>65,12232534.088483518,>75%,86078094.60827206,>75%,1272253.299023091,50-75%,4.25,8.75,12.7,1.0815335617775432,0.163,0.028024886374851374,0,,0.0,4.25,0.0,0.0,0.0,0.0,-5.197523053665911,-0.001
415,428766,3,2025-09-07,A,80.33451227108318,>65,88213.77241337155,0-25%,455304.0773294075,25-50%,1226797.166576179,50-75%,10.75,12.5,41.6,11.820150605459608,0.111,0.0013983410489190678,0,,0.0,10.75,0.0,0.0,0.0,0.0,-5.197523053665911,-0.001
416,398338,3,2025-09-07,A,63.15109418842066,41-65,1589639.185853043,>75%,720681.098511837,25-50%,125474.65395098344,25-50%,9.0,7.25,60.5,10.89502206968778,0.132,0.009628716797011438,0,,0.0,9.0,0.0,0.0,0.0,0.0,-5.197523053665911,-0.001
417,497523,3,2025-09-07,A,62.99235105360204,41-65,28793.75169137781,0-25%,48640.26759581571,0-25%,20309.330882211856,0-25%,6.0,10.75,60.0,3.757758693192677,0.155,0.00596865280497763,0,,0.0,6.0,0.0,0.0,0.0,0.0,-5.197523053665911,-0.001
418,284431,3,2025-09-07,A,41.71414599670207,41-65,1560795.7144881669,>75%,897132.2992873287,25-50%,2219804.79859983,>75%,6.5,10.5,38.2,2.7661696913164064,0.257,0.03758166001963926,0,,0.0,6.5,0.0,0.0,0.0,0.0,-5.197523053665911,-0.001
419,290777,3,2025-09-07,A,62.434210161447446,41-65,8361928.40532311,>75%,57553730.33726397,>75%,4771061.670842988,>75%,6.0,1.5,10.7,5.865908212906222,0.143,0.01167513612966474,0,,0.0,6.0,0.0,0.0,0.0,0.0,-5.197523053665911,-0.001
420,101470,3,2025-09-07,A,82.35296757178575,>65,53165.24656989319,0-25%,804295.8481249439,25-50%,323196.91215627687,25-50%,5.0,9.25,29.1,4.680702280962775,0.15,0.0016647673460115995,0,,0.0,5.0,0.0,0.0,0.0,0.0,-5.197523053665911,-0.001
421,564091,3,2025-09-07,A,42.44684834196877,41-65,1195247.190195417,>75%,3036904.2123476644,50-75%,86596.74991648037,0-25%,7.0,9.25,151.1,1.8344073948182371,0.255,0.052711266903234306,0,,0.0,7.0,0.0,0.0,0.0,0.0,-5.197523053665911,-0.001
422,357666,3,2025-09-07,A,35.03348997581983,18-40,213206.89643956503,50-75%,805874.142146326,25-50%,734188.6745257714,50-75%,9.0,8.0,16.9,3.780295255381945,0.278,0.014588468988107004,0,,0.0,9.0,0.0,0.0,0.0,0.0,-5.197523053665911,-0.001
423,567015,3,2025-09-07,A,66.18690107478287,>65,53187.18623820943,0-25%,398203.7275764615,25-50%,456638.38354092697,25-50%,5.25,4.75,9.1,7.136664306045965,0.163,0.0017130316006171967,0,,0.0,5.25,0.0,0.0,0.0,0.0,-5.197523053665911,-0.001
424,247067,3,2025-09-07,A,49.6090074929022,41-65,127987.71858207395,25-50%,1072549.0132721865,25-50%,211213.0689730442,25-50%,5.75,4.75,0.5,6.638978849190278,0.158,0.0070953617259650785,0,,0.0,5.75,0.0,0.0,0.0,0.0,-5.197523053665911,-0.001
425,712284,3,2025-09-07,A,65.71084302126519,41-65,131484.21963861937,25-50%,2192685.846948326,50-75%,5156960.666885637,>75%,13.0,13.25,5.1,1.760528335192251,0.162,0.003535647191588484,0,,0.0,13.0,0.0,0.0,0.0,0.0,-5.197523053665911,-0.001
426,464162,3,2025-09-07,A,37.62821447081868,18-40,5425710.8377021365,>75%,3900828.920073916,50-75%,70922.47045001703,0-25%,10.75,5.75,35.5,0.1975429013508645,0.255,0.08691442546821058,0,,0.0,10.75,0.0,0.0,0.0,0.0,-5.197523053665911,-0.001
427,438653,3,2025-09-07,A,50.62614806766873,41-65,177222.88086413228,25-50%,1049036.101219484,25-50%,441928.2967992025,25-50%,11.5,7.5,39.5,2.5472047844432018,0.181,0.006777522593695108,0,,0.0,11.5,0.0,0.0,0.0,0.0,-5.197523053665911,-0.001
428,349240,3,2025-09-07,A,39.47343361321789,18-40,103899.93017010573,25-50%,515952.033894118,25-50%,27892.53901650396,0-25%,7.75,10.0,59.8,7.643823859830852,0.246,0.028576437682804805,0,,0.0,7.75,0.0,0.0,0.0,0.0,-5.197523053665911,-0.001
429,296394,3,2025-09-07,A,74.04720963258488,>65,528195.2742033962,>75%,52146319.08199687,>75%,3423065.176149765,>75%,13.25,4.0,59.5,0.5828002040283773,0.132,0.0021609655526415735,0,,0.0,13.25,0.0,0.0,0.0,0.0,-5.197523053665911,-0.001
430,851138,3,2025-09-07,A,70.7136376403992,>65,156419.21953928436,25-50%,1926166.4505683517,50-75%,1755584.1050141964,>75%,9.75,2.5,120.0,9.13278271565489,0.151,0.0012365859076582347,0,,0.0,9.75,0.0,0.0,0.0,0.0,-5.197523053665911,-0.001
431,959751,3,2025-09-07,A,70.9030468263859,>65,44566.38404573416,0-25%,158320.31985914044,0-25%,218366.25485227257,25-50%,6.0,9.75,38.9,0.3117962258676293,0.136,0.0032801286157393434,0,,0.0,6.0,0.0,0.0,0.0,0.0,-5.197523053665911,-0.001
432,418930,3,2025-09-07,A,39.53938296276336,18-40,1030828.893932428,>75%,4759784.156231536,50-75%,1051943.1898251502,50-75%,5.25,12.25,27.2,3.419823071098415,0.229,0.04128022405949986,1,2025-09-09,2.0,7.25,20616.57787864856,20616.57787864856,41233.15575729712,28.86320903010799,23.665685976442077,28.862209030107987
433,624158,3,2025-09-07,A,60.56439020039753,41-65,164273.6111384074,25-50%,63179.90993162305,0-25%,53346.13099774327,0-25%,2.5,7.75,25.6,5.291375562320634,0.176,0.01204168363061366,0,,0.0,2.5,0.0,0.0,0.0,0.0,-5.197523053665911,-0.001
434,958438,3,2025-09-07,A,64.30341134127313,41-65,338208.9738244027,50-75%,11792627.462887336,>75%,837842.3402212952,50-75%,9.5,9.0,0.5,5.22066452966926,0.146,0.00396787671620642,0,,0.0,9.5,0.0,0.0,0.0,0.0,-5.197523053665911,-0.001
435,656105,3,2025-09-07,A,71.72533547311431,>65,66581.84245120852,0-25%,944759.2922028915,25-50%,211606.89285541928,25-50%,9.25,9.0,5.2,1.746030830740931,0.13,0.001954274726614811,0,,0.0,9.25,0.0,0.0,0.0,0.0,-5.197523053665911,-0.001
436,212367,3,2025-09-07,A,53.29979504972784,41-65,1567138.2472710058,>75%,5767599.73918083,50-75%,916584.0494625114,50-75%,11.25,8.5,46.9,4.0862092613860055,0.197,0.012396150250819608,0,,0.0,11.25,0.0,0.0,0.0,0.0,-5.197523053665911,-0.001
437,135571,3,2025-09-07,A,53.49171659572576,41-65,74060.29291471936,0-25%,171144.57772333192,0-25%,5788.130410328525,0-25%,9.25,8.5,57.3,8.458551864347841,0.165,0.00859190505132453,0,,0.0,9.25,0.0,0.0,0.0,0.0,-5.197523053665911,-0.001
438,797774,3,2025-09-07,A,58.68004673250167,41-65,81899.18688532816,0-25%,596726.1048507538,25-50%,72936.32020512814,0-25%,4.0,13.5,13.6,7.064927408490512,0.197,0.008945208977637079,0,,0.0,4.0,0.0,0.0,0.0,0.0,-5.197523053665911,-0.001
439,736661,3,2025-09-07,A,83.81788770937685,>65,137065.98985596854,25-50%,1152765.703880663,25-50%,1684745.2684451784,50-75%,10.5,5.0,8.3,0.9616990234759624,0.132,0.0009351275072419592,0,,0.0,10.5,0.0,0.0,0.0,0.0,-5.197523053665911,-0.001
440,764545,3,2025-09-07,A,44.25251149970355,41-65,101754.42807443973,25-50%,353397.2576502871,0-25%,1881900.704903411,>75%,7.25,9.0,68.3,3.179280427055424,0.225,0.009865945620801543,0,,0.0,7.25,0.0,0.0,0.0,0.0,-5.197523053665911,-0.001
441,573836,3,2025-09-07,A,68.2364290405139,>65,118885.79098234528,25-50%,1553169.3830193165,50-75%,341601.49555039883,25-50%,15.5,5.75,49.6,6.273637242896864,0.144,0.0022070252473361126,0,,0.0,15.5,0.0,0.0,0.0,0.0,-5.197523053665911,-0.001
442,614386,3,2025-09-07,A,44.57230739759783,41-65,1082790.519830854,>75%,829034.4839980813,25-50%,632985.0025515301,50-75%,9.0,1.0,43.0,1.8506624791457935,0.237,0.01884912061266372,0,,0.0,9.0,0.0,0.0,0.0,0.0,-5.197523053665911,-0.001
443,259580,3,2025-09-07,A,62.69626955575015,41-65,791387.4771460624,>75%,16729521.89128858,>75%,4040964.799241494,>75%,14.5,10.25,11.4,5.675445001958777,0.16,0.004278796673478012,0,,0.0,14.5,0.0,0.0,0.0,0.0,-5.197523053665911,-0.001
444,202262,3,2025-09-07,A,61.28062525540882,41-65,96278.51441688275,25-50%,1164115.058603724,25-50%,214595.50024452945,25-50%,4.0,6.25,19.2,9.216288793099196,0.169,0.006232860683889016,0,,0.0,4.0,0.0,0.0,0.0,0.0,-5.197523053665911,-0.001
445,961990,3,2025-09-07,A,65.9341459454422,41-65,66510.74894674213,0-25%,426008.8362437274,25-50%,504987.5498935612,50-75%,2.75,8.75,9.3,13.411482835284977,0.179,0.0031885966408888456,0,,0.0,2.75,0.0,0.0,0.0,0.0,-5.197523053665911,-0.001
446,888132,3,2025-09-07,A,29.788414244926315,18-40,6954236.104335912,>75%,49178459.10415717,>75%,4658085.499006745,>75%,9.25,7.75,16.8,6.3790575288823606,0.256,0.05289147342383539,0,,0.0,9.25,0.0,0.0,0.0,0.0,-5.197523053665911,-0.001
447,346297,3,2025-09-07,A,50.36582064148997,41-65,282042.9600272765,50-75%,120074.14912188752,0-25%,63525.32966845221,0-25%,13.75,10.75,16.3,0.5096046896084205,0.201,0.01414772069322824,0,,0.0,13.75,0.0,0.0,0.0,0.0,-5.197523053665911,-0.001
448,800810,3,2025-09-07,A,60.29870008121341,41-65,652831.3039234184,>75%,4212877.094456479,50-75%,474505.435426616,25-50%,5.75,5.75,25.1,6.396784753559586,0.201,0.006775949150516587,0,,0.0,5.75,0.0,0.0,0.0,0.0,-5.197523053665911,-0.001
449,123902,3,2025-09-07,A,46.4018030165138,41-65,268710.96401143266,50-75%,1772128.0452365284,50-75%,637875.0134269375,50-75%,5.5,8.0,12.8,12.84020107265257,0.209,0.01500361415675373,0,,0.0,5.5,0.0,0.0,0.0,0.0,-5.197523053665911,-0.001
450,413578,3,2025-09-07,A,33.31652335455087,18-40,81462.17962737092,0-25%,110519.70552656776,0-25%,54044.51517168578,0-25%,6.0,10.75,14.1,6.268806370330152,0.261,0.034246388602397454,0,,0.0,6.0,0.0,0.0,0.0,0.0,-5.197523053665911,-0.001
451,720548,3,2025-09-07,A,54.94263913239418,41-65,3160656.227981836,>75%,55907467.707687184,>75%,1916057.2615137636,>75%,10.25,6.5,64.9,0.7806482831458584,0.211,0.013825007670677144,0,,0.0,10.25,0.0,0.0,0.0,0.0,-5.197523053665911,-0.001
452,789120,3,2025-09-07,A,30.79537766016313,18-40,100583.41302135734,25-50%,295729.77432564914,0-25%,172013.17285925674,25-50%,8.0,9.0,30.6,5.766513423346557,0.306,0.03247440299814201,0,,0.0,8.0,0.0,0.0,0.0,0.0,-5.197523053665911,-0.001
453,194165,3,2025-09-07,A,39.48411380623839,18-40,40571.485039390114,0-25%,20928.97658655506,0-25%,5749.141441607409,0-25%,12.0,9.0,15.8,1.4075998173458462,0.238,0.017310623433019062,0,,0.0,12.0,0.0,0.0,0.0,0.0,-5.197523053665911,-0.001
454,754208,3,2025-09-07,A,63.94802956031654,41-65,115246.33636070452,25-50%,2064029.1487181385,50-75%,701760.0497156288,50-75%,9.5,10.25,5.5,0.7457997197428347,0.166,0.005788561154322435,0,,0.0,9.5,0.0,0.0,0.0,0.0,-5.197523053665911,-0.001
455,911343,3,2025-09-07,A,58.238294892380736,41-65,111284.50911020684,25-50%,8405473.78185153,>75%,218987.92439718265,25-50%,9.0,5.0,22.7,0.2157391173350155,0.139,0.004819216258867367,0,,0.0,9.0,0.0,0.0,0.0,0.0,-5.197523053665911,-0.001
456,598747,3,2025-09-07,A,64.6863475550946,41-65,393109.67682359245,50-75%,2058878.2685621572,50-75%,3670276.2237313697,>75%,9.25,4.5,6.6,6.176383361582831,0.138,0.0028990198407074456,0,,0.0,9.25,0.0,0.0,0.0,0.0,-5.197523053665911,-0.001
457,131405,3,2025-09-07,A,47.10519030309818,41-65,556982.8592910526,>75%,7091380.19854795,>75%,3696886.519092377,>75%,8.25,11.0,49.7,1.3712355823941509,0.23,0.01678994153446085,0,,0.0,8.25,0.0,0.0,0.0,0.0,-5.197523053665911,-0.001
458,609323,3,2025-09-07,A,55.891671530346514,41-65,44188.13879381063,0-25%,94039.03283700749,0-25%,119430.6008940767,25-50%,5.25,13.0,20.3,11.97518046244074,0.206,0.006153651166443599,0,,0.0,5.25,0.0,0.0,0.0,0.0,-5.197523053665911,-0.001
459,999192,3,2025-09-07,A,49.1713630896546,41-65,81135.63866450374,0-25%,388137.3785825936,25-50%,72672.68081049254,0-25%,4.5,13.75,11.1,0.3110909309936021,0.235,0.017076753847961437,0,,0.0,4.5,0.0,0.0,0.0,0.0,-5.197523053665911,-0.001
460,748054,3,2025-09-07,A,59.84660393229915,41-65,155461.8210029499,25-50%,544969.710631394,25-50%,118376.8576814838,0-25%,3.5,5.0,49.0,3.737650434761546,0.163,0.010164134943125897,0,,0.0,3.5,0.0,0.0,0.0,0.0,-5.197523053665911,-0.001
461,311454,3,2025-09-07,A,44.986136484153306,41-65,188899.2635639125,50-75%,2310443.6297294563,50-75%,2559697.596801507,>75%,13.5,8.75,71.3,5.869462905667176,0.21,0.005439059966016527,0,,0.0,13.5,0.0,0.0,0.0,0.0,-5.197523053665911,-0.001
462,594169,3,2025-09-07,A,69.66069097419245,>65,1256044.8868402787,>75%,3207507.5248922477,50-75%,946260.633943354,50-75%,5.75,10.25,30.1,4.056922343015294,0.149,0.0101145198993819,0,,0.0,5.75,0.0,0.0,0.0,0.0,-5.197523053665911,-0.001
463,601387,3,2025-09-07,A,70.53816391503213,>65,400684.1149134252,50-75%,2996979.9602528773,50-75%,2786319.747861866,>75%,4.75,7.75,31.9,4.259703303823354,0.153,0.004597693530778206,0,,0.0,4.75,0.0,0.0,0.0,0.0,-5.197523053665911,-0.001
464,691954,3,2025-09-07,A,62.38055644382634,41-65,76242.8132121614,0-25%,111768.67866920124,0-25%,1331692.672516561,50-75%,2.75,10.75,9.1,0.3003330644270094,0.188,0.004561533684459854,0,,0.0,2.75,0.0,0.0,0.0,0.0,-5.197523053665911,-0.001
465,446253,3,2025-09-07,A,81.04176646006671,>65,20882837.9677708,>75%,100117379.10207751,>75%,1075195.7789277982,50-75%,5.25,3.25,16.5,1.3470324938765044,0.134,0.010477561292708566,0,,0.0,5.25,0.0,0.0,0.0,0.0,-5.197523053665911,-0.001
466,680760,3,2025-09-07,A,69.2147771112942,>65,1084827.93557964,>75%,37748989.5506825,>75%,11370338.139889557,>75%,2.5,6.25,46.3,2.855484911178797,0.145,0.005623299248157476,0,,0.0,2.5,0.0,0.0,0.0,0.0,-5.197523053665911,-0.001
467,289832,3,2025-09-07,A,49.170176502002505,41-65,153847.1458367517,25-50%,1646176.3131724023,50-75%,306394.467815692,25-50%,8.75,8.75,9.4,0.210007656847627,0.235,0.0083679596061299,0,,0.0,8.75,0.0,0.0,0.0,0.0,-5.197523053665911,-0.001
468,340630,3,2025-09-07,A,41.273188871560734,41-65,185043.190072704,50-75%,623450.2271737761,25-50%,881769.1560860345,50-75%,2.5,6.75,2.4,1.5101006843385878,0.231,0.020801795509930995,0,,0.0,2.5,0.0,0.0,0.0,0.0,-5.197523053665911,-0.001
469,992855,3,2025-09-07,A,39.552537705072304,18-40,880922.485061432,>75%,8565636.41273485,>75%,4206869.905755014,>75%,10.0,9.5,14.7,12.296029136177872,0.25,0.011974677912729987,0,,0.0,10.0,0.0,0.0,0.0,0.0,-5.197523053665911,-0.001
470,845204,3,2025-09-07,A,55.46003461928668,41-65,12867847.99939306,>75%,157053533.98847315,>75%,7895699.427120567,>75%,6.0,9.25,2.1,5.577190116305659,0.222,0.03597498477644369,0,,0.0,6.0,0.0,0.0,0.0,0.0,-5.197523053665911,-0.001
471,765121,3,2025-09-07,A,33.638960235698725,18-40,59701.40212268299,0-25%,141553.54687872762,0-25%,14273.581069451044,0-25%,8.0,7.0,14.4,2.405976424368995,0.252,0.021982389803521338,0,,0.0,8.0,0.0,0.0,0.0,0.0,-5.197523053665911,-0.001
472,329592,3,2025-09-07,A,55.19266097320544,41-65,1402514.9660400248,>75%,3773390.876304495,50-75%,516871.1977912441,50-75%,3.25,3.0,58.4,12.436005468522184,0.205,0.009646062910735395,0,,0.0,3.25,0.0,0.0,0.0,0.0,-5.197523053665911,-0.001
473,695804,3,2025-09-07,A,83.51524415943263,>65,110148.89810336028,25-50%,2857852.687743257,50-75%,1336608.11562842,50-75%,8.0,4.25,15.1,2.743802031757356,0.085,0.0008556465252893126,0,,0.0,8.0,0.0,0.0,0.0,0.0,-5.197523053665911,-0.001
474,967514,3,2025-09-07,A,39.13181566373592,18-40,1316361.0548154477,>75%,3669310.6563884513,50-75%,1272442.2834364644,50-75%,11.75,4.75,9.8,0.8695813011465727,0.249,0.025282203604683758,0,,0.0,11.75,0.0,0.0,0.0,0.0,-5.197523053665911,-0.001
475,580759,3,2025-09-07,A,67.8229469794412,>65,4685852.168216444,>75%,42699159.793644354,>75%,2647859.896452975,>75%,14.5,6.5,66.0,10.899716866564898,0.156,0.006201735952960337,0,,0.0,14.5,0.0,0.0,0.0,0.0,-5.197523053665911,-0.001
476,936615,3,2025-09-07,A,34.740491306361015,18-40,85745.93229853404,0-25%,19567.45391841964,0-25%,4401.526433807427,0-25%,5.0,7.75,3.6,6.296214902160695,0.255,0.05644867402101405,0,,0.0,5.0,0.0,0.0,0.0,0.0,-5.197523053665911,-0.001
477,649176,3,2025-09-07,A,74.82087706261812,>65,1082336.6343525464,>75%,48788287.37755875,>75%,3600569.676112722,>75%,10.5,7.5,2.8,4.117528113022448,0.145,0.0028883656543439657,0,,0.0,10.5,0.0,0.0,0.0,0.0,-5.197523053665911,-0.001
478,363514,3,2025-09-07,A,75.16972097188882,>65,60482.65659848836,0-25%,1342269.7395357632,50-75%,40263.5910393747,0-25%,7.0,10.5,16.2,5.515921124494588,0.124,0.004021368819942553,0,,0.0,7.0,0.0,0.0,0.0,0.0,-5.197523053665911,-0.001
479,434219,3,2025-09-07,A,38.98051203971364,18-40,434123.45871492615,50-75%,6647359.562125148,>75%,141311.21252157705,25-50%,4.0,7.0,11.4,6.561379714302017,0.223,0.042970909285396035,1,2025-10-02,1.5,5.5,6511.851880723892,6511.851880723892,13023.703761447783,9.11659263301345,3.91906957934754,9.115592633013451
480,764939,3,2025-09-07,A,60.814435261045936,41-65,31675.90469136817,0-25%,20069.86261433725,0-25%,33259.48875705725,0-25%,10.25,11.0,43.0,20.561425150635596,0.195,0.00422368476366036,0,,0.0,10.25,0.0,0.0,0.0,0.0,-5.197523053665911,-0.001
481,174264,3,2025-09-07,A,77.74428822832184,>65,1729254.7588746408,>75%,88527503.9035995,>75%,3208664.330991524,>75%,8.0,4.0,36.0,10.755589720539913,0.117,0.002481947630611626,0,,0.0,8.0,0.0,0.0,0.0,0.0,-5.197523053665911,-0.001
482,926463,3,2025-09-07,A,55.32243349012167,41-65,104942.59840121365,25-50%,455573.8762892496,25-50%,117219.07102820378,0-25%,3.75,7.75,14.6,3.3947230865004445,0.204,0.011637904578280935,0,,0.0,3.75,0.0,0.0,0.0,0.0,-5.197523053665911,-0.001
483,890294,3,2025-09-07,A,75.49737562819998,>65,5833370.716891165,>75%,18823294.848782748,>75%,1061474.1580867784,50-75%,5.5,14.25,1.8,5.2360994735458215,0.127,0.014756527912484097,0,,0.0,5.5,0.0,0.0,0.0,0.0,-5.197523053665911,-0.001
484,295155,3,2025-09-07,A,41.61167395318908,41-65,203683.2437998642,50-75%,1140444.1466343317,25-50%,398418.3737150432,25-50%,2.75,2.5,5.6,0.5530254150248777,0.223,0.013033540601316139,0,,0.0,2.75,0.0,0.0,0.0,0.0,-5.197523053665911,-0.001
485,679992,3,2025-09-07,A,49.656809325036456,41-65,438075.630194694,50-75%,1680128.459849476,50-75%,2398208.8802507846,>75%,5.0,8.0,5.8,2.440183948496333,0.235,0.015551615566590475,0,,0.0,5.0,0.0,0.0,0.0,0.0,-5.197523053665911,-0.001
486,659078,3,2025-09-07,A,27.27457874280008,18-40,132915.52354648415,25-50%,354781.178969391,0-25%,48149.06057832154,0-25%,8.25,15.25,7.6,6.712989118818269,0.283,0.05785493888738177,0,,0.0,8.25,0.0,0.0,0.0,0.0,-5.197523053665911,-0.001
487,862462,3,2025-09-07,A,37.21020491999838,18-40,123035.86658863936,25-50%,178645.5829041017,0-25%,1704596.675119761,50-75%,3.25,9.25,26.4,0.4849389163288052,0.255,0.018106682163783108,0,,0.0,3.25,0.0,0.0,0.0,0.0,-5.197523053665911,-0.001
488,500144,3,2025-09-07,A,35.45698320366853,18-40,619570.9233313986,>75%,1322996.3223688866,50-75%,241184.21254176693,25-50%,11.75,6.25,43.1,6.430156889376869,0.252,0.02558339671020696,0,,0.0,11.75,0.0,0.0,0.0,0.0,-5.197523053665911,-0.001
489,684034,3,2025-09-07,A,54.09713929567992,41-65,76430.08371678372,0-25%,1199903.335206855,25-50%,271553.18313530774,25-50%,9.5,8.75,25.2,0.2244081845579449,0.178,0.004780253865559339,0,,0.0,9.5,0.0,0.0,0.0,0.0,-5.197523053665911,-0.001
490,842896,3,2025-09-07,A,55.60138661043648,41-65,224375.33579832924,50-75%,820874.2002445882,25-50%,1289544.4237874623,50-75%,15.0,7.5,16.4,1.3760529230569098,0.178,0.00499224587965369,0,,0.0,15.0,0.0,0.0,0.0,0.0,-5.197523053665911,-0.001
491,221734,3,2025-09-07,A,73.90727236516973,>65,172695.44626891153,25-50%,20248879.794936374,>75%,2662950.4201260973,>75%,13.25,6.25,0.4,0.596315087767167,0.11,0.0015853638468298296,0,,0.0,13.25,0.0,0.0,0.0,0.0,-5.197523053665911,-0.001
492,604582,3,2025-09-07,A,30.767083950231225,18-40,186810.4742559995,50-75%,520738.2035479264,25-50%,192976.67897427725,25-50%,10.75,14.25,8.0,5.620988567007072,0.261,0.04326807568031539,0,,0.0,10.75,0.0,0.0,0.0,0.0,-5.197523053665911,-0.001
493,352914,3,2025-09-07,A,47.13698026867364,41-65,3279354.968020628,>75%,1614875.253742487,50-75%,3542377.6478155307,>75%,14.75,11.0,23.1,2.294417393007813,0.238,0.018995257188788712,0,,0.0,14.75,0.0,0.0,0.0,0.0,-5.197523053665911,-0.001
494,658388,3,2025-09-07,A,63.465792911335015,41-65,397623.6438329466,50-75%,1499396.4368807618,50-75%,1197467.7971412437,50-75%,10.0,8.25,25.1,2.0118272392052776,0.15,0.004239708712112912,0,,0.0,10.0,0.0,0.0,0.0,0.0,-5.197523053665911,-0.001
495,250932,3,2025-09-07,A,45.14308913155316,41-65,112255.76142199126,25-50%,883008.2373402413,25-50%,1105807.4097279804,50-75%,11.5,6.25,0.3,0.9079145255219234,0.216,0.006750691495854702,0,,0.0,11.5,0.0,0.0,0.0,0.0,-5.197523053665911,-0.001
496,646432,3,2025-09-07,A,69.02085378337942,>65,273078.8770911051,50-75%,18150473.088093445,>75%,2735929.7873826334,>75%,1.5,6.0,3.9,0.6564227252567383,0.121,0.004881628227075891,0,,0.0,1.5,0.0,0.0,0.0,0.0,-5.197523053665911,-0.001
497,416625,3,2025-09-07,A,76.9845142973196,>65,101857.97350662985,25-50%,1446444.5164803525,50-75%,4829573.208877599,>75%,8.25,6.25,20.1,5.954331924186169,0.09,0.0007917201571756799,0,,0.0,8.25,0.0,0.0,0.0,0.0,-5.197523053665911,-0.001
498,364926,3,2025-09-07,A,42.85717681310399,41-65,87592.30680117129,0-25%,455435.7877283956,25-50%,729865.6422897574,50-75%,8.5,8.5,9.7,0.8761746802537566,0.251,0.0073076855202883,0,,0.0,8.5,0.0,0.0,0.0,0.0,-5.197523053665911,-0.001
499,372137,3,2025-09-07,A,60.8213139970364,41-65,175164.10772355378,25-50%,1967993.279739954,50-75%,1698885.6292054364,50-75%,13.0,7.25,14.4,11.337182327879884,0.168,0.0025287487250315165,0,,0.0,13.0,0.0,0.0,0.0,0.0,-5.197523053665911,-0.001
500,294374,3,2025-09-07,A,25.24570852550696,18-40,1575495.1512773745,>75%,1076921.354894097,25-50%,1277580.6869663813,50-75%,12.0,7.75,15.8,3.733596396757333,0.283,0.0495119279929369,0,,0.0,12.0,0.0,0.0,0.0,0.0,-5.197523053665911,-0.001
501,516890,3,2025-09-07,A,45.18471978702991,41-65,87989.98539823596,0-25%,82921.87337390876,0-25%,7273.089515174528,0-25%,8.25,10.75,16.5,1.2303075748912802,0.258,0.03413746902093711,0,,0.0,8.25,0.0,0.0,0.0,0.0,-5.197523053665911,-0.001
502,346555,3,2025-09-07,A,51.7693906490967,41-65,90499.5245236657,0-25%,732304.806850245,25-50%,369245.615915673,25-50%,7.0,7.75,22.1,11.307220649191027,0.198,0.008201711463952946,0,,0.0,7.0,0.0,0.0,0.0,0.0,-5.197523053665911,-0.001
503,152497,3,2025-09-07,A,41.16677476056442,41-65,342105.2946227023,50-75%,1330247.1991014415,50-75%,53407.70213834573,0-25%,9.0,8.75,8.7,0.3852905011981553,0.203,0.02568145870313533,0,,0.0,9.0,0.0,0.0,0.0,0.0,-5.197523053665911,-0.001
504,340456,3,2025-09-07,A,64.8457913577813,41-65,162712.33089283138,25-50%,752758.5062005119,25-50%,592461.9221213156,50-75%,11.75,11.0,18.6,10.802593094384108,0.143,0.0025299457715866145,0,,0.0,11.75,0.0,0.0,0.0,0.0,-5.197523053665911,-0.001
505,853853,3,2025-09-07,A,59.03090360260289,41-65,2549023.1560269217,>75%,10019038.684224652,>75%,6999573.681523641,>75%,5.75,10.5,48.8,2.3189474693782457,0.16,0.015252761966209352,0,,0.0,5.75,0.0,0.0,0.0,0.0,-5.197523053665911,-0.001
506,350611,3,2025-09-07,A,76.72114476946065,>65,1558155.1625699392,>75%,4300466.17511673,50-75%,2572848.7064332296,>75%,7.75,8.0,32.2,4.653622540012843,0.14,0.006143869703185531,0,,0.0,7.75,0.0,0.0,0.0,0.0,-5.197523053665911,-0.001
507,895630,3,2025-09-07,A,68.29511396264907,>65,53105.27266630736,0-25%,250805.66979756107,0-25%,4975.906780659717,0-25%,12.0,3.5,40.5,3.4065240235645464,0.221,0.00427938272720107,0,,0.0,12.0,0.0,0.0,0.0,0.0,-5.197523053665911,-0.001
508,415487,3,2025-09-07,A,41.583353222159154,41-65,242885.7902330731,50-75%,2388562.197029744,50-75%,190998.0926361832,25-50%,10.5,6.0,106.2,2.1615425108586965,0.226,0.012982849501314061,0,,0.0,10.5,0.0,0.0,0.0,0.0,-5.197523053665911,-0.001
509,275077,3,2025-09-07,A,57.44656460203903,41-65,136266.84751044933,25-50%,643560.1039988323,25-50%,1190874.8694983367,50-75%,9.25,5.75,5.4,10.967334535941497,0.16,0.002984971626670027,0,,0.0,9.25,0.0,0.0,0.0,0.0,-5.197523053665911,-0.001
510,974107,3,2025-09-07,A,50.96405655609917,41-65,122685.28548965,25-50%,803387.7911738602,25-50%,63503.4519042647,0-25%,7.75,5.0,31.8,2.695562374853515,0.19,0.00877104605616077,0,,0.0,7.75,0.0,0.0,0.0,0.0,-5.197523053665911,-0.001
511,800785,3,2025-09-07,A,28.22976009378793,18-40,35251.379280509194,0-25%,17210.19010191716,0-25%,16641.223012155504,0-25%,13.25,8.5,13.7,0.667505115728726,0.257,0.023171886977758252,0,,0.0,13.25,0.0,0.0,0.0,0.0,-5.197523053665911,-0.001
512,324944,3,2025-09-07,A,27.08705250417337,18-40,904392.7025004784,>75%,757142.1726657245,25-50%,629699.1382044732,50-75%,10.5,8.5,10.3,0.1999903945974277,0.236,0.04582495120385859,0,,0.0,10.5,0.0,0.0,0.0,0.0,-5.197523053665911,-0.001
513,804384,3,2025-09-07,A,55.0784109923022,41-65,989648.871502093,>75%,128747447.7635037,>75%,682863.0904026168,50-75%,1.0,7.0,104.1,10.196266774048556,0.202,0.01501957222513333,0,,0.0,1.0,0.0,0.0,0.0,0.0,-5.197523053665911,-0.001
514,798836,3,2025-09-07,A,46.0810660005988,41-65,250059.9137319528,50-75%,4916866.109271781,50-75%,915276.5544544692,50-75%,14.25,9.0,140.2,11.427744561151574,0.22,0.005514304560201739,0,,0.0,14.25,0.0,0.0,0.0,0.0,-5.197523053665911,-0.001
515,801699,3,2025-09-07,A,38.76164044985398,18-40,56588.78198203639,0-25%,110644.83245346288,0-25%,128792.30236352896,25-50%,5.75,2.0,7.0,5.009939412920141,0.291,0.009817717862995129,0,,0.0,5.75,0.0,0.0,0.0,0.0,-5.197523053665911,-0.001
516,908077,3,2025-09-07,A,77.10471085870113,>65,2107174.25319724,>75%,6624891.690548336,>75%,5963627.3113993965,>75%,13.25,10.75,67.0,5.575701089763947,0.137,0.002612561720312901,0,,0.0,13.25,0.0,0.0,0.0,0.0,-5.197523053665911,-0.001
517,416795,3,2025-09-07,A,51.36146125128288,41-65,75500.89561366155,0-25%,39839.488636533766,0-25%,94123.56051460296,0-25%,3.5,11.75,61.6,33.32453422699637,0.208,0.00553315472156741,0,,0.0,3.5,0.0,0.0,0.0,0.0,-5.197523053665911,-0.001
518,285696,3,2025-09-07,A,53.57058197353651,41-65,34359.72895241177,0-25%,157394.40779081327,0-25%,40807.51652723125,0-25%,5.25,8.75,123.7,3.1488428498968943,0.183,0.007945135473156412,0,,0.0,5.25,0.0,0.0,0.0,0.0,-5.197523053665911,-0.001
519,129431,3,2025-09-07,A,53.07103311986846,41-65,1215050.2852005493,>75%,2485034.145685912,50-75%,1240020.0253523237,50-75%,1.5,2.25,8.6,6.10302798557292,0.202,0.0213490498567525,0,,0.0,1.5,0.0,0.0,0.0,0.0,-5.197523053665911,-0.001
520,129982,3,2025-09-07,A,60.20624234221971,41-65,473216.223098266,50-75%,2929265.134447895,50-75%,6033267.139980181,>75%,8.5,6.75,62.5,0.7542044022161644,0.166,0.0036220560758184156,0,,0.0,8.5,0.0,0.0,0.0,0.0,-5.197523053665911,-0.001
521,478936,3,2025-09-07,A,40.20486464331767,18-40,320651.3246220975,50-75%,4204755.757426136,50-75%,358168.1478458763,25-50%,13.25,9.0,73.6,21.02809594364501,0.26,0.009109083597317004,0,,0.0,13.25,0.0,0.0,0.0,0.0,-5.197523053665911,-0.001
522,195214,3,2025-09-07,A,69.02973159479147,>65,165738.45678686572,25-50%,568495.0720474217,25-50%,4363314.84712538,>75%,7.0,7.75,19.2,8.577396175661743,0.141,0.0028088670753863188,0,,0.0,7.0,0.0,0.0,0.0,0.0,-5.197523053665911,-0.001
523,787232,3,2025-09-07,A,60.7748202261915,41-65,192615.6005369031,50-75%,1341747.4558647652,50-75%,1173077.579114257,50-75%,14.25,3.5,12.3,1.703760512436397,0.198,0.0036716949586967514,0,,0.0,14.25,0.0,0.0,0.0,0.0,-5.197523053665911,-0.001
524,519941,3,2025-09-07,A,70.76564260577817,>65,1113449.753824287,>75%,6583631.652172306,>75%,1780176.7966339055,>75%,8.75,5.0,6.6,7.486570844917256,0.12,0.0038180342197014954,0,,0.0,8.75,0.0,0.0,0.0,0.0,-5.197523053665911,-0.001
525,756580,3,2025-09-07,A,47.23997826249992,41-65,79824.04282812853,0-25%,620542.6466950024,25-50%,109536.70894626534,0-25%,5.25,9.75,12.9,5.436116501935524,0.184,0.014980107081418496,0,,0.0,5.25,0.0,0.0,0.0,0.0,-5.197523053665911,-0.001
526,402947,3,2025-09-07,A,61.18286257165562,41-65,723670.6993979638,>75%,6139687.357951344,>75%,910973.1532835988,50-75%,10.25,11.25,85.3,2.0313417453782696,0.151,0.011556551503778878,0,,0.0,10.25,0.0,0.0,0.0,0.0,-5.197523053665911,-0.001
527,656769,3,2025-09-07,A,68.4105741036806,>65,89388.40325178782,0-25%,1917582.0529355723,50-75%,97997.27425300278,0-25%,7.25,6.25,1.5,1.872294944241517,0.139,0.0031276184717709534,0,,0.0,7.25,0.0,0.0,0.0,0.0,-5.197523053665911,-0.001
528,379347,3,2025-09-07,A,67.9797870312339,>65,188406.89726213863,50-75%,16243399.95752165,>75%,1304654.5637198028,50-75%,12.0,9.25,18.8,2.985383022989112,0.098,0.0023584606921988977,0,,0.0,12.0,0.0,0.0,0.0,0.0,-5.197523053665911,-0.001
529,258703,3,2025-09-07,A,84.50294199930704,>65,7475608.416503306,>75%,48648310.922216654,>75%,6364314.995961976,>75%,9.75,9.5,3.2,2.227364031723996,0.131,0.003824775155217267,0,,0.0,9.75,0.0,0.0,0.0,0.0,-5.197523053665911,-0.001
530,947277,3,2025-09-07,A,50.172122226951394,41-65,130128.77821073565,25-50%,273342.1683811897,0-25%,115345.13172532526,0-25%,10.25,4.0,78.4,14.367542397564762,0.211,0.005579491172028376,0,,0.0,10.25,0.0,0.0,0.0,0.0,-5.197523053665911,-0.001
531,676990,3,2025-09-07,A,63.645161540629545,41-65,120287.05082969004,25-50%,607757.7644684637,25-50%,903536.4716040324,50-75%,13.25,10.0,3.0,1.2364530957142892,0.176,0.0028205135220234585,0,,0.0,13.25,0.0,0.0,0.0,0.0,-5.197523053665911,-0.001
532,980382,3,2025-09-07,A,54.71030379210419,41-65,59159.70846551309,0-25%,41097.990251166826,0-25%,1217755.0858914463,50-75%,9.5,13.0,42.0,11.306422635111014,0.17,0.004345003052609296,0,,0.0,9.5,0.0,0.0,0.0,0.0,-5.197523053665911,-0.001
533,388591,3,2025-09-07,A,74.84427128662743,>65,945531.1388449584,>75%,58942158.17923313,>75%,2984069.7362110955,>75%,9.0,9.0,30.1,2.6433136920677334,0.107,0.002782842899993241,0,,0.0,9.0,0.0,0.0,0.0,0.0,-5.197523053665911,-0.001
534,733349,3,2025-09-07,A,70.35453086364714,>65,66987.43591369712,0-25%,978660.679515412,25-50%,124394.5731490327,25-50%,10.75,9.75,7.4,2.963226848237589,0.137,0.0022784206646310925,0,,0.0,10.75,0.0,0.0,0.0,0.0,-5.197523053665911,-0.001
535,385756,3,2025-09-07,A,43.34160598391688,41-65,128627.9404315963,25-50%,256241.73432842505,0-25%,610435.9780112433,50-75%,10.5,9.75,10.1,1.0575033768931468,0.253,0.00872354319476767,0,,0.0,10.5,0.0,0.0,0.0,0.0,-5.197523053665911,-0.001
536,670024,3,2025-09-07,A,46.22036577969887,41-65,135033.07686364884,25-50%,589823.9214010466,25-50%,287845.40734625026,25-50%,1.25,5.25,26.6,3.6517643574593,0.226,0.01633370035268563,0,,0.0,1.25,0.0,0.0,0.0,0.0,-5.197523053665911,-0.001
537,591685,3,2025-09-07,A,68.83104704954691,>65,81692.87320200785,0-25%,27699.650549836555,0-25%,99554.72619942136,0-25%,5.75,12.25,46.8,0.3770729655847549,0.171,0.005543525443513559,0,,0.0,5.75,0.0,0.0,0.0,0.0,-5.197523053665911,-0.001
538,197903,3,2025-09-07,A,79.81288326179273,>65,81732.72091389318,0-25%,1471911.9092628672,50-75%,36193.76028153563,0-25%,8.75,14.75,14.6,5.341766364188075,0.12,0.0037442946196888753,0,,0.0,8.75,0.0,0.0,0.0,0.0,-5.197523053665911,-0.001
539,154915,3,2025-09-07,A,50.92274200351499,41-65,81600.09156511397,0-25%,1325202.9008346882,50-75%,1115648.5233333856,50-75%,5.0,16.0,24.3,1.4587169212968745,0.168,0.008194156443465824,0,,0.0,5.0,0.0,0.0,0.0,0.0,-5.197523053665911,-0.001
540,227943,3,2025-09-07,A,61.68193889214407,41-65,111730.40030636473,25-50%,673297.0887947388,25-50%,60711.70746619547,0-25%,6.0,4.5,26.2,5.504328428911111,0.179,0.004670419874105665,0,,0.0,6.0,0.0,0.0,0.0,0.0,-5.197523053665911,-0.001
541,969466,3,2025-09-07,A,52.36438797234351,41-65,38058.31474965377,0-25%,47818.28330510139,0-25%,32869.45565222956,0-25%,5.5,9.0,28.0,0.5216748454775753,0.225,0.011975291750081645,0,,0.0,5.5,0.0,0.0,0.0,0.0,-5.197523053665911,-0.001
542,621955,3,2025-09-07,A,47.676938337425945,41-65,127715.56729262524,25-50%,1432452.4783337791,50-75%,609131.6890034833,50-75%,1.0,7.25,47.4,2.0179608823369453,0.197,0.012590059920321875,0,,0.0,1.0,0.0,0.0,0.0,0.0,-5.197523053665911,-0.001
543,951253,3,2025-09-07,A,36.13233283238583,18-40,35084.81501767819,0-25%,131433.09887313252,0-25%,79414.798754045,0-25%,12.5,11.5,62.8,0.2018703110484113,0.222,0.010193717324812215,1,2025-10-06,0.5,13.0,175.42407508839096,0.0,175.42407508839096,0.1227968525618737,-5.0747262011040375,0.1217968525618737
544,617589,3,2025-09-07,A,63.66259047087384,41-65,42235.47709155161,0-25%,199054.36944885383,0-25%,606356.0088731116,50-75%,11.25,7.25,26.2,15.048676669703514,0.161,0.001306718468379261,0,,0.0,11.25,0.0,0.0,0.0,0.0,-5.197523053665911,-0.001
545,807550,3,2025-09-07,A,73.65157772402449,>65,910062.929986242,>75%,386181.9163556048,25-50%,1114032.0510291222,50-75%,5.25,8.5,23.2,6.143886823775556,0.113,0.006675795410700063,0,,0.0,5.25,0.0,0.0,0.0,0.0,-5.197523053665911,-0.001
546,154186,3,2025-09-07,A,45.76518482451102,41-65,319737.7800679214,50-75%,1497865.1903958651,50-75%,957246.937451997,50-75%,4.5,3.5,102.8,2.032519812526344,0.223,0.008437384028595419,0,,0.0,4.5,0.0,0.0,0.0,0.0,-5.197523053665911,-0.001
547,381444,3,2025-09-07,A,21.7549638151606,18-40,156143.9489810407,25-50%,64477.36351616553,0-25%,13907.105086402711,0-25%,5.0,8.0,6.8,0.3407778081149027,0.279,0.11887960094267147,1,2025-10-04,1.5,6.5,2342.1592347156106,2342.1592347156106,4684.318469431221,3.2790229286018553,-1.9185001250640554,3.2780229286018554
548,287916,3,2025-09-07,A,76.53485788679505,>65,105610.3182626094,25-50%,312075.0935649844,0-25%,179815.8153099029,25-50%,13.0,8.25,30.1,0.692762153888565,0.162,0.001899223090037007,0,,0.0,13.0,0.0,0.0,0.0,0.0,-5.197523053665911,-0.001
549,191802,3,2025-09-07,A,73.54172906114238,>65,508031.87580173736,50-75%,30517293.89459924,>75%,7823055.787496074,>75%,8.75,6.75,16.8,2.654898653736314,0.119,0.0018803198868370744,0,,0.0,8.75,0.0,0.0,0.0,0.0,-5.197523053665911,-0.001
550,696164,3,2025-09-07,A,51.42775022333626,41-65,56273.16934249581,0-25%,97463.19755561189,0-25%,31240.738731966896,0-25%,13.75,5.25,5.6,0.8343104652751417,0.199,0.007863073609912914,0,,0.0,13.75,0.0,0.0,0.0,0.0,-5.197523053665911,-0.001
551,356913,3,2025-09-07,A,64.97904214004807,41-65,91665.67889476636,0-25%,677599.8297574244,25-50%,1185119.991057936,50-75%,4.5,4.5,13.8,8.029789065921571,0.178,0.00181652240883345,0,,0.0,4.5,0.0,0.0,0.0,0.0,-5.197523053665911,-0.001
552,270333,3,2025-09-07,A,45.14723928860405,41-65,319528.01340199093,50-75%,12075396.755132796,>75%,2999772.036115675,>75%,11.0,14.25,45.0,3.4847830220705776,0.231,0.014579108309724144,0,,0.0,11.0,0.0,0.0,0.0,0.0,-5.197523053665911,-0.001
553,801707,3,2025-09-07,A,40.144692275930346,18-40,195270.59216410352,50-75%,431736.7841177332,25-50%,3885856.651284009,>75%,10.25,13.25,2.0,1.1839448530059726,0.287,0.016492634838481703,0,,0.0,10.25,0.0,0.0,0.0,0.0,-5.197523053665911,-0.001
554,407601,3,2025-09-07,A,32.897246264745284,18-40,35246.23868895439,0-25%,37355.717334108216,0-25%,27727.64131924806,0-25%,12.0,7.25,22.1,0.5266806921423473,0.261,0.016240949372717785,0,,0.0,12.0,0.0,0.0,0.0,0.0,-5.197523053665911,-0.001
555,810914,3,2025-09-07,A,45.63898326311586,41-65,172097.38389643477,25-50%,1847577.629833492,50-75%,125389.11836227326,25-50%,4.5,5.5,15.5,0.7910936387846372,0.218,0.02450912437860463,0,,0.0,4.5,0.0,0.0,0.0,0.0,-5.197523053665911,-0.001
556,963345,3,2025-09-07,A,68.85776037680375,>65,900037.6526967632,>75%,18385063.65487172,>75%,1545223.131403293,50-75%,13.25,8.0,130.7,7.170322328109729,0.187,0.003098929494752035,0,,0.0,13.25,0.0,0.0,0.0,0.0,-5.197523053665911,-0.001
557,931153,3,2025-09-07,A,29.460083836596453,18-40,192275.96569965297,50-75%,827280.9154853896,25-50%,305876.0253168772,25-50%,10.5,6.25,1.6,7.659385570542259,0.298,0.020828449204198397,0,,0.0,10.5,0.0,0.0,0.0,0.0,-5.197523053665911,-0.001
558,706405,3,2025-09-07,A,65.44431306615438,41-65,12604986.552357942,>75%,72981662.91313821,>75%,5661524.681770899,>75%,5.0,5.5,60.4,0.92602441784908,0.151,0.023418466431332666,0,,0.0,5.0,0.0,0.0,0.0,0.0,-5.197523053665911,-0.001
559,405917,3,2025-09-07,A,41.00561649712045,41-65,717976.1118798794,>75%,2290835.5217907736,50-75%,144923.34449928495,25-50%,11.75,11.0,29.2,4.877229267241328,0.276,0.024684757983195655,0,,0.0,11.75,0.0,0.0,0.0,0.0,-5.197523053665911,-0.001
560,310105,3,2025-09-07,A,35.86159903404603,18-40,74414.58085446141,0-25%,347020.8647521249,0-25%,6573.486305552546,0-25%,5.5,10.0,19.4,0.434165206217381,0.238,0.05179372316164331,0,,0.0,5.5,0.0,0.0,0.0,0.0,-5.197523053665911,-0.001
561,733656,3,2025-09-07,A,38.53956124887315,18-40,1656698.0262621448,>75%,8159637.941297475,>75%,197634.01300886823,25-50%,9.5,8.5,2.1,3.663239694028048,0.228,0.04046316629105599,0,,0.0,9.5,0.0,0.0,0.0,0.0,-5.197523053665911,-0.001
562,396400,3,2025-09-07,A,65.22539975516102,41-65,80976.23985387811,0-25%,252227.54614774892,0-25%,74698.27863338577,0-25%,10.75,10.75,30.6,6.623311946562138,0.134,0.003122286246462341,0,,0.0,10.75,0.0,0.0,0.0,0.0,-5.197523053665911,-0.001
563,171283,3,2025-09-07,A,67.44407040681841,>65,156163.0598567753,25-50%,1889559.402145372,50-75%,259537.12059769244,25-50%,6.75,3.75,121.3,4.79449446470497,0.154,0.0024699803027699776,0,,0.0,6.75,0.0,0.0,0.0,0.0,-5.197523053665911,-0.001
564,968873,3,2025-09-07,A,50.85365506490716,41-65,60565.8376880721,0-25%,50511.39928837916,0-25%,91465.32667744368,0-25%,8.75,12.0,4.1,2.4454178658405987,0.228,0.0126505521245066,1,2025-10-03,1.25,10.0,757.0729711009012,757.0729711009012,1514.1459422018024,1.0599021595412619,-4.137620894124649,1.058902159541262
565,416426,3,2025-09-07,A,66.79109792970709,>65,1138942.1474747497,>75%,86471333.97321734,>75%,4703063.858902879,>75%,8.5,6.5,0.2,1.796992605621683,0.157,0.004454098425415082,0,,0.0,8.5,0.0,0.0,0.0,0.0,-5.197523053665911,-0.001
566,613434,3,2025-09-07,A,37.68901536290701,18-40,128465.1487747598,25-50%,165319.35922136824,0-25%,28193.02068756906,0-25%,8.75,8.5,25.0,2.061927876464277,0.231,0.021335781187326628,0,,0.0,8.75,0.0,0.0,0.0,0.0,-5.197523053665911,-0.001
567,602196,3,2025-09-07,A,41.53380085688803,41-65,197558.35706883864,50-75%,987225.1642967148,25-50%,334217.26053062803,25-50%,1.5,6.75,82.8,2.3097729159823888,0.217,0.02175721512219864,0,,0.0,1.5,0.0,0.0,0.0,0.0,-5.197523053665911,-0.001
568,114221,3,2025-09-07,A,58.14361846825356,41-65,505294.2570731767,50-75%,2267683.498134061,50-75%,3757507.0011724,>75%,15.75,5.25,43.7,2.094797099708259,0.198,0.0046082274160911966,0,,0.0,15.75,0.0,0.0,0.0,0.0,-5.197523053665911,-0.001
569,778265,3,2025-09-07,A,35.410165885398534,18-40,278279.112190338,50-75%,126800.67628093628,0-25%,27731.911661706567,0-25%,6.5,2.75,61.1,5.498506756921575,0.267,0.028563105135004596,0,,0.0,6.5,0.0,0.0,0.0,0.0,-5.197523053665911,-0.001
570,215569,3,2025-09-07,A,44.34365539621285,41-65,110095.18484315116,25-50%,165946.20340137524,0-25%,151821.3536948545,25-50%,5.0,4.25,1.3,2.304102483446752,0.272,0.010356711496394297,0,,0.0,5.0,0.0,0.0,0.0,0.0,-5.197523053665911,-0.001
571,261947,3,2025-09-07,A,30.16964357171129,18-40,152897.74136303322,25-50%,402755.6637257367,25-50%,60245.38579102858,0-25%,10.5,4.25,41.7,10.507163927996857,0.271,0.022246699177660905,0,,0.0,10.5,0.0,0.0,0.0,0.0,-5.197523053665911,-0.001
572,664903,3,2025-09-07,A,72.0378877332347,>65,337030.4585932573,50-75%,1220571.8918849728,25-50%,5412816.548478242,>75%,12.0,11.5,83.8,6.6886879419826695,0.11,0.0014483824588763861,0,,0.0,12.0,0.0,0.0,0.0,0.0,-5.197523053665911,-0.001
573,328532,3,2025-09-07,A,87.0509999948163,>65,177330.09044575228,25-50%,3447144.2919668355,50-75%,39294.26525612911,0-25%,10.0,5.25,32.3,4.5358433692818885,0.073,0.001767642924845343,0,,0.0,10.0,0.0,0.0,0.0,0.0,-5.197523053665911,-0.001
574,247731,3,2025-09-07,A,44.29191248303373,41-65,112555.64920865286,25-50%,189681.703155908,0-25%,147612.84349410012,25-50%,4.5,8.75,41.5,5.515987812394608,0.21,0.017794378625383883,0,,0.0,4.5,0.0,0.0,0.0,0.0,-5.197523053665911,-0.001
575,891832,3,2025-09-07,A,47.28298232387191,41-65,472880.0574681212,50-75%,3755972.881853772,50-75%,812536.680392033,50-75%,10.0,13.5,26.4,0.6566888822251706,0.226,0.022926395418764595,0,,0.0,10.0,0.0,0.0,0.0,0.0,-5.197523053665911,-0.001
576,207816,3,2025-09-07,A,39.47680587626553,18-40,328642.2036017651,50-75%,164714.03644357246,0-25%,1494295.944317103,50-75%,12.25,12.0,32.2,1.29277468437553,0.239,0.012469198667723792,0,,0.0,12.25,0.0,0.0,0.0,0.0,-5.197523053665911,-0.001
577,479172,3,2025-09-07,A,64.62868083192078,41-65,291200.99494920415,50-75%,1044516.3862597812,25-50%,1531706.0677017628,50-75%,14.0,7.25,24.0,0.7229800971570622,0.174,0.003421060415559376,0,,0.0,14.0,0.0,0.0,0.0,0.0,-5.197523053665911,-0.001
578,755439,3,2025-09-07,A,66.68359433121114,>65,177991.17383672248,25-50%,4021165.721468166,50-75%,4223017.701963469,>75%,16.5,5.75,34.3,3.133710694403922,0.133,0.0018320938974381988,0,,0.0,16.5,0.0,0.0,0.0,0.0,-5.197523053665911,-0.001
579,836576,3,2025-09-07,A,40.53466914005162,18-40,130904.4541002703,25-50%,810423.4524382721,25-50%,21559.29405424367,0-25%,11.0,13.0,13.1,1.8126720148099296,0.273,0.03995939768095637,0,,0.0,11.0,0.0,0.0,0.0,0.0,-5.197523053665911,-0.001
580,834830,3,2025-09-07,A,56.79353440057331,41-65,1507055.4331482206,>75%,546846.6500442057,25-50%,1366864.000598586,50-75%,9.75,2.5,5.7,0.2780413965690244,0.191,0.011205154398622758,0,,0.0,9.75,0.0,0.0,0.0,0.0,-5.197523053665911,-0.001
581,864895,3,2025-09-07,A,59.72826211955614,41-65,35719.24034092593,0-25%,106712.78370212078,0-25%,174395.9517522647,25-50%,9.0,6.5,5.3,7.464855429279019,0.189,0.002461719164780138,0,,0.0,9.0,0.0,0.0,0.0,0.0,-5.197523053665911,-0.001
582,977012,3,2025-09-07,A,66.22488381256574,>65,5707256.6814434845,>75%,5292143.7504171785,50-75%,8139434.986681878,>75%,5.75,6.5,26.2,1.650889412315672,0.163,0.015552443136778638,0,,0.0,5.75,0.0,0.0,0.0,0.0,-5.197523053665911,-0.001
583,260894,3,2025-09-07,A,61.06291244584703,41-65,485127.2471017505,50-75%,1549521.0137806667,50-75%,263387.22817602026,25-50%,9.0,10.0,28.9,8.253670713025809,0.187,0.012260188565598998,0,,0.0,9.0,0.0,0.0,0.0,0.0,-5.197523053665911,-0.001
584,379824,3,2025-09-07,A,38.11318060903722,18-40,79932.5533657129,0-25%,1716700.7060120413,50-75%,31494.072723975667,0-25%,9.75,2.75,27.4,2.3759933195933365,0.245,0.016408994950925602,0,,0.0,9.75,0.0,0.0,0.0,0.0,-5.197523053665911,-0.001
585,940188,3,2025-09-07,A,56.61643215450986,41-65,80657.03073380723,0-25%,126796.45363810383,0-25%,512046.89612074505,50-75%,11.0,6.0,7.1,2.8801143852131186,0.197,0.0036379928133960034,0,,0.0,11.0,0.0,0.0,0.0,0.0,-5.197523053665911,-0.001
586,444435,3,2025-09-07,A,52.42810286841978,41-65,122013.331118488,25-50%,773159.5869549767,25-50%,505208.9375442536,50-75%,10.0,7.5,2.5,3.992390532844224,0.226,0.005303485641070026,0,,0.0,10.0,0.0,0.0,0.0,0.0,-5.197523053665911,-0.001
587,548689,3,2025-09-07,A,78.61347470623488,>65,38015.96148617472,0-25%,126348.1791673783,0-25%,30735.651723107872,0-25%,6.75,3.75,10.8,2.8953128945666857,0.118,0.0015820945880012536,0,,0.0,6.75,0.0,0.0,0.0,0.0,-5.197523053665911,-0.001
588,650960,3,2025-09-07,A,53.74700614684193,41-65,149847.15413107863,25-50%,11808304.000169376,>75%,855337.5477868246,50-75%,5.5,8.75,26.0,0.2291634212972759,0.169,0.010095843846258858,0,,0.0,5.5,0.0,0.0,0.0,0.0,-5.197523053665911,-0.001
589,354073,3,2025-09-07,A,45.60402787081857,41-65,59430.69969640638,0-25%,161016.17805614907,0-25%,55231.74482088788,0-25%,11.5,9.25,136.6,7.6238217191139155,0.225,0.006171935685903504,0,,0.0,11.5,0.0,0.0,0.0,0.0,-5.197523053665911,-0.001
590,433758,3,2025-09-07,A,56.02614838056383,41-65,77591.4529148538,0-25%,416883.2890321012,25-50%,86204.00589782401,0-25%,15.25,7.25,86.6,12.02653344470092,0.199,0.003682041962574071,0,,0.0,15.25,0.0,0.0,0.0,0.0,-5.197523053665911,-0.001
591,101548,3,2025-09-07,A,34.01407718516796,18-40,199799.948294601,50-75%,169446.69658446714,0-25%,169231.47297435705,25-50%,10.75,7.75,11.8,0.1780422367138966,0.286,0.022640831429236473,0,,0.0,10.75,0.0,0.0,0.0,0.0,-5.197523053665911,-0.001
592,533086,3,2025-09-07,A,60.4830269832058,41-65,174437.54757300962,25-50%,924335.6221114172,25-50%,165030.79856970985,25-50%,12.5,9.75,5.4,7.429810485030543,0.198,0.004812630578077831,0,,0.0,12.5,0.0,0.0,0.0,0.0,-5.197523053665911,-0.001
593,879610,3,2025-09-07,A,31.018163134766944,18-40,101076.48549440612,25-50%,54426.74408517473,0-25%,23167.17144429025,0-25%,8.75,8.0,13.1,1.3625474850485495,0.269,0.029080123443203352,0,,0.0,8.75,0.0,0.0,0.0,0.0,-5.197523053665911,-0.001
594,886500,3,2025-09-07,A,58.38936749232523,41-65,56469.43033789616,0-25%,201447.1313889405,0-25%,185036.65455645075,25-50%,3.5,14.5,1.1,0.0101808134310691,0.172,0.007710791412334758,0,,0.0,3.5,0.0,0.0,0.0,0.0,-5.197523053665911,-0.001
595,317580,3,2025-09-07,A,52.5494156295416,41-65,7385962.325680945,>75%,27360172.87721913,>75%,6616335.391772441,>75%,10.5,11.75,2.6,25.71969587382016,0.184,0.020679325323835773,0,,0.0,10.5,0.0,0.0,0.0,0.0,-5.197523053665911,-0.001
596,481576,3,2025-09-07,A,86.53388996225812,>65,181423.477470333,25-50%,4482475.270119481,50-75%,2142318.062246308,>75%,5.5,10.25,32.5,10.102908858040454,0.075,0.001320290729554199,0,,0.0,5.5,0.0,0.0,0.0,0.0,-5.197523053665911,-0.001
597,359296,3,2025-09-07,A,38.04636856037688,18-40,472996.9661968045,50-75%,575085.5056860005,25-50%,317606.2176461159,25-50%,12.5,6.0,28.7,6.642343765956848,0.238,0.01932683874020338,0,,0.0,12.5,0.0,0.0,0.0,0.0,-5.197523053665911,-0.001
598,882832,3,2025-09-07,A,53.31232885199585,41-65,41867.787453238816,0-25%,71393.58118275122,0-25%,191884.0831053047,25-50%,7.5,6.25,5.4,0.5951430279440635,0.168,0.004250466254785886,0,,0.0,7.5,0.0,0.0,0.0,0.0,-5.197523053665911,-0.001
599,956897,3,2025-09-07,A,64.95548378216711,41-65,219262.84771981323,50-75%,5860966.177951564,>75%,792258.3374928992,50-75%,8.25,12.75,12.4,1.001322645731124,0.147,0.006956268711766219,0,,0.0,8.25,0.0,0.0,0.0,0.0,-5.197523053665911,-0.001
600,325893,3,2025-09-07,A,39.6371535876717,18-40,88701.57794474684,0-25%,187245.43076306864,0-25%,33816.540185049846,0-25%,4.75,4.5,23.7,4.500327197616612,0.244,0.014967535257559422,0,,0.0,4.75,0.0,0.0,0.0,0.0,-5.197523053665911,-0.001
601,262265,3,2025-09-07,A,66.37753217838397,>65,5321968.649563342,>75%,36098601.27252569,>75%,601384.5563853853,50-75%,3.25,3.75,4.3,1.2865053428420945,0.112,0.027671953550161648,0,,0.0,3.25,0.0,0.0,0.0,0.0,-5.197523053665911,-0.001
602,495348,3,2025-09-07,A,45.479083114025016,41-65,196463.39480299767,50-75%,444139.1580660259,25-50%,227349.08509946996,25-50%,14.75,7.25,7.3,4.155802402949347,0.173,0.010875871235428526,0,,0.0,14.75,0.0,0.0,0.0,0.0,-5.197523053665911,-0.001
603,309709,3,2025-09-07,A,53.6410431803605,41-65,97709.59353483484,25-50%,961529.5506715432,25-50%,403694.54077948513,25-50%,9.75,3.5,58.0,11.49521702618092,0.189,0.003517007845891004,0,,0.0,9.75,0.0,0.0,0.0,0.0,-5.197523053665911,-0.001
604,546604,3,2025-09-07,A,66.34653240275838,>65,51191.23581396898,0-25%,302236.75519363745,0-25%,486454.4989232183,25-50%,5.25,2.0,48.3,2.634406610307523,0.158,0.0017058156433393142,0,,0.0,5.25,0.0,0.0,0.0,0.0,-5.197523053665911,-0.001
605,116170,3,2025-09-07,A,86.60354487122471,>65,3328941.812487892,>75%,83978155.62871471,>75%,13612077.320858872,>75%,2.75,2.0,8.5,3.064098248890585,0.113,0.0019767263147721465,0,,0.0,2.75,0.0,0.0,0.0,0.0,-5.197523053665911,-0.001
606,951725,3,2025-09-07,A,38.40806479319313,18-40,70673.79438775075,0-25%,318001.4114849726,0-25%,69879.49559385501,0-25%,8.5,9.25,3.9,4.938664776492279,0.251,0.025035522005850106,0,,0.0,8.5,0.0,0.0,0.0,0.0,-5.197523053665911,-0.001
607,332370,3,2025-09-07,A,72.87675305210696,>65,2086469.4747959515,>75%,104178608.93188056,>75%,4405616.018113779,>75%,7.5,4.25,12.6,12.462032365257674,0.157,0.0032287123418228807,0,,0.0,7.5,0.0,0.0,0.0,0.0,-5.197523053665911,-0.001
608,157526,3,2025-09-07,A,38.04419476344458,18-40,98658.3766388017,25-50%,232436.0402703145,0-25%,97453.51428044058,0-25%,3.75,8.0,49.9,12.69363990406008,0.264,0.02063726924849171,0,,0.0,3.75,0.0,0.0,0.0,0.0,-5.197523053665911,-0.001
609,161967,3,2025-09-07,A,45.22055211801506,41-65,111754.88666570494,25-50%,1077576.865740494,25-50%,5997.174443956817,0-25%,7.0,10.0,22.2,0.7431963638744548,0.22,0.0393187897119006,0,,0.0,7.0,0.0,0.0,0.0,0.0,-5.197523053665911,-0.001
610,940255,3,2025-09-07,A,32.60447172969332,18-40,252393.041071122,50-75%,27194140.80547606,>75%,946722.0592255384,50-75%,4.0,5.0,45.5,4.092106893898647,0.289,0.03094420152740486,0,,0.0,4.0,0.0,0.0,0.0,0.0,-5.197523053665911,-0.001
611,869368,3,2025-09-07,A,24.625160568605946,18-40,200020.02469348305,50-75%,2237239.021882825,50-75%,230751.73370835316,25-50%,12.5,6.75,67.1,2.669807831632124,0.289,0.02840819788172516,0,,0.0,12.5,0.0,0.0,0.0,0.0,-5.197523053665911,-0.001
612,425257,3,2025-09-07,A,40.47093447268466,18-40,66233.93654020528,0-25%,117398.52871255636,0-25%,134724.71325859893,25-50%,12.0,4.0,20.2,7.920693361124647,0.234,0.00865017873675117,0,,0.0,12.0,0.0,0.0,0.0,0.0,-5.197523053665911,-0.001
613,205268,3,2025-09-07,A,53.36145957169187,41-65,1625980.3506756718,>75%,17382679.134677116,>75%,3912886.245756907,>75%,6.0,7.75,2.2,3.254427289920205,0.184,0.020244503291502895,0,,0.0,6.0,0.0,0.0,0.0,0.0,-5.197523053665911,-0.001
614,813151,3,2025-09-07,A,61.15422105865738,41-65,541868.926919706,>75%,3049332.7181940395,50-75%,5809553.342782841,>75%,10.5,7.0,2.2,4.962792338118168,0.133,0.0037524769885587867,0,,0.0,10.5,0.0,0.0,0.0,0.0,-5.197523053665911,-0.001
615,511518,3,2025-09-07,A,47.57440625873394,41-65,717448.6196244543,>75%,41877559.64722553,>75%,3782679.726179703,>75%,15.75,3.0,33.4,2.251799750309598,0.202,0.009286741821855555,0,,0.0,15.75,0.0,0.0,0.0,0.0,-5.197523053665911,-0.001
616,959149,3,2025-09-07,A,36.366424400250025,18-40,95526.1098819312,25-50%,46417.92071914081,0-25%,56823.18144488095,0-25%,7.25,6.25,18.4,0.9090784864286496,0.267,0.017970833947398554,0,,0.0,7.25,0.0,0.0,0.0,0.0,-5.197523053665911,-0.001
617,256979,3,2025-09-07,A,52.13361620042552,41-65,256929.6828330251,50-75%,445239.116751582,25-50%,275127.2838519694,25-50%,6.75,3.0,11.9,3.778239400152936,0.195,0.0083993142456943,0,,0.0,6.75,0.0,0.0,0.0,0.0,-5.197523053665911,-0.001
618,984906,3,2025-09-07,A,60.81751861398183,41-65,65863.11069019562,0-25%,119722.34458663786,0-25%,77146.03450676522,0-25%,8.75,5.0,57.1,6.211454886196847,0.176,0.0033884756453481796,0,,0.0,8.75,0.0,0.0,0.0,0.0,-5.197523053665911,-0.001
619,725515,3,2025-09-07,A,51.93532979657306,41-65,250028.2843251895,50-75%,960214.8040357652,25-50%,42135.31276112895,0-25%,3.5,7.25,16.5,9.669413283310233,0.201,0.02134082670644337,0,,0.0,3.5,0.0,0.0,0.0,0.0,-5.197523053665911,-0.001
620,961383,3,2025-09-07,A,79.23555151178158,>65,412048.377633349,50-75%,7661763.105883193,>75%,941519.9342078737,50-75%,13.25,8.0,63.1,5.920160438477752,0.118,0.0017164894504218364,0,,0.0,13.25,0.0,0.0,0.0,0.0,-5.197523053665911,-0.001
621,743207,3,2025-09-07,A,42.32781473353458,41-65,399171.7092552612,50-75%,4318296.916733864,50-75%,2360022.958897516,>75%,4.5,8.25,51.9,0.725627769609609,0.247,0.020555185312540202,0,,0.0,4.5,0.0,0.0,0.0,0.0,-5.197523053665911,-0.001
622,624215,3,2025-09-07,A,49.285762504731245,41-65,73929.94412972171,0-25%,278943.0831528203,0-25%,143456.87753196133,25-50%,10.75,14.5,27.9,7.856666755528366,0.194,0.011267159920927685,0,,0.0,10.75,0.0,0.0,0.0,0.0,-5.197523053665911,-0.001
623,897958,3,2025-09-07,A,53.64524266547394,41-65,990789.6232886622,>75%,273817856.5380585,>75%,4956675.90252825,>75%,9.5,4.25,26.2,3.215683256854068,0.177,0.007356754448946956,0,,0.0,9.5,0.0,0.0,0.0,0.0,-5.197523053665911,-0.001
624,667787,3,2025-09-07,A,74.27822091188582,>65,2863285.972898688,>75%,94343141.959197,>75%,9919784.930455856,>75%,12.25,11.5,15.1,7.20780197280365,0.178,0.0032862668292670772,0,,0.0,12.25,0.0,0.0,0.0,0.0,-5.197523053665911,-0.001
625,856087,3,2025-09-07,A,36.15663265513803,18-40,437612.2700450003,50-75%,1013294.2654109338,25-50%,1185446.1769765003,50-75%,5.25,9.5,31.4,1.420069847964399,0.262,0.034386848843596995,0,,0.0,5.25,0.0,0.0,0.0,0.0,-5.197523053665911,-0.001
626,667782,3,2025-09-07,A,50.8061068738221,41-65,378443.7222735581,50-75%,2145523.6087496085,50-75%,51134.64114999964,0-25%,8.5,3.0,7.3,4.122231437107886,0.228,0.015331736431701595,0,,0.0,8.5,0.0,0.0,0.0,0.0,-5.197523053665911,-0.001
627,300966,3,2025-09-07,A,42.808789105307376,41-65,326095.7860264255,50-75%,496553.0422086555,25-50%,287135.207065084,25-50%,6.75,11.75,5.7,2.467005869015934,0.24,0.030352373666029893,0,,0.0,6.75,0.0,0.0,0.0,0.0,-5.197523053665911,-0.001
628,349180,3,2025-09-07,A,52.28503658395013,41-65,33159.85078795801,0-25%,63583.35272049689,0-25%,5775.235132542501,0-25%,11.25,6.25,29.5,0.3625640551630168,0.203,0.008335401414430356,0,,0.0,11.25,0.0,0.0,0.0,0.0,-5.197523053665911,-0.001
629,888474,3,2025-09-07,A,42.97555964678546,41-65,30451.56121440009,0-25%,27590.26964607901,0-25%,26977.12519004377,0-25%,3.75,5.25,0.8,0.3201377261011347,0.198,0.01923833616001815,1,2025-09-28,1.25,5.0,380.6445151800012,380.6445151800012,761.2890303600024,0.5329023212520018,-4.664620732413909,0.5319023212520018
630,305724,3,2025-09-07,A,24.2039698596978,18-40,112724.59064268542,25-50%,30037.29929809853,0-25%,149936.01474562546,25-50%,8.25,12.0,4.3,3.2173721858523323,0.299,0.054070304063324984,0,,0.0,8.25,0.0,0.0,0.0,0.0,-5.197523053665911,-0.001
631,173583,3,2025-09-07,A,71.77234292703739,>65,2425251.117620032,>75%,48864374.18018166,>75%,209024.62543251144,25-50%,3.0,6.75,16.0,6.714690312469123,0.152,0.016184946948531637,0,,0.0,3.0,0.0,0.0,0.0,0.0,-5.197523053665911,-0.001
632,465333,3,2025-09-07,A,69.7246363095289,>65,468354.6666488551,50-75%,633104.2464010724,25-50%,1457141.082686006,50-75%,5.25,5.75,52.5,13.904429422347194,0.17,0.004446641595894547,0,,0.0,5.25,0.0,0.0,0.0,0.0,-5.197523053665911,-0.001
633,523673,3,2025-09-07,A,74.14074806436001,>65,326009.3129486671,50-75%,2873672.850880062,50-75%,5383120.144160262,>75%,6.0,4.25,5.8,5.555065319852058,0.133,0.0015483700896495806,0,,0.0,6.0,0.0,0.0,0.0,0.0,-5.197523053665911,-0.001
634,245695,3,2025-09-07,A,54.46175712095813,41-65,497462.84375180776,50-75%,541224.2521033996,25-50%,22315.699639950064,0-25%,12.25,8.25,25.5,4.0560512796581065,0.221,0.01662662087745478,0,,0.0,12.25,0.0,0.0,0.0,0.0,-5.197523053665911,-0.001
635,861226,3,2025-09-07,A,42.06425413415708,41-65,73003.86953766341,0-25%,226755.2316081723,0-25%,51538.158451003736,0-25%,7.5,10.5,121.9,4.411724568692319,0.215,0.01812811239027344,0,,0.0,7.5,0.0,0.0,0.0,0.0,-5.197523053665911,-0.001
636,711059,3,2025-09-07,A,69.16843185830561,>65,187029.26230369316,50-75%,1142461.4490815788,25-50%,1931701.7902858867,>75%,4.5,9.75,50.9,1.226420744254728,0.166,0.003971605472341643,0,,0.0,4.5,0.0,0.0,0.0,0.0,-5.197523053665911,-0.001
637,505486,3,2025-09-07,A,54.44750565773113,41-65,155282.89198178853,25-50%,623471.2231518667,25-50%,278772.9890612392,25-50%,9.25,11.25,14.5,0.7823114624041368,0.182,0.012752039721001975,0,,0.0,9.25,0.0,0.0,0.0,0.0,-5.197523053665911,-0.001
638,249938,3,2025-09-07,A,60.70565052892104,41-65,122348.63106846216,25-50%,113789.75264328736,0-25%,145130.1451762285,25-50%,5.0,5.5,62.1,7.616163680143627,0.171,0.00741092654497484,0,,0.0,5.0,0.0,0.0,0.0,0.0,-5.197523053665911,-0.001
639,319491,3,2025-09-07,A,67.82872858396874,>65,2976150.197068084,>75%,11885570.7951105,>75%,3052184.0337798083,>75%,5.0,7.75,12.2,1.0954308588268291,0.141,0.013960994385374686,0,,0.0,5.0,0.0,0.0,0.0,0.0,-5.197523053665911,-0.001
640,839773,3,2025-09-07,A,61.91249558446832,41-65,48427.945980588105,0-25%,1740375.225656101,50-75%,677281.1920862073,50-75%,11.25,12.25,34.9,6.776236184011184,0.15,0.0035786169415745425,0,,0.0,11.25,0.0,0.0,0.0,0.0,-5.197523053665911,-0.001
641,542561,3,2025-09-07,A,61.67106604238829,41-65,256311.0472885507,50-75%,2236347.3421241404,50-75%,270041.5154099208,25-50%,5.75,18.75,15.1,0.5783278760308116,0.155,0.011164698159009442,0,,0.0,5.75,0.0,0.0,0.0,0.0,-5.197523053665911,-0.001
642,278250,3,2025-09-07,A,46.68180268811489,41-65,107532.6452153115,25-50%,846760.0328293677,25-50%,221520.91361161592,25-50%,3.75,4.25,29.7,0.1935452058915958,0.245,0.01658238724796658,0,,0.0,3.75,0.0,0.0,0.0,0.0,-5.197523053665911,-0.001
643,458496,3,2025-09-07,A,47.682865863666926,41-65,238946.97540433772,50-75%,2928495.528868691,50-75%,1144308.0378685074,50-75%,8.0,6.25,56.7,1.3008466302995316,0.198,0.007251165832276502,0,,0.0,8.0,0.0,0.0,0.0,0.0,-5.197523053665911,-0.001
644,488954,3,2025-09-07,A,39.85043118917929,18-40,117042.43642831202,25-50%,249999.37511693107,0-25%,41151.91393359187,0-25%,10.75,9.25,41.9,2.6047794197331924,0.284,0.01618081561684801,0,,0.0,10.75,0.0,0.0,0.0,0.0,-5.197523053665911,-0.001
645,741135,3,2025-09-07,A,51.76377503465493,41-65,60867.54720575346,0-25%,55645.06064470964,0-25%,32716.143137622537,0-25%,12.0,6.5,21.0,0.1705708115376279,0.239,0.007808352380793508,0,,0.0,12.0,0.0,0.0,0.0,0.0,-5.197523053665911,-0.001
646,332042,3,2025-09-07,A,52.27711531640796,41-65,31017.48477384156,0-25%,26534.28443278548,0-25%,120367.69639590316,25-50%,8.5,13.75,13.2,3.034764240962686,0.207,0.008018958502299804,0,,0.0,8.5,0.0,0.0,0.0,0.0,-5.197523053665911,-0.001
647,547611,3,2025-09-07,A,64.65402038801473,41-65,668195.0887406241,>75%,9007346.080449516,>75%,4951824.95047792,>75%,6.75,9.25,7.4,0.4954169557852477,0.169,0.00787833834019962,0,,0.0,6.75,0.0,0.0,0.0,0.0,-5.197523053665911,-0.001
648,990183,3,2025-09-07,A,38.41531255188455,18-40,178571.59118604992,25-50%,1295809.410817502,50-75%,330931.17297599086,25-50%,7.25,6.25,58.0,1.8054092288121888,0.222,0.013123380308466378,0,,0.0,7.25,0.0,0.0,0.0,0.0,-5.197523053665911,-0.001
649,672942,3,2025-09-07,A,39.43048785449904,18-40,183928.6833900564,50-75%,7395770.57556106,>75%,2875872.215737692,>75%,7.0,3.25,11.9,9.137229898840038,0.242,0.0071969602608921756,0,,0.0,7.0,0.0,0.0,0.0,0.0,-5.197523053665911,-0.001
650,961872,3,2025-09-07,A,60.617466525053096,41-65,5263793.615767612,>75%,93220684.57527415,>75%,6983796.006290153,>75%,8.75,9.25,53.3,6.446060102372344,0.147,0.017258868704465774,0,,0.0,8.75,0.0,0.0,0.0,0.0,-5.197523053665911,-0.001
651,297414,3,2025-09-07,A,52.24963657849322,41-65,55918.24991698498,0-25%,40604.92689979258,0-25%,4341.0644943316,0-25%,7.25,5.0,65.7,0.8048446628248027,0.231,0.010263990708809933,0,,0.0,7.25,0.0,0.0,0.0,0.0,-5.197523053665911,-0.001
652,586290,3,2025-09-07,A,40.41242215817916,18-40,6993845.596113182,>75%,5113177.661353415,50-75%,2561466.597065538,>75%,5.75,5.0,70.5,9.748978882731969,0.213,0.029777419626252462,0,,0.0,5.75,0.0,0.0,0.0,0.0,-5.197523053665911,-0.001
653,843705,3,2025-09-07,A,62.988989711411605,41-65,225765.76587508427,50-75%,1272791.5366601325,50-75%,3772683.167139021,>75%,9.5,7.75,44.1,5.440527202946301,0.134,0.002324234660095855,0,,0.0,9.5,0.0,0.0,0.0,0.0,-5.197523053665911,-0.001
654,968515,3,2025-09-07,A,79.11830570808995,>65,622349.1127437816,>75%,46963670.82796833,>75%,946057.1199530158,50-75%,0.5,6.5,13.3,0.7982288496507437,0.113,0.00519203277588601,0,,0.0,0.5,0.0,0.0,0.0,0.0,-5.197523053665911,-0.001
655,378245,3,2025-09-07,A,60.27824684843289,41-65,122970.8982073006,25-50%,15098896.005846888,>75%,3634318.308176304,>75%,11.75,7.75,13.0,10.776274091307656,0.174,0.001915125122511061,0,,0.0,11.75,0.0,0.0,0.0,0.0,-5.197523053665911,-0.001
656,629613,3,2025-09-07,A,42.46219868383726,41-65,402677.684401846,50-75%,2264068.2579566166,50-75%,1080823.9961023896,50-75%,6.25,12.5,30.9,0.1929222768926821,0.211,0.025609267467636986,0,,0.0,6.25,0.0,0.0,0.0,0.0,-5.197523053665911,-0.001
657,334891,3,2025-09-07,A,67.03891761008518,>65,42664.8917316264,0-25%,33900.790946310386,0-25%,122516.12094726274,25-50%,10.25,10.25,1.1,9.0629422752103,0.148,0.0019248044394100758,0,,0.0,10.25,0.0,0.0,0.0,0.0,-5.197523053665911,-0.001
658,626638,3,2025-09-07,A,72.16553683724759,>65,165236.85114459894,25-50%,1897212.3623509808,50-75%,863190.7350686687,50-75%,7.5,10.25,94.1,1.3131901855100168,0.138,0.0035278899914323457,0,,0.0,7.5,0.0,0.0,0.0,0.0,-5.197523053665911,-0.001
659,839168,3,2025-09-07,A,32.88231756037486,18-40,130775.68074641011,25-50%,203539.7754561358,0-25%,241888.8962740385,25-50%,13.25,8.5,25.6,1.317245996119488,0.261,0.01746734238797579,0,,0.0,13.25,0.0,0.0,0.0,0.0,-5.197523053665911,-0.001
1653,686208,3,2025-09-07,B,35.363065268853,18-40,66324.66337583837,0-25%,782604.0624390091,25-50%,45467.391179449565,0-25%,11.25,4.25,70.6,3.516779742131714,0.261,0.042185801266977734,0,,0.0,11.25,0.0,0.0,0.0,0.0,-5.197523053665911,-0.001
1654,694128,3,2025-09-07,B,58.60371390081966,41-65,1024714.2159754054,>75%,4757472.4607468825,50-75%,3085874.7527339235,>75%,4.25,4.75,63.4,5.397464148097922,0.161,0.03345278134067969,0,,0.0,4.25,0.0,0.0,0.0,0.0,-5.197523053665911,-0.001
1655,244090,3,2025-09-07,B,67.85376389629087,>65,111973.96656397716,25-50%,286938.008071764,0-25%,97088.12295374543,0-25%,6.5,8.5,115.0,2.5807079317942563,0.14,0.01664410118046729,0,,0.0,6.5,0.0,0.0,0.0,0.0,-5.197523053665911,-0.001
1656,926726,3,2025-09-07,B,53.278330058321615,41-65,299055.8508831523,50-75%,1658676.005387735,50-75%,650715.4592345903,50-75%,3.0,11.75,15.0,2.038356120680047,0.202,0.04269740392060669,0,,0.0,3.0,0.0,0.0,0.0,0.0,-5.197523053665911,-0.001
1657,264828,3,2025-09-07,B,49.543031176650445,41-65,167441.5016953634,25-50%,684184.3323925377,25-50%,529237.8301932366,50-75%,7.25,17.0,20.6,4.926992595709387,0.213,0.03860252833313585,0,,0.0,7.25,0.0,0.0,0.0,0.0,-5.197523053665911,-0.001
1658,674343,3,2025-09-07,B,48.31156216772294,41-65,60841.37425150023,0-25%,1331518.9499424845,50-75%,167392.06434086416,25-50%,9.0,13.75,34.0,0.3360326937401752,0.212,0.03711980465718401,0,,0.0,9.0,0.0,0.0,0.0,0.0,-5.197523053665911,-0.001
1659,822483,3,2025-09-07,B,32.03691225377296,18-40,183565.66772203307,50-75%,134718.9137448355,0-25%,128363.8262243983,25-50%,4.5,14.0,42.4,1.9284569563444665,0.271,0.12524139629326564,0,,0.0,4.5,0.0,0.0,0.0,0.0,-5.197523053665911,-0.001
1660,670136,3,2025-09-07,B,64.7873703570463,41-65,423597.6653114637,50-75%,12463822.06658919,>75%,715979.3142682554,50-75%,7.25,6.75,10.8,0.9526549780310548,0.152,0.014511516047831522,0,,0.0,7.25,0.0,0.0,0.0,0.0,-5.197523053665911,-0.001
1661,645550,3,2025-09-07,B,84.96864348412429,>65,911359.8152513984,>75%,26603819.5867738,>75%,13540031.949346572,>75%,11.5,12.5,2.5,5.2199525250492425,0.1,0.0070402880184520615,0,,0.0,11.5,0.0,0.0,0.0,0.0,-5.197523053665911,-0.001
1662,111645,3,2025-09-07,B,68.35769769559205,>65,187518.8467884344,50-75%,2416826.049953546,50-75%,781953.6061598501,50-75%,4.0,10.0,1.2,6.550047565954293,0.158,0.014679022174730421,0,,0.0,4.0,0.0,0.0,0.0,0.0,-5.197523053665911,-0.001
1663,330855,3,2025-09-07,B,32.78365459683285,18-40,203811.26334262107,50-75%,18298536.942448422,>75%,1681190.5056390162,50-75%,8.25,8.75,73.4,1.9912621870249052,0.283,0.07134793066051875,0,,0.0,8.25,0.0,0.0,0.0,0.0,-5.197523053665911,-0.001
1664,883495,3,2025-09-07,B,37.03984959636605,18-40,275386.8777614408,50-75%,699889.2438002547,25-50%,380033.7836301829,25-50%,7.0,11.5,4.0,0.9109405687248664,0.22,0.10395889295839385,0,,0.0,7.0,0.0,0.0,0.0,0.0,-5.197523053665911,-0.001
1665,535099,3,2025-09-07,B,76.6110499494454,>65,2621410.485697485,>75%,6138296.537974074,>75%,523202.1041967775,50-75%,5.75,8.75,12.6,1.3778648656418255,0.128,0.03671071198022134,0,,0.0,5.75,0.0,0.0,0.0,0.0,-5.197523053665911,-0.001
1666,825159,3,2025-09-07,B,58.78541473440879,41-65,541882.2232763519,>75%,20961160.181887563,>75%,994668.3006604684,50-75%,2.0,3.0,2.9,0.0440116575091104,0.178,0.04125903143451459,0,,0.0,2.0,0.0,0.0,0.0,0.0,-5.197523053665911,-0.001
1667,991061,3,2025-09-07,B,51.65418119711154,41-65,91813.95341673252,0-25%,1064005.8616196422,25-50%,463545.5898361004,25-50%,11.75,9.5,27.3,3.749982129221205,0.191,0.014282605975555328,0,,0.0,11.75,0.0,0.0,0.0,0.0,-5.197523053665911,-0.001
1668,287194,3,2025-09-07,B,68.96625678308956,>65,230321.8671893131,50-75%,3597872.157599896,50-75%,157690.86261015217,25-50%,9.5,3.75,99.3,1.405217651925783,0.133,0.010393917071715693,0,,0.0,9.5,0.0,0.0,0.0,0.0,-5.197523053665911,-0.001
1669,496596,3,2025-09-07,B,61.17922054799013,41-65,295364.1560110544,50-75%,1500478.965107914,50-75%,244459.7042902833,25-50%,6.0,7.75,13.0,0.3719444127458296,0.173,0.03717933661810938,1,2025-09-08,3.5,9.5,10337.745460386905,5168.872730193452,15506.618190580357,10.854632733406252,5.6571096797403415,10.853632733406252
1670,398418,3,2025-09-07,B,30.638612210020533,18-40,614957.0356782827,>75%,1570849.406752152,50-75%,1241084.707582623,50-75%,2.0,7.0,17.4,2.18064546825526,0.289,0.14237250601791096,0,,0.0,2.0,0.0,0.0,0.0,0.0,-5.197523053665911,-0.001
1671,720251,3,2025-09-07,B,57.44168606351803,41-65,628237.2699887212,>75%,3925949.272381939,50-75%,256394.80920584855,25-50%,8.5,3.25,32.8,11.908671587073735,0.194,0.022564035914965374,0,,0.0,8.5,0.0,0.0,0.0,0.0,-5.197523053665911,-0.001
1672,916718,3,2025-09-07,B,38.52149314404252,18-40,72880.02036942464,0-25%,419748.7540598712,25-50%,649641.8396768577,50-75%,7.0,3.0,9.1,2.1866220110797947,0.253,0.024888244001344244,0,,0.0,7.0,0.0,0.0,0.0,0.0,-5.197523053665911,-0.001
1673,132927,3,2025-09-07,B,43.195607088686295,41-65,310679.3046706162,50-75%,225645.3868288824,0-25%,483666.2784933498,25-50%,8.25,8.25,40.3,1.8616819900072936,0.195,0.037082673580511635,0,,0.0,8.25,0.0,0.0,0.0,0.0,-5.197523053665911,-0.001
1674,423309,3,2025-09-07,B,64.90674219584743,41-65,2680528.364921692,>75%,169946202.12872177,>75%,6354292.040268718,>75%,5.0,9.75,5.0,5.804296620005538,0.164,0.03520833992286478,0,,0.0,5.0,0.0,0.0,0.0,0.0,-5.197523053665911,-0.001
1675,370189,3,2025-09-07,B,24.110804661259326,18-40,82483.29933470307,0-25%,339213.95839643944,0-25%,37049.676335716045,0-25%,7.25,6.75,7.5,2.575807733377899,0.312,0.09453901085549321,0,,0.0,7.25,0.0,0.0,0.0,0.0,-5.197523053665911,-0.001
1676,189168,3,2025-09-07,B,34.23608310891412,18-40,183767.34295444304,50-75%,690888.2853189787,25-50%,448100.45786360535,25-50%,6.25,10.5,2.5,10.51246362441774,0.277,0.07823948493036838,0,,0.0,6.25,0.0,0.0,0.0,0.0,-5.197523053665911,-0.001
1677,702731,3,2025-09-07,B,46.04979769867983,41-65,59734.90842684241,0-25%,440907.8100906922,25-50%,175975.80444329602,25-50%,6.5,9.25,47.7,5.536388286733834,0.235,0.0348983771665652,0,,0.0,6.5,0.0,0.0,0.0,0.0,-5.197523053665911,-0.001
1678,653678,3,2025-09-07,B,69.64160708531337,>65,1040138.496477949,>75%,43941625.32687681,>75%,3109115.0484671765,>75%,7.75,5.75,55.3,4.350481462093785,0.162,0.01026893955067168,0,,0.0,7.75,0.0,0.0,0.0,0.0,-5.197523053665911,-0.001
1679,946862,3,2025-09-07,B,46.70560958496672,41-65,77106.14595446081,0-25%,1192744.2249537287,25-50%,34043.924711405096,0-25%,11.0,8.5,20.6,3.692882530319696,0.187,0.030161785584393894,0,,0.0,11.0,0.0,0.0,0.0,0.0,-5.197523053665911,-0.001
1680,370001,3,2025-09-07,B,57.56137442019753,41-65,183822.4479808896,50-75%,1040757.9591196424,25-50%,32104.76148132303,0-25%,3.25,5.0,21.8,4.1341395544334505,0.17,0.049932761139202045,0,,0.0,3.25,0.0,0.0,0.0,0.0,-5.197523053665911,-0.001
1681,120907,3,2025-09-07,B,65.13434185522873,41-65,68669.77838073649,0-25%,282958.07158467843,0-25%,1097296.260125893,50-75%,7.25,7.0,0.4,3.6302856428753847,0.159,0.00561024440835167,0,,0.0,7.25,0.0,0.0,0.0,0.0,-5.197523053665911,-0.001
1682,587960,3,2025-09-07,B,72.41457490338908,>65,52239.54416780818,0-25%,410110.42097589065,25-50%,34701.83198159308,0-25%,4.5,10.5,17.0,1.3940207726257086,0.143,0.014912863811295111,0,,0.0,4.5,0.0,0.0,0.0,0.0,-5.197523053665911,-0.001
1683,309920,3,2025-09-07,B,70.04951352090892,>65,30918.18486310869,0-25%,824921.3228649787,25-50%,137792.3308399757,25-50%,5.5,12.75,17.0,11.26462646291766,0.121,0.007727493267867881,0,,0.0,5.5,0.0,0.0,0.0,0.0,-5.197523053665911,-0.001
1684,226650,3,2025-09-07,B,58.88065923722617,41-65,120625.88457872884,25-50%,1122348.619622612,25-50%,138355.03638683088,25-50%,9.75,4.25,13.4,4.7587508190580206,0.203,0.014604920891809108,0,,0.0,9.75,0.0,0.0,0.0,0.0,-5.197523053665911,-0.001
1685,938085,3,2025-09-07,B,42.46344462569809,41-65,233568.7203994537,50-75%,1956970.343834008,50-75%,1061040.2977881536,50-75%,8.25,7.5,28.1,1.180671764134308,0.264,0.02999597024009921,0,,0.0,8.25,0.0,0.0,0.0,0.0,-5.197523053665911,-0.001
1686,841873,3,2025-09-07,B,66.021286189821,>65,67525.44018613054,0-25%,766732.9667023831,25-50%,633508.5119457255,50-75%,6.75,5.75,25.8,0.6485365226028953,0.15,0.006151429397577491,0,,0.0,6.75,0.0,0.0,0.0,0.0,-5.197523053665911,-0.001
1687,809810,3,2025-09-07,B,42.78573128737435,41-65,280975.1509827667,50-75%,960605.0184145574,25-50%,1385663.478881668,50-75%,7.0,12.25,17.9,7.61360213700649,0.243,0.05121380056964657,0,,0.0,7.0,0.0,0.0,0.0,0.0,-5.197523053665911,-0.001
1688,290705,3,2025-09-07,B,83.70876640431878,>65,107101.5462965146,25-50%,807093.4766889879,25-50%,59239.96698778032,0-25%,6.25,12.0,30.7,8.451906093263025,0.118,0.008398756963703798,0,,0.0,6.25,0.0,0.0,0.0,0.0,-5.197523053665911,-0.001
1689,307340,3,2025-09-07,B,67.71938341146667,>65,88070.52423289363,0-25%,1128630.478055818,25-50%,1570703.3748714658,50-75%,8.0,2.0,12.0,6.5571689776880255,0.166,0.004606572738421632,0,,0.0,8.0,0.0,0.0,0.0,0.0,-5.197523053665911,-0.001
1690,276218,3,2025-09-07,B,39.90018726375565,18-40,37583.41388052449,0-25%,140874.43144379245,0-25%,176668.74406735558,25-50%,9.5,8.25,116.9,0.3980559011769443,0.237,0.019528080985460564,0,,0.0,9.5,0.0,0.0,0.0,0.0,-5.197523053665911,-0.001
1691,992894,3,2025-09-07,B,38.26878908302744,18-40,336247.8706308563,50-75%,12850191.74912133,>75%,8210315.057251318,>75%,8.0,13.25,8.1,4.3568820257759135,0.266,0.05213302812598409,0,,0.0,8.0,0.0,0.0,0.0,0.0,-5.197523053665911,-0.001
1692,938504,3,2025-09-07,B,49.81111542243067,41-65,207875.37743790887,50-75%,2940012.963588467,50-75%,254637.09640881143,25-50%,7.25,5.75,5.7,1.692366346974361,0.209,0.027831497046133906,0,,0.0,7.25,0.0,0.0,0.0,0.0,-5.197523053665911,-0.001
1693,115111,3,2025-09-07,B,63.04777088442504,41-65,133549.3786092352,25-50%,1755003.8331600395,50-75%,420824.85273229104,25-50%,12.5,8.0,127.8,1.7769503672247202,0.192,0.0083317963875445,0,,0.0,12.5,0.0,0.0,0.0,0.0,-5.197523053665911,-0.001
1694,399978,3,2025-09-07,B,58.513406144264245,41-65,58299.05362767385,0-25%,118126.43495171894,0-25%,38954.424469368045,0-25%,3.0,8.25,5.9,2.208466036040758,0.237,0.03043650983171159,0,,0.0,3.0,0.0,0.0,0.0,0.0,-5.197523053665911,-0.001
1695,647747,3,2025-09-07,B,53.44589698238372,41-65,32961.424365145955,0-25%,74954.69835333287,0-25%,26668.55239873868,0-25%,7.5,10.25,5.7,13.91485238929198,0.191,0.024885747132698907,0,,0.0,7.5,0.0,0.0,0.0,0.0,-5.197523053665911,-0.001
1696,677017,3,2025-09-07,B,69.63137305073144,>65,311449.90161942074,50-75%,1330233.7362317035,50-75%,2179283.899334249,>75%,11.25,8.75,72.9,11.412016885878185,0.133,0.005298183194406293,0,,0.0,11.25,0.0,0.0,0.0,0.0,-5.197523053665911,-0.001
1697,614995,3,2025-09-07,B,70.04186198762756,>65,88092.59274882247,0-25%,974106.2775213736,25-50%,846942.9365189851,50-75%,14.25,2.75,4.7,0.8720112113207218,0.151,0.005494885297570057,0,,0.0,14.25,0.0,0.0,0.0,0.0,-5.197523053665911,-0.001
1698,145813,3,2025-09-07,B,83.78384068077109,>65,439753.434195991,50-75%,26131085.617073014,>75%,723705.4373980621,50-75%,2.5,9.0,31.4,7.116129886859764,0.077,0.009269500213884818,0,,0.0,2.5,0.0,0.0,0.0,0.0,-5.197523053665911,-0.001
1699,938416,3,2025-09-07,B,78.438998598236,>65,238960.1001930212,50-75%,42860267.41462895,>75%,840401.1874534526,50-75%,5.25,11.0,32.0,2.2244806649770936,0.129,0.010156018254929016,0,,0.0,5.25,0.0,0.0,0.0,0.0,-5.197523053665911,-0.001
1700,447990,3,2025-09-07,B,32.90911939131239,18-40,826412.7942244674,>75%,1085001.7368832033,25-50%,555857.0547458314,50-75%,5.25,12.75,5.1,7.392982510059116,0.264,0.15302859560116658,1,2025-09-28,2.5,7.75,20660.319855611684,20660.319855611684,41320.63971122337,28.924447797856363,23.726924744190452,28.92344779785636
1701,697049,3,2025-09-07,B,67.43470024189766,>65,75642.3642554931,0-25%,84920.10602945098,0-25%,19065.887460540183,0-25%,5.0,10.5,11.6,0.4496795683015043,0.175,0.026379555202509335,0,,0.0,5.0,0.0,0.0,0.0,0.0,-5.197523053665911,-0.001
1702,975928,3,2025-09-07,B,49.95541458281848,41-65,137111.37512302547,25-50%,843300.4349334842,25-50%,162356.74990372505,25-50%,10.75,3.75,8.3,1.804834466707364,0.23,0.02526032129238688,1,2025-09-22,1.75,12.5,2399.449064652946,0.0,2399.449064652946,1.6796143452570627,-3.5179087084088483,1.6786143452570628
1703,337721,3,2025-09-07,B,48.755090236425694,41-65,40994.10274101646,0-25%,185348.35989209064,0-25%,159771.69762520728,25-50%,1.5,5.75,12.5,0.5444661034513267,0.226,0.0321856298668547,0,,0.0,1.5,0.0,0.0,0.0,0.0,-5.197523053665911,-0.001
1704,685580,3,2025-09-07,B,50.7118956054894,41-65,661379.5085284659,>75%,1356935.6727176977,50-75%,579638.8642206092,50-75%,6.5,13.0,13.5,10.048876213478302,0.2,0.05705511711508413,0,,0.0,6.5,0.0,0.0,0.0,0.0,-5.197523053665911,-0.001
1705,597875,3,2025-09-07,B,36.8640955091917,18-40,3313518.5258296835,>75%,19561979.000625163,>75%,3860736.805725151,>75%,8.25,7.5,106.0,5.266188023084581,0.262,0.07105629855622975,0,,0.0,8.25,0.0,0.0,0.0,0.0,-5.197523053665911,-0.001
1706,485371,3,2025-09-07,B,67.89399084806848,>65,830091.0764427404,>75%,9523966.09871071,>75%,722580.7593814033,50-75%,9.75,5.75,38.7,1.4289719519963016,0.141,0.015517681540846092,0,,0.0,9.75,0.0,0.0,0.0,0.0,-5.197523053665911,-0.001
1707,965475,3,2025-09-07,B,37.98404575520311,18-40,72589.83830441954,0-25%,35625.18018330158,0-25%,30770.120253983383,0-25%,6.75,5.0,46.0,3.782384211884732,0.267,0.04366391937234263,0,,0.0,6.75,0.0,0.0,0.0,0.0,-5.197523053665911,-0.001
1708,202383,3,2025-09-07,B,26.912800182310267,18-40,360618.6617809818,50-75%,3177710.3806056734,50-75%,1012028.5562507568,50-75%,14.25,4.75,34.3,0.2405817521038912,0.303,0.07761618580435996,0,,0.0,14.25,0.0,0.0,0.0,0.0,-5.197523053665911,-0.001
1709,463984,3,2025-09-07,B,70.66046531760634,>65,255670.9846902204,50-75%,21030613.55638016,>75%,2902809.966656279,>75%,5.25,11.25,16.3,6.6466264659228615,0.113,0.010894312220054846,0,,0.0,5.25,0.0,0.0,0.0,0.0,-5.197523053665911,-0.001
1710,411639,3,2025-09-07,B,64.33149417640891,41-65,422426.3197948935,50-75%,12492295.855583971,>75%,1916018.7065754689,>75%,14.5,5.25,13.4,4.911636714193641,0.186,0.010786838632642595,0,,0.0,14.5,0.0,0.0,0.0,0.0,-5.197523053665911,-0.001
1711,780772,3,2025-09-07,B,68.8781561707597,>65,144834.81180725005,25-50%,900493.5971542337,25-50%,301744.6273483237,25-50%,4.75,2.5,33.2,1.706699451743514,0.124,0.008389777831159897,0,,0.0,4.75,0.0,0.0,0.0,0.0,-5.197523053665911,-0.001
1712,283613,3,2025-09-07,B,66.85428597346605,>65,217894.11040935805,50-75%,27225265.556754783,>75%,1327206.838795743,50-75%,8.0,7.5,82.7,0.5365870837793922,0.185,0.007489832601905669,0,,0.0,8.0,0.0,0.0,0.0,0.0,-5.197523053665911,-0.001
1713,408286,3,2025-09-07,B,86.29110947083753,>65,1878938.9936217484,>75%,4636347.874839909,50-75%,1782633.6799346,>75%,0.75,4.25,10.3,1.0728401153242046,0.104,0.015338086456311111,0,,0.0,0.75,0.0,0.0,0.0,0.0,-5.197523053665911,-0.001
1714,386091,3,2025-09-07,B,51.37772938714931,41-65,147496.69638214682,25-50%,4107011.667835669,50-75%,1188902.0449324455,50-75%,9.25,3.75,17.1,1.3407566005978642,0.196,0.015716292840139277,0,,0.0,9.25,0.0,0.0,0.0,0.0,-5.197523053665911,-0.001
1715,823312,3,2025-09-07,B,29.59436546288644,18-40,415951.4639535903,50-75%,816973.5009464665,25-50%,153633.37994442336,25-50%,8.5,6.25,35.7,3.4918485669235437,0.301,0.09809856470444357,0,,0.0,8.5,0.0,0.0,0.0,0.0,-5.197523053665911,-0.001
1716,985881,3,2025-09-07,B,49.93273307097772,41-65,128224.40471032352,25-50%,2537527.7376782508,50-75%,237568.0028245931,25-50%,4.5,14.75,19.6,1.1269498893046093,0.258,0.04403821773407652,0,,0.0,4.5,0.0,0.0,0.0,0.0,-5.197523053665911,-0.001
1717,985517,3,2025-09-07,B,63.45550889392101,41-65,5314207.750344354,>75%,114901712.24784368,>75%,2620981.482921712,>75%,6.25,10.25,32.4,0.445550239716778,0.177,0.0653384500958693,0,,0.0,6.25,0.0,0.0,0.0,0.0,-5.197523053665911,-0.001
1718,791099,3,2025-09-07,B,67.2885939048021,>65,101707.62893809604,25-50%,335676.5450619647,0-25%,1340615.1889837373,50-75%,2.5,7.5,71.4,3.610210805967101,0.158,0.009871608418049451,0,,0.0,2.5,0.0,0.0,0.0,0.0,-5.197523053665911,-0.001
1719,919462,3,2025-09-07,B,57.730513181236105,41-65,87872.70731046342,0-25%,1036309.1954034008,25-50%,404247.3377877908,25-50%,10.25,5.75,2.4,2.937874759393039,0.184,0.011425395672865308,0,,0.0,10.25,0.0,0.0,0.0,0.0,-5.197523053665911,-0.001
1720,629664,3,2025-09-07,B,80.33174724875788,>65,349160.3035973426,50-75%,17548466.31488995,>75%,3100366.137477087,>75%,4.25,12.0,68.1,4.057859285215366,0.141,0.007279029555950565,0,,0.0,4.25,0.0,0.0,0.0,0.0,-5.197523053665911,-0.001
1721,493231,3,2025-09-07,B,58.733354480106975,41-65,116465.41576786627,25-50%,1145883.208549606,25-50%,731061.544950788,50-75%,13.0,0.75,3.1,3.001647867287483,0.221,0.010764424158751645,0,,0.0,13.0,0.0,0.0,0.0,0.0,-5.197523053665911,-0.001
1722,267670,3,2025-09-07,B,78.56887487102534,>65,281836.6609824116,50-75%,5457833.228397623,50-75%,4132673.983915957,>75%,9.5,6.75,36.8,0.6449803037066574,0.096,0.003962669852415631,0,,0.0,9.5,0.0,0.0,0.0,0.0,-5.197523053665911,-0.001
1723,880851,3,2025-09-07,B,70.65178339286487,>65,587373.400882482,>75%,43435412.11497469,>75%,1073780.9379516926,50-75%,3.0,6.75,32.3,3.5078495380349186,0.132,0.020313795983317375,0,,0.0,3.0,0.0,0.0,0.0,0.0,-5.197523053665911,-0.001
1724,611192,3,2025-09-07,B,67.45126679776212,>65,93775.4766616149,0-25%,258532.6459396801,0-25%,53947.53351849624,0-25%,13.75,7.5,10.2,0.2633000639105319,0.183,0.011783467929297204,0,,0.0,13.75,0.0,0.0,0.0,0.0,-5.197523053665911,-0.001
1725,324052,3,2025-09-07,B,36.18409284439716,18-40,1003699.9292173432,>75%,1141368.1630916495,25-50%,104659.10319051752,0-25%,11.5,12.0,36.7,5.767201670507347,0.213,0.19049780557373377,0,,0.0,11.5,0.0,0.0,0.0,0.0,-5.197523053665911,-0.001
1726,920145,3,2025-09-07,B,64.57600268757042,41-65,194804.3858676866,50-75%,18936372.835930876,>75%,778997.0707879564,50-75%,8.5,4.5,47.7,0.1835654691602492,0.162,0.00972443701619776,0,,0.0,8.5,0.0,0.0,0.0,0.0,-5.197523053665911,-0.001
1727,323356,3,2025-09-07,B,63.5020896856684,41-65,83996.9813329304,0-25%,542381.4755880532,25-50%,433159.6854267704,25-50%,4.0,5.25,13.8,18.3272752180058,0.154,0.010900541073488541,0,,0.0,4.0,0.0,0.0,0.0,0.0,-5.197523053665911,-0.001
1728,440333,3,2025-09-07,B,53.24212628424654,41-65,288906.4690342912,50-75%,6741075.599609916,>75%,147772.6049509973,25-50%,6.5,10.0,64.1,7.033671080428495,0.192,0.046389653279510064,0,,0.0,6.5,0.0,0.0,0.0,0.0,-5.197523053665911,-0.001
1729,430550,3,2025-09-07,B,63.15850496710503,41-65,106815.82094501604,25-50%,1675751.2842310362,50-75%,1171632.2844595865,50-75%,6.0,13.0,3.1,0.8103401041224465,0.18,0.015701277339517143,0,,0.0,6.0,0.0,0.0,0.0,0.0,-5.197523053665911,-0.001
1730,760164,3,2025-09-07,B,56.984392404049686,41-65,3141994.288557922,>75%,18900542.6983192,>75%,2075937.1656900484,>75%,6.25,7.75,14.2,0.9352702134930556,0.178,0.07669158028756975,0,,0.0,6.25,0.0,0.0,0.0,0.0,-5.197523053665911,-0.001
1731,391923,3,2025-09-07,B,72.9315841430724,>65,3569000.548231268,>75%,11405077.360877387,>75%,654230.7589507725,50-75%,5.5,14.5,0.6,4.927842183764318,0.132,0.04479715257434921,0,,0.0,5.5,0.0,0.0,0.0,0.0,-5.197523053665911,-0.001
1732,198496,3,2025-09-07,B,63.81640760247876,41-65,95800.92189303748,25-50%,136940.5840375329,0-25%,73124.61833485238,0-25%,2.75,4.75,13.6,8.296951364426977,0.198,0.021460391430377264,0,,0.0,2.75,0.0,0.0,0.0,0.0,-5.197523053665911,-0.001
1733,348115,3,2025-09-07,B,58.18000543040895,41-65,55257.816390313295,0-25%,46513.66290945687,0-25%,133612.8098034856,25-50%,9.25,10.25,63.9,3.205660675856166,0.193,0.02019224232511393,0,,0.0,9.25,0.0,0.0,0.0,0.0,-5.197523053665911,-0.001
1734,487277,3,2025-09-07,B,45.762600590334536,41-65,53647.93391907519,0-25%,420433.797719067,25-50%,32826.243444821834,0-25%,10.0,6.0,8.9,0.205927439003752,0.215,0.03040282528054339,0,,0.0,10.0,0.0,0.0,0.0,0.0,-5.197523053665911,-0.001
1735,876217,3,2025-09-07,B,42.89815765293894,41-65,122109.91784002406,25-50%,1444376.8691395102,50-75%,26698.678005190548,0-25%,5.25,6.0,0.3,0.8104841701359023,0.228,0.09847052656168845,0,,0.0,5.25,0.0,0.0,0.0,0.0,-5.197523053665911,-0.001
1736,654614,3,2025-09-07,B,58.22083987605061,41-65,1136261.502888932,>75%,1844090.1518536496,50-75%,4366167.923241082,>75%,7.5,1.5,2.6,1.398348718381223,0.165,0.020966717770302627,0,,0.0,7.5,0.0,0.0,0.0,0.0,-5.197523053665911,-0.001
1737,283060,3,2025-09-07,B,62.3272176976682,41-65,58885.092748779854,0-25%,996000.0001154166,25-50%,89989.50028558783,0-25%,3.75,9.75,24.4,1.4146606487985351,0.225,0.02079975014139781,0,,0.0,3.75,0.0,0.0,0.0,0.0,-5.197523053665911,-0.001
1738,210801,3,2025-09-07,B,44.65449664101377,41-65,164220.58943248127,25-50%,668069.3941580573,25-50%,96483.56125341426,0-25%,11.5,13.5,28.4,0.7619416833087996,0.215,0.07505902827699992,0,,0.0,11.5,0.0,0.0,0.0,0.0,-5.197523053665911,-0.001
1739,284125,3,2025-09-07,B,65.8555544314736,41-65,77584.95288398553,0-25%,227437.4886990272,0-25%,116817.94728959484,0-25%,5.25,4.25,18.0,6.780734851078566,0.167,0.008302931900375711,0,,0.0,5.25,0.0,0.0,0.0,0.0,-5.197523053665911,-0.001
1740,580103,3,2025-09-07,B,75.50610042220215,>65,203965.80345825452,50-75%,3242897.3002078165,50-75%,1172957.1529314695,50-75%,8.5,10.5,3.6,2.202831522455494,0.105,0.010816567144995706,0,,0.0,8.5,0.0,0.0,0.0,0.0,-5.197523053665911,-0.001
1741,612716,3,2025-09-07,B,63.54161681646606,41-65,2686624.31785598,>75%,24889416.358611982,>75%,7805016.262882719,>75%,12.0,11.25,1.4,7.074910898007803,0.179,0.017920060565497536,0,,0.0,12.0,0.0,0.0,0.0,0.0,-5.197523053665911,-0.001
1742,964150,3,2025-09-07,B,66.3444383835233,>65,313881.81260315905,50-75%,2254796.986467553,50-75%,1385975.8357367502,50-75%,7.5,5.25,11.6,16.62504782035307,0.153,0.00687294044268316,0,,0.0,7.5,0.0,0.0,0.0,0.0,-5.197523053665911,-0.001
1743,203059,3,2025-09-07,B,49.71485137068984,41-65,81891.49333583206,0-25%,293171.1459457495,0-25%,476051.043948422,25-50%,9.75,5.0,20.1,13.131977649411002,0.239,0.011945235266708695,0,,0.0,9.75,0.0,0.0,0.0,0.0,-5.197523053665911,-0.001
1744,231983,3,2025-09-07,B,61.114744278248885,41-65,228330.74563435157,50-75%,2565037.7234927835,50-75%,191584.6643635279,25-50%,2.5,8.25,5.4,11.454599883515872,0.215,0.027226200706881653,0,,0.0,2.5,0.0,0.0,0.0,0.0,-5.197523053665911,-0.001
1745,293446,3,2025-09-07,B,30.28211163087912,18-40,140021.9786714887,25-50%,63463.03832327748,0-25%,50639.41088574036,0-25%,9.75,13.75,8.6,3.283453000940084,0.259,0.14994390641770508,1,2025-09-30,3.75,13.5,5250.824200180826,5250.824200180826,10501.648400361652,7.3511538802531575,2.1536308265872464,7.350153880253157
1746,309440,3,2025-09-07,B,26.5662597840736,18-40,364564.9213610634,50-75%,819686.0330238548,25-50%,576019.2946658952,50-75%,7.5,10.0,30.8,0.3437324960339977,0.306,0.16367309682077227,0,,0.0,7.5,0.0,0.0,0.0,0.0,-5.197523053665911,-0.001
1747,326480,3,2025-09-07,B,49.07870727624309,41-65,62450.4725520826,0-25%,62430.17061779948,0-25%,3758.098095231737,0-25%,3.5,6.5,5.2,0.7625202089525235,0.26,0.08317851757043629,0,,0.0,3.5,0.0,0.0,0.0,0.0,-5.197523053665911,-0.001
1748,397220,3,2025-09-07,B,50.95848839662929,41-65,1612318.1627366438,>75%,2518774.394799817,50-75%,72009.53336415895,0-25%,11.0,7.25,30.9,1.7372297997901218,0.238,0.0769946027313488,0,,0.0,11.0,0.0,0.0,0.0,0.0,-5.197523053665911,-0.001
1749,357865,3,2025-09-07,B,49.182607009683565,41-65,130169.41461862816,25-50%,807343.6502932743,25-50%,179974.07054673278,25-50%,5.25,6.75,24.0,0.5881252153105891,0.191,0.04893152387287251,0,,0.0,5.25,0.0,0.0,0.0,0.0,-5.197523053665911,-0.001
1750,366229,3,2025-09-07,B,61.78565470546632,41-65,108054.78974092046,25-50%,9622309.284238286,>75%,1081293.6689795945,50-75%,7.5,4.5,66.2,2.797573629190069,0.135,0.007265680294838475,0,,0.0,7.5,0.0,0.0,0.0,0.0,-5.197523053665911,-0.001
1751,332971,3,2025-09-07,B,60.53887416999378,41-65,126620.33313952046,25-50%,79110.69482478783,0-25%,44259.76361491838,0-25%,9.75,4.25,37.0,8.110561971063575,0.142,0.015423999130358522,0,,0.0,9.75,0.0,0.0,0.0,0.0,-5.197523053665911,-0.001
1752,254672,3,2025-09-07,B,77.66208509586451,>65,279875.2704323857,50-75%,2952414.321564093,50-75%,224530.19761868755,25-50%,7.25,11.25,27.6,10.675313053159575,0.135,0.012306575275824135,0,,0.0,7.25,0.0,0.0,0.0,0.0,-5.197523053665911,-0.001
1753,299899,3,2025-09-07,B,76.27359538862231,>65,74548.02730651392,0-25%,437726.998630048,25-50%,72273.20338703018,0-25%,9.0,7.25,7.9,2.4759063386141174,0.15,0.006101167885629362,0,,0.0,9.0,0.0,0.0,0.0,0.0,-5.197523053665911,-0.001
1754,204202,3,2025-09-07,B,66.46630637350694,>65,695213.5799238876,>75%,8645567.224667428,>75%,4454475.407014156,>75%,4.5,3.75,19.9,2.7542969061812133,0.107,0.010439461032598607,0,,0.0,4.5,0.0,0.0,0.0,0.0,-5.197523053665911,-0.001
1755,887819,3,2025-09-07,B,43.63326454066268,41-65,119533.00673119447,25-50%,1235489.951344916,25-50%,159616.52978413235,25-50%,10.5,4.25,27.0,0.8714116392231506,0.244,0.032188958268708996,0,,0.0,10.5,0.0,0.0,0.0,0.0,-5.197523053665911,-0.001
1756,670404,3,2025-09-07,B,61.89655274166873,41-65,69981.67485341916,0-25%,2393933.8101292267,50-75%,66486.28932329656,0-25%,7.75,7.0,7.2,7.822722421386153,0.183,0.010900318054456968,0,,0.0,7.75,0.0,0.0,0.0,0.0,-5.197523053665911,-0.001
1757,751989,3,2025-09-07,B,51.81221733697823,41-65,1493529.1128529871,>75%,5691374.146933586,50-75%,634196.9856057736,50-75%,7.0,1.5,31.8,2.9189173731794247,0.226,0.044297630566656705,0,,0.0,7.0,0.0,0.0,0.0,0.0,-5.197523053665911,-0.001
1758,716217,3,2025-09-07,B,78.03952211647,>65,3851348.2374634487,>75%,100584950.51090732,>75%,5662844.217504474,>75%,10.5,4.25,97.3,2.058394408239329,0.132,0.0101840772714626,0,,0.0,10.5,0.0,0.0,0.0,0.0,-5.197523053665911,-0.001
1759,104316,3,2025-09-07,B,35.11925078210305,18-40,87420.16963960869,0-25%,624348.5453083398,25-50%,233934.54840607848,25-50%,12.25,2.75,0.3,3.094589455523579,0.271,0.039317427174262655,0,,0.0,12.25,0.0,0.0,0.0,0.0,-5.197523053665911,-0.001
1760,244992,3,2025-09-07,B,56.46026988305499,41-65,126905.06179202716,25-50%,2230940.246783492,50-75%,450160.8637472892,25-50%,9.25,12.75,22.9,12.236782289979176,0.174,0.021000544074284266,0,,0.0,9.25,0.0,0.0,0.0,0.0,-5.197523053665911,-0.001
1761,882910,3,2025-09-07,B,34.21653627818256,18-40,186044.5099785028,50-75%,6530427.736863336,>75%,633659.777214475,50-75%,8.0,5.0,0.2,2.8727230316090635,0.238,0.04603409517605105,0,,0.0,8.0,0.0,0.0,0.0,0.0,-5.197523053665911,-0.001
1762,774148,3,2025-09-07,B,72.94703094575003,>65,139129.45566041264,25-50%,2092523.023398819,50-75%,152421.9425268013,25-50%,3.5,6.75,12.5,0.0937970734543986,0.14,0.01679191772252037,0,,0.0,3.5,0.0,0.0,0.0,0.0,-5.197523053665911,-0.001
1763,787584,3,2025-09-07,B,61.03038741348976,41-65,397026.9564290492,50-75%,19679842.908699743,>75%,1751029.086571537,>75%,9.5,9.0,9.9,0.4848332763051731,0.135,0.014210420480540917,0,,0.0,9.5,0.0,0.0,0.0,0.0,-5.197523053665911,-0.001
1764,317548,3,2025-09-07,B,60.42926081734384,41-65,69987.04829954768,0-25%,367867.6750860388,25-50%,42900.22323157862,0-25%,12.75,5.75,58.0,11.451621851767428,0.205,0.010643377813721147,0,,0.0,12.75,0.0,0.0,0.0,0.0,-5.197523053665911,-0.001
1765,307151,3,2025-09-07,B,54.33915780916224,41-65,325673.14444758365,50-75%,6886990.863904364,>75%,1947730.6003536656,>75%,8.75,5.25,8.5,7.871927308014734,0.219,0.014841965434321619,0,,0.0,8.75,0.0,0.0,0.0,0.0,-5.197523053665911,-0.001
1766,122166,3,2025-09-07,B,52.84688150125066,41-65,8641186.808557969,>75%,5048699.637337013,50-75%,1534684.2367578042,50-75%,11.5,5.25,68.1,9.30304482768209,0.195,0.058355816866339026,0,,0.0,11.5,0.0,0.0,0.0,0.0,-5.197523053665911,-0.001
1767,965940,3,2025-09-07,B,30.17925023131766,18-40,218642.2437266067,50-75%,209226.81816218604,0-25%,459828.8602676957,25-50%,7.0,6.25,2.6,1.5775847708366386,0.271,0.06555866805213452,0,,0.0,7.0,0.0,0.0,0.0,0.0,-5.197523053665911,-0.001
1768,102889,3,2025-09-07,B,63.11251665666778,41-65,1698087.9892786494,>75%,48925293.24548949,>75%,5604911.803556543,>75%,5.5,4.75,67.8,1.4473541366598974,0.149,0.016252966452758956,0,,0.0,5.5,0.0,0.0,0.0,0.0,-5.197523053665911,-0.001
1769,400483,3,2025-09-07,B,39.18993248175882,18-40,302641.3490096681,50-75%,433916.3904873467,25-50%,153895.03197081437,25-50%,5.0,4.5,6.0,8.408079456598701,0.207,0.05167954857290696,0,,0.0,5.0,0.0,0.0,0.0,0.0,-5.197523053665911,-0.001
1770,303527,3,2025-09-07,B,56.61686809742214,41-65,190488.76044078785,50-75%,2350027.958596217,50-75%,1282456.572534419,50-75%,4.0,9.25,13.4,1.5172424795336354,0.219,0.026322701393049857,0,,0.0,4.0,0.0,0.0,0.0,0.0,-5.197523053665911,-0.001
1771,306694,3,2025-09-07,B,69.63694981183372,>65,662211.9828031635,>75%,37191022.80193841,>75%,6586834.199325891,>75%,3.75,6.25,23.3,5.610500038735316,0.184,0.014686799501141079,0,,0.0,3.75,0.0,0.0,0.0,0.0,-5.197523053665911,-0.001
1772,434105,3,2025-09-07,B,48.43770141235037,41-65,40952.15705751005,0-25%,53199.85845199421,0-25%,168306.9782202763,25-50%,7.25,8.25,10.5,4.294131678893588,0.2,0.02958920668394402,0,,0.0,7.25,0.0,0.0,0.0,0.0,-5.197523053665911,-0.001
1773,669673,3,2025-09-07,B,60.749166737017866,41-65,509195.2617632596,50-75%,2519793.0353118703,50-75%,1279543.0150739965,50-75%,9.25,13.5,65.9,0.535055702852408,0.141,0.03022843318750191,0,,0.0,9.25,0.0,0.0,0.0,0.0,-5.197523053665911,-0.001
1774,690120,3,2025-09-07,B,56.53072510996103,41-65,130551.00017605748,25-50%,523996.1583942417,25-50%,191019.8573395725,25-50%,10.75,6.75,24.3,3.942882218695944,0.192,0.01582531302947219,0,,0.0,10.75,0.0,0.0,0.0,0.0,-5.197523053665911,-0.001
1775,985118,3,2025-09-07,B,81.42979657076079,>65,166372.9579043378,25-50%,1378607.7577187032,50-75%,2243002.585730611,>75%,13.5,7.25,35.7,32.283852179981416,0.122,0.0014012798334446083,0,,0.0,13.5,0.0,0.0,0.0,0.0,-5.197523053665911,-0.001
1776,617547,3,2025-09-07,B,62.52542820782835,41-65,118276.6571122236,25-50%,652598.7572097731,25-50%,5429315.601723703,>75%,6.25,6.0,14.3,10.989635094026276,0.166,0.0046206737968799965,0,,0.0,6.25,0.0,0.0,0.0,0.0,-5.197523053665911,-0.001
1777,771190,3,2025-09-07,B,60.31655374260777,41-65,277573.65451925347,50-75%,3268465.5926187807,50-75%,1429552.2580465823,50-75%,7.0,6.0,107.5,2.9750711544272668,0.189,0.010179114859176445,0,,0.0,7.0,0.0,0.0,0.0,0.0,-5.197523053665911,-0.001
1778,386062,3,2025-09-07,B,56.670939500127545,41-65,39173.6391359412,0-25%,14188.478455117507,0-25%,16644.08131495559,0-25%,5.25,10.75,29.7,7.5372014425883025,0.199,0.028223604581892048,0,,0.0,5.25,0.0,0.0,0.0,0.0,-5.197523053665911,-0.001
1779,254164,3,2025-09-07,B,81.81767115496825,>65,96303.09010056432,25-50%,4032622.487317069,50-75%,323218.1314393748,25-50%,6.5,8.5,18.6,11.042942896533386,0.082,0.005842194692324393,0,,0.0,6.5,0.0,0.0,0.0,0.0,-5.197523053665911,-0.001
1780,338556,3,2025-09-07,B,71.49588228542657,>65,10867467.844203845,>75%,165279671.21034753,>75%,2892442.4397708555,>75%,4.25,6.0,14.8,9.752207954236953,0.15,0.048566102176868534,0,,0.0,4.25,0.0,0.0,0.0,0.0,-5.197523053665911,-0.001
1781,421296,3,2025-09-07,B,82.82974934363408,>65,55568.544805209065,0-25%,1282759.9441362545,50-75%,2559614.387694871,>75%,11.25,11.5,24.6,0.9102585788342074,0.129,0.0035366438996507327,0,,0.0,11.25,0.0,0.0,0.0,0.0,-5.197523053665911,-0.001
1782,818722,3,2025-09-07,B,70.2869312716559,>65,261879.5528812544,50-75%,331621.08174310095,0-25%,18205.706575497275,0-25%,12.75,8.75,42.9,9.275141963270938,0.165,0.015121867105069955,0,,0.0,12.75,0.0,0.0,0.0,0.0,-5.197523053665911,-0.001
1783,158449,3,2025-09-07,B,43.3464964613569,41-65,86599.56693937382,0-25%,299239.3583912166,0-25%,80383.3768555943,0-25%,3.25,10.5,11.0,4.981133354817628,0.221,0.05961758157385384,0,,0.0,3.25,0.0,0.0,0.0,0.0,-5.197523053665911,-0.001
1784,806682,3,2025-09-07,B,59.142688698221264,41-65,226113.2554421996,50-75%,1092135.7282095607,25-50%,616069.5974299787,50-75%,2.75,4.75,44.6,5.312883275639647,0.171,0.025056401910096567,0,,0.0,2.75,0.0,0.0,0.0,0.0,-5.197523053665911,-0.001
1785,522654,3,2025-09-07,B,35.68361006020117,18-40,1493120.2650665636,>75%,299300.0766325224,0-25%,121159.77037211326,25-50%,14.75,3.25,42.5,2.2077445492564425,0.207,0.13084724324511,0,,0.0,14.75,0.0,0.0,0.0,0.0,-5.197523053665911,-0.001
1786,432662,3,2025-09-07,B,79.32381211276027,>65,3506897.2269528857,>75%,151455009.42433748,>75%,2005126.7884094163,>75%,1.5,9.5,108.0,16.84724267259184,0.144,0.01540060233220139,0,,0.0,1.5,0.0,0.0,0.0,0.0,-5.197523053665911,-0.001
1787,816104,3,2025-09-07,B,62.511692334360944,41-65,107420.17420701942,25-50%,4325730.138174617,50-75%,5246583.98314968,>75%,9.25,4.25,2.0,2.954665159278904,0.184,0.0056066648940717185,0,,0.0,9.25,0.0,0.0,0.0,0.0,-5.197523053665911,-0.001
1788,679515,3,2025-09-07,B,51.48826091402466,41-65,122976.45238939146,25-50%,434278.08973300864,25-50%,337760.57835026697,25-50%,2.75,11.25,30.6,2.946016027117892,0.201,0.034866022305465955,0,,0.0,2.75,0.0,0.0,0.0,0.0,-5.197523053665911,-0.001
1789,777728,3,2025-09-07,B,61.89822287486939,41-65,59091.79409979048,0-25%,18934.40522123504,0-25%,3624.799190744935,0-25%,8.75,12.5,32.3,0.3066303301804587,0.129,0.04271924325151623,0,,0.0,8.75,0.0,0.0,0.0,0.0,-5.197523053665911,-0.001
1790,978692,3,2025-09-07,B,38.43617520550645,18-40,127224.09860880463,25-50%,707711.5764377582,25-50%,161108.76186543368,25-50%,8.75,11.25,29.3,2.07463674065907,0.26,0.0789567273954459,0,,0.0,8.75,0.0,0.0,0.0,0.0,-5.197523053665911,-0.001
1791,857718,3,2025-09-07,B,76.62032442786318,>65,109938.34979875742,25-50%,15818757.607192324,>75%,2087338.553102202,>75%,11.0,10.0,52.1,6.10134194911824,0.123,0.0028389022944326414,0,,0.0,11.0,0.0,0.0,0.0,0.0,-5.197523053665911,-0.001
1792,750409,3,2025-09-07,B,74.4943917736473,>65,187454.81304902103,50-75%,2422623.028735533,50-75%,775073.7618539908,50-75%,5.0,8.0,16.4,7.081644647934758,0.155,0.010352972817272854,0,,0.0,5.0,0.0,0.0,0.0,0.0,-5.197523053665911,-0.001
1793,331963,3,2025-09-07,B,72.01573630049481,>65,59359.71427885008,0-25%,876255.1257109392,25-50%,470748.8400873031,25-50%,6.0,8.75,15.4,1.525079921435508,0.154,0.009120360231272186,0,,0.0,6.0,0.0,0.0,0.0,0.0,-5.197523053665911,-0.001
1794,559292,3,2025-09-07,B,39.57372185337419,18-40,567430.4749006723,>75%,9747130.922887458,>75%,2134071.951998087,>75%,4.75,9.0,3.3,3.052229233978578,0.219,0.08341560470117143,0,,0.0,4.75,0.0,0.0,0.0,0.0,-5.197523053665911,-0.001
1795,137721,3,2025-09-07,B,62.7103231500299,41-65,92744.79141135774,0-25%,217310.62102718448,0-25%,432433.19252605765,25-50%,3.75,3.75,5.7,10.026053747873036,0.116,0.007463619449301471,0,,0.0,3.75,0.0,0.0,0.0,0.0,-5.197523053665911,-0.001
1796,130593,3,2025-09-07,B,46.582234339305366,41-65,182590.29511313897,25-50%,340168.24691477994,0-25%,42602.85615612801,0-25%,5.0,4.75,61.9,3.895536959139432,0.225,0.038308560197622604,0,,0.0,5.0,0.0,0.0,0.0,0.0,-5.197523053665911,-0.001
1797,874275,3,2025-09-07,B,65.18263927886095,41-65,839006.7776015002,>75%,50232315.44135936,>75%,1871992.2497852184,>75%,3.5,3.25,9.6,0.1782400288302447,0.199,0.015877384639810796,0,,0.0,3.5,0.0,0.0,0.0,0.0,-5.197523053665911,-0.001
1798,840616,3,2025-09-07,B,53.437870612134816,41-65,57476.30750565199,0-25%,428126.2154583464,25-50%,352303.6447325291,25-50%,5.5,5.5,24.2,0.3546727602204237,0.203,0.01239238253037599,0,,0.0,5.5,0.0,0.0,0.0,0.0,-5.197523053665911,-0.001
1799,591084,3,2025-09-07,B,43.574512348663184,41-65,58276.39620056,0-25%,157097.8082536045,0-25%,37769.45566825751,0-25%,10.25,8.5,13.0,1.0321657429079307,0.198,0.0330815154585601,0,,0.0,10.25,0.0,0.0,0.0,0.0,-5.197523053665911,-0.001
1800,660853,3,2025-09-07,B,55.80951958849557,41-65,112465.32496907444,25-50%,386748.417266969,25-50%,305616.4278851931,25-50%,13.25,10.5,8.1,1.0671065303765823,0.185,0.015413004084488688,0,,0.0,13.25,0.0,0.0,0.0,0.0,-5.197523053665911,-0.001
1801,207041,3,2025-09-07,B,60.31446622041243,41-65,236184.07001649155,50-75%,2341796.210692236,50-75%,485459.2509947073,25-50%,7.5,9.25,21.9,17.63631656614126,0.206,0.01954511118996952,0,,0.0,7.5,0.0,0.0,0.0,0.0,-5.197523053665911,-0.001
1802,275652,3,2025-09-07,B,59.7116624852051,41-65,180519.35520537445,25-50%,1516540.5062167922,50-75%,630924.1894673345,50-75%,7.75,5.0,24.5,12.023695511624778,0.156,0.009786306432740569,0,,0.0,7.75,0.0,0.0,0.0,0.0,-5.197523053665911,-0.001
1803,219192,3,2025-09-07,B,45.16564424937749,41-65,76558.8730664844,0-25%,239669.9270442506,0-25%,62646.836987794246,0-25%,7.0,9.5,31.4,0.8060791482663131,0.228,0.05811441436676357,0,,0.0,7.0,0.0,0.0,0.0,0.0,-5.197523053665911,-0.001
1804,527592,3,2025-09-07,B,65.04642105175667,41-65,51393.19664438968,0-25%,938658.2590117508,25-50%,65623.76858439755,0-25%,10.75,15.75,38.3,1.0447323551572671,0.168,0.018006949394750782,0,,0.0,10.75,0.0,0.0,0.0,0.0,-5.197523053665911,-0.001
1805,749820,3,2025-09-07,B,56.06401296987362,41-65,335414.7112798665,50-75%,23836399.799566224,>75%,1235432.1720880747,50-75%,10.25,9.75,57.7,0.5926082082003905,0.203,0.016547139556466726,0,,0.0,10.25,0.0,0.0,0.0,0.0,-5.197523053665911,-0.001
1806,351115,3,2025-09-07,B,46.1338630067356,41-65,152519.70321248934,25-50%,784922.223908668,25-50%,1018292.4416397264,50-75%,6.75,1.0,84.4,1.0208821099806813,0.245,0.018873718671138028,0,,0.0,6.75,0.0,0.0,0.0,0.0,-5.197523053665911,-0.001
1807,357048,3,2025-09-07,B,77.84018011504514,>65,84630.48595458704,0-25%,853001.65568106,25-50%,3033156.718100957,>75%,4.0,13.25,74.4,1.77031323215749,0.144,0.004664650379783305,0,,0.0,4.0,0.0,0.0,0.0,0.0,-5.197523053665911,-0.001
1808,566868,3,2025-09-07,B,64.21548364995746,41-65,6742153.045808853,>75%,8028401.87434059,>75%,1551249.6955443404,50-75%,4.0,12.5,97.6,2.3233210515365186,0.142,0.06545667618363252,0,,0.0,4.0,0.0,0.0,0.0,0.0,-5.197523053665911,-0.001
1809,520732,3,2025-09-07,B,81.56593289867979,>65,269290.3944613297,50-75%,4634737.744284961,50-75%,645228.4210645686,50-75%,11.25,13.0,17.1,4.153813544152825,0.121,0.009509818329257612,0,,0.0,11.25,0.0,0.0,0.0,0.0,-5.197523053665911,-0.001
1810,443569,3,2025-09-07,B,61.42156851736356,41-65,2313131.052341605,>75%,112969257.42750344,>75%,8300994.091745691,>75%,4.75,8.75,15.4,0.1392787983400961,0.159,0.04167726623871522,0,,0.0,4.75,0.0,0.0,0.0,0.0,-5.197523053665911,-0.001
1811,861842,3,2025-09-07,B,43.3622030020944,41-65,5004322.09344139,>75%,63880802.127807096,>75%,6811257.016903088,>75%,12.75,7.25,58.4,1.7661876541436234,0.184,0.06548623238124887,0,,0.0,12.75,0.0,0.0,0.0,0.0,-5.197523053665911,-0.001
1812,368913,3,2025-09-07,B,30.516048190003985,18-40,75647.87917505766,0-25%,146692.8571909977,0-25%,412576.84222938144,25-50%,8.75,13.0,21.4,4.208529688080176,0.255,0.0738437172561952,0,,0.0,8.75,0.0,0.0,0.0,0.0,-5.197523053665911,-0.001
1813,484102,3,2025-09-07,B,60.43450074972991,41-65,375590.2629157612,50-75%,780005.0155454277,25-50%,1476838.004393287,50-75%,7.25,7.75,28.0,2.054590301774441,0.197,0.02713175785783289,0,,0.0,7.25,0.0,0.0,0.0,0.0,-5.197523053665911,-0.001
1814,646684,3,2025-09-07,B,68.59571910210659,>65,136229.67009604775,25-50%,2850039.263313069,50-75%,3022773.3073494597,>75%,5.5,12.25,30.2,24.605448688443257,0.148,0.0056340855563525504,0,,0.0,5.5,0.0,0.0,0.0,0.0,-5.197523053665911,-0.001
1815,510434,3,2025-09-07,B,65.01094027527495,41-65,437933.7059945145,50-75%,3532688.2406380638,50-75%,2344244.064866135,>75%,11.5,7.25,1.0,5.23441670526613,0.137,0.010306810125815979,0,,0.0,11.5,0.0,0.0,0.0,0.0,-5.197523053665911,-0.001
1816,459984,3,2025-09-07,B,78.1726594440694,>65,124865.25639966891,25-50%,2530490.1045895056,50-75%,1483393.680667354,50-75%,14.75,9.0,46.4,0.277130847588068,0.097,0.003505928947948849,0,,0.0,14.75,0.0,0.0,0.0,0.0,-5.197523053665911,-0.001
1817,668633,3,2025-09-07,B,55.770736463967125,41-65,283753.3936321777,50-75%,250110.4116933273,0-25%,97499.61459790304,0-25%,8.5,11.75,9.3,4.5452177587702725,0.204,0.052472395887630564,0,,0.0,8.5,0.0,0.0,0.0,0.0,-5.197523053665911,-0.001
1818,391333,3,2025-09-07,B,64.78759271224641,41-65,1816396.9843977476,>75%,13959710.798526956,>75%,1719099.8340651984,50-75%,10.75,1.25,14.9,1.58216253039251,0.178,0.02200219728880059,0,,0.0,10.75,0.0,0.0,0.0,0.0,-5.197523053665911,-0.001
1819,395680,3,2025-09-07,B,52.28429538068037,41-65,163976.563968534,25-50%,7045984.690492978,>75%,310573.63840340904,25-50%,5.5,8.25,5.6,9.565886284924558,0.2,0.03445507162392908,0,,0.0,5.5,0.0,0.0,0.0,0.0,-5.197523053665911,-0.001
1820,384115,3,2025-09-07,B,35.19889125688785,18-40,145307.804869638,25-50%,439473.97141432384,25-50%,122441.1389296147,25-50%,12.5,9.0,0.5,1.3021704413516304,0.249,0.057932962195541136,0,,0.0,12.5,0.0,0.0,0.0,0.0,-5.197523053665911,-0.001
1821,588029,3,2025-09-07,B,59.84703326685355,41-65,2435360.6711808885,>75%,2602072.052800612,50-75%,4010358.594725746,>75%,7.5,9.75,21.1,1.6502277605186728,0.181,0.051054049509612,0,,0.0,7.5,0.0,0.0,0.0,0.0,-5.197523053665911,-0.001
1822,747265,3,2025-09-07,B,65.9829330777614,41-65,194825.84632052333,50-75%,341531.9781069896,0-25%,540046.1316028635,50-75%,3.5,15.25,26.4,3.2629913473548164,0.157,0.018786162772342383,0,,0.0,3.5,0.0,0.0,0.0,0.0,-5.197523053665911,-0.001
1823,768377,3,2025-09-07,B,35.3731659888711,18-40,1743089.8673393908,>75%,2204534.906495293,50-75%,8195736.738898474,>75%,6.75,9.5,4.7,13.398939970162823,0.245,0.09525690613376513,0,,0.0,6.75,0.0,0.0,0.0,0.0,-5.197523053665911,-0.001
1824,344720,3,2025-09-07,B,62.30891489595036,41-65,171037.0147930616,25-50%,6853074.228662446,>75%,123933.99885810948,25-50%,10.5,5.25,35.5,1.954947518881083,0.152,0.015049613279563057,0,,0.0,10.5,0.0,0.0,0.0,0.0,-5.197523053665911,-0.001
1825,250155,3,2025-09-07,B,39.15517854722226,18-40,62330.20587131556,0-25%,370739.2048713536,25-50%,349614.3357865232,25-50%,11.75,9.5,21.1,6.773639466839063,0.265,0.022460000133509447,0,,0.0,11.75,0.0,0.0,0.0,0.0,-5.197523053665911,-0.001
1826,760735,3,2025-09-07,B,44.18735301123991,41-65,1190226.1776423622,>75%,8225700.193356559,>75%,608439.1113686183,50-75%,8.75,6.25,53.1,0.677626598233835,0.223,0.05939879081388955,0,,0.0,8.75,0.0,0.0,0.0,0.0,-5.197523053665911,-0.001
1827,114658,3,2025-09-07,B,71.54368021901378,>65,9775686.442581965,>75%,11379857.860786254,>75%,3351672.8693392887,>75%,5.5,4.5,47.4,18.52237431652453,0.191,0.017327046239426862,0,,0.0,5.5,0.0,0.0,0.0,0.0,-5.197523053665911,-0.001
1828,755775,3,2025-09-07,B,64.46981555366577,41-65,84234.44538041145,0-25%,382923.3505301016,25-50%,14746.01745611852,0-25%,9.75,7.0,49.4,2.580154088356678,0.171,0.015097504940194267,0,,0.0,9.75,0.0,0.0,0.0,0.0,-5.197523053665911,-0.001
1829,395248,3,2025-09-07,B,23.411236907868,18-40,1487800.7574675723,>75%,943477.6844431078,25-50%,14148.698419970704,0-25%,11.25,11.25,2.3,4.484897759203269,0.28,0.31506416154401296,0,,0.0,11.25,0.0,0.0,0.0,0.0,-5.197523053665911,-0.001
1830,611990,3,2025-09-07,B,49.01560325983887,41-65,85816.91182225417,0-25%,161292.81650595795,0-25%,1399005.7654190084,50-75%,8.25,13.25,62.4,0.5433987906337339,0.205,0.024838019153101087,0,,0.0,8.25,0.0,0.0,0.0,0.0,-5.197523053665911,-0.001
1831,983789,3,2025-09-07,B,79.44755831894531,>65,325803.76526152954,50-75%,3837192.680993199,50-75%,1297145.3855708423,50-75%,4.5,8.25,19.3,3.1523394046858866,0.14,0.010076387410703472,0,,0.0,4.5,0.0,0.0,0.0,0.0,-5.197523053665911,-0.001
1832,354560,3,2025-09-07,B,68.62613169228207,>65,109169.66780059758,25-50%,1549924.515647913,50-75%,367873.3282226972,25-50%,9.75,9.25,46.8,0.1669664077893984,0.132,0.00727388833497896,0,,0.0,9.75,0.0,0.0,0.0,0.0,-5.197523053665911,-0.001
1833,369739,3,2025-09-07,B,43.48209030230431,41-65,134653.24783560305,25-50%,138242.21679280562,0-25%,9866.282426616594,0-25%,5.75,8.0,19.2,3.144345255378552,0.243,0.11113293809141067,0,,0.0,5.75,0.0,0.0,0.0,0.0,-5.197523053665911,-0.001
1834,421167,3,2025-09-07,B,37.9951454227414,18-40,60549.61588294402,0-25%,435293.044994439,25-50%,354414.9365157418,25-50%,8.5,5.75,13.9,11.50307382718214,0.254,0.021133702377386758,0,,0.0,8.5,0.0,0.0,0.0,0.0,-5.197523053665911,-0.001
1835,899687,3,2025-09-07,B,61.21546628940376,41-65,73339.56192495985,0-25%,275371.60965384764,0-25%,65061.37966773001,0-25%,6.5,6.75,29.2,3.5364377187180187,0.169,0.024341903991060312,1,2025-09-16,3.75,10.25,2750.2335721859945,183.34890481239964,2933.582476998394,2.053507733898876,-3.1440153197670346,2.052507733898876
1836,563723,3,2025-09-07,B,57.61020265075355,41-65,1103813.040982927,>75%,25790026.7604899,>75%,3728434.223791529,>75%,7.5,6.0,38.1,1.7364878871254563,0.215,0.0204077995456034,0,,0.0,7.5,0.0,0.0,0.0,0.0,-5.197523053665911,-0.001
1837,852744,3,2025-09-07,B,41.3663267368477,41-65,197472.6064201046,50-75%,506752.1407023585,25-50%,89701.07119770635,0-25%,11.25,5.5,28.9,1.3862665890316328,0.231,0.04938043242841278,0,,0.0,11.25,0.0,0.0,0.0,0.0,-5.197523053665911,-0.001
1838,400614,3,2025-09-07,B,65.42128844222651,41-65,166960.6040701316,25-50%,434157.3246378583,25-50%,358201.0563709092,25-50%,12.25,5.5,2.4,3.927072379480423,0.17,0.010291412761478094,0,,0.0,12.25,0.0,0.0,0.0,0.0,-5.197523053665911,-0.001
1839,647108,3,2025-09-07,B,43.43266401656612,41-65,148543.56032465797,25-50%,515142.950848392,25-50%,334569.6296184084,25-50%,9.25,4.0,22.0,13.765248186548831,0.226,0.02237651702782954,0,,0.0,9.25,0.0,0.0,0.0,0.0,-5.197523053665911,-0.001
1840,169138,3,2025-09-07,B,65.80294520448302,41-65,125015.35048447047,25-50%,10336897.611657368,>75%,812473.8967526177,50-75%,6.5,15.25,4.4,12.375771932505147,0.171,0.011913413919778749,0,,0.0,6.5,0.0,0.0,0.0,0.0,-5.197523053665911,-0.001
1841,848617,3,2025-09-07,B,55.60104984893699,41-65,2213583.114148299,>75%,9213050.395450257,>75%,541050.3969606851,50-75%,5.25,5.25,75.0,15.408422154613971,0.202,0.03048809636605639,0,,0.0,5.25,0.0,0.0,0.0,0.0,-5.197523053665911,-0.001
1842,928815,3,2025-09-07,B,71.40061349883517,>65,1840969.53309722,>75%,16594057.081339289,>75%,5329632.767086175,>75%,11.75,5.5,19.2,5.577038455871943,0.137,0.011177168133501888,0,,0.0,11.75,0.0,0.0,0.0,0.0,-5.197523053665911,-0.001
1843,470799,3,2025-09-07,B,85.4926650766495,>65,84124.145157061,0-25%,953476.0581904524,25-50%,522074.25015520776,50-75%,4.75,7.25,5.9,0.6718276040687011,0.11,0.005488774979892757,0,,0.0,4.75,0.0,0.0,0.0,0.0,-5.197523053665911,-0.001
1844,798044,3,2025-09-07,B,64.17835615000622,41-65,151964.40405559627,25-50%,1934151.295085966,50-75%,404632.3337941629,25-50%,3.25,11.0,4.8,16.90550756476328,0.174,0.01460061036466121,0,,0.0,3.25,0.0,0.0,0.0,0.0,-5.197523053665911,-0.001
1845,834930,3,2025-09-07,B,63.32912294383661,41-65,3677389.761966005,>75%,30459024.95570659,>75%,5572779.009974773,>75%,6.75,12.25,30.4,21.48703219677069,0.157,0.028986459478666227,0,,0.0,6.75,0.0,0.0,0.0,0.0,-5.197523053665911,-0.001
1846,485636,3,2025-09-07,B,62.45719560215269,41-65,339237.3662644063,50-75%,577791.1958626298,25-50%,1715859.0235589503,50-75%,12.5,12.5,15.0,5.198254439866725,0.163,0.010918082796900626,0,,0.0,12.5,0.0,0.0,0.0,0.0,-5.197523053665911,-0.001
1847,218943,3,2025-09-07,B,76.09274616495406,>65,52577.22613893559,0-25%,641844.0819531512,25-50%,1660096.42422433,50-75%,5.5,5.75,10.5,9.996250253285853,0.144,0.004362666583273063,0,,0.0,5.5,0.0,0.0,0.0,0.0,-5.197523053665911,-0.001
1848,114736,3,2025-09-07,B,51.32279608174901,41-65,147329.14036043064,25-50%,209860.2171469891,0-25%,73119.35384681003,0-25%,9.0,2.5,27.6,0.1927762903094027,0.199,0.028936621824543037,0,,0.0,9.0,0.0,0.0,0.0,0.0,-5.197523053665911,-0.001
1849,705621,3,2025-09-07,B,47.276257522544434,41-65,79475.71776871009,0-25%,31996.25722955905,0-25%,178649.86699718123,25-50%,12.75,4.75,57.8,2.8059277032907985,0.215,0.01976267511360156,0,,0.0,12.75,0.0,0.0,0.0,0.0,-5.197523053665911,-0.001
1850,348433,3,2025-09-07,B,76.62925273588101,>65,1465564.6741458226,>75%,131902091.8668181,>75%,11761055.963142792,>75%,12.25,2.0,19.3,0.5260992126703833,0.111,0.007432177858797911,0,,0.0,12.25,0.0,0.0,0.0,0.0,-5.197523053665911,-0.001
1851,521809,3,2025-09-07,B,59.12471252930404,41-65,2067921.8748354148,>75%,1549781.295643213,50-75%,723379.3565224236,50-75%,5.0,6.25,38.4,4.279955288154391,0.185,0.06400935629392797,0,,0.0,5.0,0.0,0.0,0.0,0.0,-5.197523053665911,-0.001
1852,667436,3,2025-09-07,B,92.50811819909973,>65,251454.44561176805,50-75%,28221502.992743347,>75%,6324917.380638643,>75%,4.0,6.25,24.3,15.315420778640249,0.107,0.002398405229765775,0,,0.0,4.0,0.0,0.0,0.0,0.0,-5.197523053665911,-0.001
1853,574484,3,2025-09-07,B,59.4738194233401,41-65,32459.700250619437,0-25%,63827.692813126414,0-25%,27535.081322270296,0-25%,9.0,13.25,65.4,0.6643231492584651,0.209,0.022470862202444687,0,,0.0,9.0,0.0,0.0,0.0,0.0,-5.197523053665911,-0.001
1854,754874,3,2025-09-07,B,57.5046244958948,41-65,773124.264023757,>75%,156856126.85564077,>75%,1144943.822636613,50-75%,17.25,12.0,33.7,0.8939569134421433,0.148,0.023374008817164407,0,,0.0,17.25,0.0,0.0,0.0,0.0,-5.197523053665911,-0.001
1855,256583,3,2025-09-07,B,50.24394660170805,41-65,1497644.622982375,>75%,5387343.172979707,50-75%,613461.1373643421,50-75%,9.0,8.5,12.7,2.50611188667132,0.244,0.05048304542085734,0,,0.0,9.0,0.0,0.0,0.0,0.0,-5.197523053665911,-0.001
1856,917709,3,2025-09-07,B,75.37308404236227,>65,113060.68455961817,25-50%,1567631.2024707585,50-75%,871591.4590871304,50-75%,14.5,3.5,4.9,0.5522820574186033,0.141,0.004691040903452444,0,,0.0,14.5,0.0,0.0,0.0,0.0,-5.197523053665911,-0.001
1857,753665,3,2025-09-07,B,60.13496815341885,41-65,372844.9389275893,50-75%,5245350.756265547,50-75%,620146.5438602803,50-75%,9.0,6.25,42.7,0.6387416732713574,0.143,0.016895584749632944,0,,0.0,9.0,0.0,0.0,0.0,0.0,-5.197523053665911,-0.001
1858,982890,3,2025-09-07,B,57.0574509559738,41-65,76581.48355001463,0-25%,613151.8939385632,25-50%,138249.1477671811,25-50%,5.5,7.0,56.6,0.3803793796292993,0.189,0.026529695663546016,0,,0.0,5.5,0.0,0.0,0.0,0.0,-5.197523053665911,-0.001
1859,503245,3,2025-09-07,B,78.02921655756336,>65,1869040.8559637116,>75%,2728673.736055551,50-75%,2729351.5765486923,>75%,6.25,9.25,4.5,14.592827148909953,0.104,0.01521460808194018,0,,0.0,6.25,0.0,0.0,0.0,0.0,-5.197523053665911,-0.001
1860,441632,3,2025-09-07,B,41.810973958999696,41-65,267669.44037487794,50-75%,978702.9711614772,25-50%,187064.5581491295,25-50%,9.0,9.75,50.8,3.5148184031148664,0.25,0.08217376886347512,0,,0.0,9.0,0.0,0.0,0.0,0.0,-5.197523053665911,-0.001
1861,756408,3,2025-09-07,B,70.28798318795911,>65,1527242.2636540644,>75%,95900035.20709167,>75%,11801207.561949598,>75%,6.25,5.0,7.2,5.222594302032789,0.138,0.009469503120995607,0,,0.0,6.25,0.0,0.0,0.0,0.0,-5.197523053665911,-0.001
1862,812455,3,2025-09-07,B,73.73620400440838,>65,435879.6997406365,50-75%,5929519.533279784,>75%,146383.09599784983,25-50%,14.0,12.25,15.0,1.464074422263289,0.168,0.012980645826369527,0,,0.0,14.0,0.0,0.0,0.0,0.0,-5.197523053665911,-0.001
1863,760017,3,2025-09-07,B,39.4159505403218,18-40,72285.60411253491,0-25%,106508.57214694528,0-25%,6612.178299371457,0-25%,4.75,1.0,51.0,18.80616334539669,0.249,0.03866378066869093,0,,0.0,4.75,0.0,0.0,0.0,0.0,-5.197523053665911,-0.001
1864,386442,3,2025-09-07,B,35.78133716285113,18-40,15136304.877712885,>75%,2218100.644379903,50-75%,714065.6024763418,50-75%,3.5,9.75,64.4,4.609256349514777,0.264,0.3359660150123389,0,,0.0,3.5,0.0,0.0,0.0,0.0,-5.197523053665911,-0.001
1865,420439,3,2025-09-07,B,52.09390032563999,41-65,51123.68283376596,0-25%,146981.56706566905,0-25%,40782.85889710618,0-25%,11.75,5.0,3.7,12.43918482133779,0.189,0.015493695884458184,0,,0.0,11.75,0.0,0.0,0.0,0.0,-5.197523053665911,-0.001
1866,379153,3,2025-09-07,B,47.85827839504015,41-65,4392252.874865862,>75%,36795864.43531852,>75%,973542.1974445296,50-75%,11.0,4.5,36.6,4.74660852498045,0.213,0.07265414124934742,0,,0.0,11.0,0.0,0.0,0.0,0.0,-5.197523053665911,-0.001
1867,622466,3,2025-09-07,B,24.597756594651656,18-40,117400.61663384008,25-50%,128223.83386264308,0-25%,535592.8276187857,50-75%,8.5,6.25,0.6,1.755075174049944,0.268,0.0640507902121286,0,,0.0,8.5,0.0,0.0,0.0,0.0,-5.197523053665911,-0.001
1868,385964,3,2025-09-07,B,55.09709822903812,41-65,167290.0726111532,25-50%,251778.583791894,0-25%,367901.4237741328,25-50%,11.0,13.25,25.2,7.43410029000988,0.189,0.029604044729209356,0,,0.0,11.0,0.0,0.0,0.0,0.0,-5.197523053665911,-0.001
1869,558304,3,2025-09-07,B,74.2388837715401,>65,83406.27942922704,0-25%,266513.0956675673,0-25%,158240.7599612766,25-50%,3.75,5.25,6.2,21.001332112887592,0.147,0.007495143660173569,0,,0.0,3.75,0.0,0.0,0.0,0.0,-5.197523053665911,-0.001
1870,720293,3,2025-09-07,B,67.52146102906887,>65,1045264.4533276644,>75%,5980286.155692755,>75%,2691229.955810508,>75%,4.5,5.5,1.8,1.7841266623400065,0.137,0.02764524296695689,0,,0.0,4.5,0.0,0.0,0.0,0.0,-5.197523053665911,-0.001
1871,427836,3,2025-09-07,B,77.9600774249469,>65,93979.07991965848,0-25%,3615178.072507911,50-75%,1631829.9352779991,50-75%,9.0,11.5,103.5,3.512856669839085,0.132,0.005017862305776434,0,,0.0,9.0,0.0,0.0,0.0,0.0,-5.197523053665911,-0.001
1872,397563,3,2025-09-07,B,71.34971588867501,>65,605337.1406641528,>75%,1631463.793054101,50-75%,1394892.0213607934,50-75%,2.25,5.0,36.2,1.770076262609981,0.147,0.01946458791089995,0,,0.0,2.25,0.0,0.0,0.0,0.0,-5.197523053665911,-0.001
1873,921397,3,2025-09-07,B,25.535821909411613,18-40,666738.9516308852,>75%,459181.5035083615,25-50%,47047.76070133135,0-25%,3.75,4.0,2.4,2.332107456479095,0.242,0.31982586798127777,1,2025-10-05,3.25,7.0,21669.01592800377,1666.8473790772132,23335.86330708098,16.335104314956688,11.137581261290777,16.334104314956686
1874,651221,3,2025-09-07,B,38.3387132157663,18-40,126863.48546552392,25-50%,3302084.7473114138,50-75%,241520.22808586055,25-50%,3.5,4.75,0.2,4.40396857075471,0.221,0.07296097533582112,0,,0.0,3.5,0.0,0.0,0.0,0.0,-5.197523053665911,-0.001
1875,311610,3,2025-09-07,B,82.69755470603191,>65,1383914.184723297,>75%,1970211.1159513656,50-75%,1693507.9242854137,50-75%,11.25,4.75,0.1,2.180810690269884,0.098,0.008132669775927885,0,,0.0,11.25,0.0,0.0,0.0,0.0,-5.197523053665911,-0.001
1876,340930,3,2025-09-07,B,46.39288904670329,41-65,91181.59346162144,0-25%,557324.7617069423,25-50%,115453.02431941712,0-25%,16.0,5.75,66.1,5.921850318358699,0.186,0.02191483965771418,0,,0.0,16.0,0.0,0.0,0.0,0.0,-5.197523053665911,-0.001
1877,561044,3,2025-09-07,B,61.51629358072714,41-65,1823036.138818808,>75%,2525568.9849970406,50-75%,4021146.211025646,>75%,8.5,5.75,1.4,7.4720876057333,0.153,0.019154094724230946,0,,0.0,8.5,0.0,0.0,0.0,0.0,-5.197523053665911,-0.001
1878,281690,3,2025-09-07,B,35.089281319700824,18-40,47574.4582249699,0-25%,16775.3723903122,0-25%,20035.19442936591,0-25%,10.0,7.0,68.2,5.14704183567208,0.246,0.04265457910369332,0,,0.0,10.0,0.0,0.0,0.0,0.0,-5.197523053665911,-0.001
1879,847725,3,2025-09-07,B,70.22480130343924,>65,128484.3690717142,25-50%,2068252.8176071164,50-75%,533476.9685076473,50-75%,4.5,5.5,26.1,0.5515687594836859,0.16,0.013627815980462329,0,,0.0,4.5,0.0,0.0,0.0,0.0,-5.197523053665911,-0.001
1880,222951,3,2025-09-07,B,51.06522832969401,41-65,4410156.23108943,>75%,35828803.98168762,>75%,6477715.334854151,>75%,8.5,5.0,34.1,3.957821183896737,0.254,0.043128936505193664,0,,0.0,8.5,0.0,0.0,0.0,0.0,-5.197523053665911,-0.001
1881,452485,3,2025-09-07,B,74.96164858072356,>65,571393.0919917668,>75%,1497179.2814094198,50-75%,592562.8413637613,50-75%,8.25,10.0,50.6,1.581334710917517,0.092,0.01863433670463296,0,,0.0,8.25,0.0,0.0,0.0,0.0,-5.197523053665911,-0.001
1882,976987,3,2025-09-07,B,67.62014428684813,>65,155787.811972401,25-50%,984654.1445344966,25-50%,3264657.219348228,>75%,14.25,7.25,7.1,5.991402890391149,0.12,0.005187484373763389,0,,0.0,14.25,0.0,0.0,0.0,0.0,-5.197523053665911,-0.001
1883,832702,3,2025-09-07,B,50.928493928861656,41-65,212626.25288748392,50-75%,2614592.583960511,50-75%,1192566.5967318187,50-75%,11.0,4.25,4.1,0.1064974539130141,0.233,0.019908839389858646,0,,0.0,11.0,0.0,0.0,0.0,0.0,-5.197523053665911,-0.001
1884,999490,3,2025-09-07,B,55.49517041308472,41-65,66509.35519582871,0-25%,317720.7212444533,0-25%,146801.88216706103,25-50%,6.5,8.5,13.6,5.544044218750091,0.166,0.025521206928466076,0,,0.0,6.5,0.0,0.0,0.0,0.0,-5.197523053665911,-0.001
1885,248450,3,2025-09-07,B,64.58830231767303,41-65,388832.69019371935,50-75%,1353661.444471055,50-75%,589436.4783105922,50-75%,9.0,14.75,8.4,13.465916770657667,0.123,0.0214133442301851,0,,0.0,9.0,0.0,0.0,0.0,0.0,-5.197523053665911,-0.001
1886,994455,3,2025-09-07,B,91.59991352084504,>65,133726.62606796692,25-50%,10836354.65599548,>75%,1304113.5011713216,50-75%,4.75,8.25,27.9,5.132032639286413,0.07,0.003456002418824228,0,,0.0,4.75,0.0,0.0,0.0,0.0,-5.197523053665911,-0.001
1887,643286,3,2025-09-07,B,47.97859732247686,41-65,123226.46078216856,25-50%,358034.03675121744,25-50%,826612.0352872643,50-75%,9.25,15.0,3.5,9.259140566860632,0.211,0.030947467890771192,0,,0.0,9.25,0.0,0.0,0.0,0.0,-5.197523053665911,-0.001
1888,314602,3,2025-09-07,B,56.07987006740066,41-65,199927.25995943643,50-75%,1630124.123337844,50-75%,416403.8179373724,25-50%,2.5,4.5,51.6,3.349892428534078,0.218,0.031115996300887152,0,,0.0,2.5,0.0,0.0,0.0,0.0,-5.197523053665911,-0.001
1889,102725,3,2025-09-07,B,68.332387420767,>65,190813.10094528287,50-75%,460567.9189345092,25-50%,1788842.1277915484,>75%,3.75,13.5,24.5,8.618078438190091,0.153,0.011213067448410791,0,,0.0,3.75,0.0,0.0,0.0,0.0,-5.197523053665911,-0.001
1890,398275,3,2025-09-07,B,54.6203305205829,41-65,59134.830981906016,0-25%,1734335.729717891,50-75%,689721.9228081778,50-75%,14.0,13.0,22.2,0.0988182867048532,0.21,0.010323572953894536,0,,0.0,14.0,0.0,0.0,0.0,0.0,-5.197523053665911,-0.001
1891,450411,3,2025-09-07,B,68.8860782042228,>65,213053.464086848,50-75%,72960470.23194893,>75%,922545.252213856,50-75%,7.5,2.25,12.4,0.6287237840638777,0.14,0.008331745111785567,0,,0.0,7.5,0.0,0.0,0.0,0.0,-5.197523053665911,-0.001
1892,122151,3,2025-09-07,B,31.364256004040563,18-40,124286.93193382902,25-50%,1308849.1477608932,50-75%,216917.39665838736,25-50%,5.75,4.0,23.2,0.264382141390458,0.239,0.05684882720407628,0,,0.0,5.75,0.0,0.0,0.0,0.0,-5.197523053665911,-0.001
1893,676521,3,2025-09-07,B,56.055040847555375,41-65,187346.5917416277,50-75%,4023570.7509290874,50-75%,112606.70961684657,0-25%,4.25,6.0,63.0,1.8690825422795323,0.183,0.040562596433805984,0,,0.0,4.25,0.0,0.0,0.0,0.0,-5.197523053665911,-0.001
1894,857776,3,2025-09-07,B,66.26262047795898,>65,94216.12358468903,0-25%,2681697.797746045,50-75%,348080.26878382365,25-50%,8.25,6.75,5.1,5.892537566471928,0.192,0.007321393216223988,0,,0.0,8.25,0.0,0.0,0.0,0.0,-5.197523053665911,-0.001
1895,715197,3,2025-09-07,B,89.32912733141983,>65,265383.54099153174,50-75%,64417475.40337236,>75%,6165920.997606082,>75%,2.75,9.5,9.6,0.3034807026191271,0.097,0.0043646227520169915,0,,0.0,2.75,0.0,0.0,0.0,0.0,-5.197523053665911,-0.001
1896,338171,3,2025-09-07,B,39.933179033463325,18-40,42091.0112485412,0-25%,32649.75407078905,0-25%,12823.940922451737,0-25%,3.0,8.25,1.4,3.955743807296534,0.226,0.07918488498292912,0,,0.0,3.0,0.0,0.0,0.0,0.0,-5.197523053665911,-0.001
1897,517352,3,2025-09-07,B,75.27252069550849,>65,2462172.600356438,>75%,40490041.6936748,>75%,9155411.704983698,>75%,9.75,7.75,8.5,4.420541225896664,0.131,0.009766486688064005,0,,0.0,9.75,0.0,0.0,0.0,0.0,-5.197523053665911,-0.001
1898,378568,3,2025-09-07,B,44.39703941484069,41-65,145742.74740561863,25-50%,112357.7838079628,0-25%,858187.8206993385,50-75%,3.25,6.25,32.7,7.845603499752819,0.226,0.038410838418998484,0,,0.0,3.25,0.0,0.0,0.0,0.0,-5.197523053665911,-0.001
1899,941454,3,2025-09-07,B,69.88597193369732,>65,637886.8684895597,>75%,7229370.275864592,>75%,11101729.6270628,>75%,7.75,9.75,0.6,3.715938881908108,0.145,0.01398091543522322,0,,0.0,7.75,0.0,0.0,0.0,0.0,-5.197523053665911,-0.001
1900,791213,3,2025-09-07,B,62.95621644476227,41-65,239536.3320376321,50-75%,3931419.5884338673,50-75%,402364.11247916863,25-50%,3.5,3.75,85.9,12.41703834047198,0.195,0.01800138119470726,0,,0.0,3.5,0.0,0.0,0.0,0.0,-5.197523053665911,-0.001
1901,208684,3,2025-09-07,B,65.69728035817062,41-65,639802.0302456403,>75%,3051989.9056513985,50-75%,1415769.427864255,50-75%,12.0,7.5,40.2,7.228992499890686,0.17,0.011526621269038612,0,,0.0,12.0,0.0,0.0,0.0,0.0,-5.197523053665911,-0.001
1902,921505,3,2025-09-07,B,32.90534330798182,18-40,2659516.9261471746,>75%,3636069.7122479854,50-75%,8494245.528844405,>75%,6.0,10.25,7.7,0.4228596037215584,0.268,0.16450060730142738,0,,0.0,6.0,0.0,0.0,0.0,0.0,-5.197523053665911,-0.001
1903,919273,3,2025-09-07,B,38.06106991754406,18-40,84139.7947795574,0-25%,114110.9431839724,0-25%,29913.91665353137,0-25%,12.75,6.5,53.5,3.432750519624879,0.238,0.046281730138175034,0,,0.0,12.75,0.0,0.0,0.0,0.0,-5.197523053665911,-0.001
1904,459294,3,2025-09-07,B,43.19114728185512,41-65,61603.30641234161,0-25%,193590.57577281332,0-25%,177684.59457250833,25-50%,16.0,10.75,83.5,0.9389842390784796,0.25,0.021611275465920933,0,,0.0,16.0,0.0,0.0,0.0,0.0,-5.197523053665911,-0.001
1905,184593,3,2025-09-07,B,39.0740028216403,18-40,78577.49539238463,0-25%,64823.18392764496,0-25%,114898.2196401229,0-25%,2.0,11.75,101.6,0.2787678274223444,0.241,0.0613567575086654,1,2025-09-09,2.75,4.75,2160.8811232905773,2160.8811232905773,4321.762246581155,3.0252335726068087,-2.172289481059102,3.024233572606809
1906,608447,3,2025-09-07,B,55.68928636433975,41-65,456786.0610225249,50-75%,3033432.928199965,50-75%,832017.7832328606,50-75%,3.0,11.0,82.8,1.4700842297873806,0.144,0.038314596244266176,0,,0.0,3.0,0.0,0.0,0.0,0.0,-5.197523053665911,-0.001
1907,937095,3,2025-09-07,B,55.570421711238495,41-65,70217.78738359634,0-25%,1212606.2193805468,25-50%,401404.342867509,25-50%,8.75,4.75,52.8,5.867514477520909,0.21,0.009712784735189245,0,,0.0,8.75,0.0,0.0,0.0,0.0,-5.197523053665911,-0.001
1908,292670,3,2025-09-07,B,79.93874974459887,>65,125554.52696248896,25-50%,1687277.6153528164,50-75%,3434162.1139722755,>75%,9.0,1.5,23.1,4.81069639110556,0.139,0.0024991402323314748,0,,0.0,9.0,0.0,0.0,0.0,0.0,-5.197523053665911,-0.001
1909,150671,3,2025-09-07,B,70.0916389185879,>65,58521.41306533152,0-25%,91457.886643517,0-25%,30888.033614379303,0-25%,10.5,10.75,8.6,3.711104182029032,0.178,0.017312842539983563,0,,0.0,10.5,0.0,0.0,0.0,0.0,-5.197523053665911,-0.001
1910,301349,3,2025-09-07,B,46.50308577814076,41-65,180597.92294760796,25-50%,826131.1371619342,25-50%,61318.93843483218,0-25%,5.5,14.75,5.5,6.081079593982103,0.199,0.0722993198601818,0,,0.0,5.5,0.0,0.0,0.0,0.0,-5.197523053665911,-0.001
1911,609544,3,2025-09-07,B,50.15273786652594,41-65,828466.4138360078,>75%,621224.3545420264,25-50%,899434.3470901145,50-75%,11.0,5.5,2.7,1.7385863529016357,0.214,0.03787513024732634,0,,0.0,11.0,0.0,0.0,0.0,0.0,-5.197523053665911,-0.001
1912,955845,3,2025-09-07,B,54.34321609529842,41-65,4649873.626667489,>75%,41539728.25385474,>75%,1484347.5587011436,50-75%,8.25,5.5,2.6,0.1279107841773121,0.184,0.059688411379541055,0,,0.0,8.25,0.0,0.0,0.0,0.0,-5.197523053665911,-0.001
1913,204288,3,2025-09-07,B,62.332977589270726,41-65,1030022.8237894631,>75%,4024401.9800438406,50-75%,4021217.8379845233,>75%,10.5,9.75,30.3,0.2234248867058231,0.176,0.01624595707732015,0,,0.0,10.5,0.0,0.0,0.0,0.0,-5.197523053665911,-0.001
1914,829345,3,2025-09-07,B,43.86638912212141,41-65,2959346.469331887,>75%,37692287.35794134,>75%,5305937.874181486,>75%,8.5,9.75,27.9,5.596123117049543,0.203,0.09956078093439918,0,,0.0,8.5,0.0,0.0,0.0,0.0,-5.197523053665911,-0.001
1915,923887,3,2025-09-07,B,77.12149305250671,>65,110640.67218653398,25-50%,5786977.289843259,50-75%,987391.387611935,50-75%,6.75,6.0,9.5,1.2720855319429043,0.121,0.00402752731681062,0,,0.0,6.75,0.0,0.0,0.0,0.0,-5.197523053665911,-0.001
1916,257208,3,2025-09-07,B,52.44105183728361,41-65,83503.71768244395,0-25%,230570.8004318308,0-25%,8869.523225534107,0-25%,9.0,10.0,67.6,1.2832374806539035,0.211,0.058902311997668225,0,,0.0,9.0,0.0,0.0,0.0,0.0,-5.197523053665911,-0.001
1917,498716,3,2025-09-07,B,74.11512489713903,>65,148429.99281416592,25-50%,1853594.1488482223,50-75%,387344.1314404653,25-50%,8.75,4.75,7.1,2.610816060193723,0.145,0.00635636399591913,0,,0.0,8.75,0.0,0.0,0.0,0.0,-5.197523053665911,-0.001
1918,524098,3,2025-09-07,B,50.2935029958088,41-65,1711652.847443021,>75%,1619743.7111501817,50-75%,328681.41988896247,25-50%,5.75,6.75,31.2,6.9092978553078535,0.202,0.10005516843961994,0,,0.0,5.75,0.0,0.0,0.0,0.0,-5.197523053665911,-0.001
1919,470814,3,2025-09-07,B,62.35303689308564,41-65,370920.5790477771,50-75%,11852414.452364322,>75%,642773.2527060269,50-75%,12.25,8.0,26.0,3.785567313429071,0.157,0.014313424050634238,0,,0.0,12.25,0.0,0.0,0.0,0.0,-5.197523053665911,-0.001
1920,157759,3,2025-09-07,B,66.71337379196062,>65,74495.935245997,0-25%,46332.79225918887,0-25%,13651.800321738248,0-25%,12.75,7.0,43.3,5.923058722332555,0.128,0.01211416966104494,0,,0.0,12.75,0.0,0.0,0.0,0.0,-5.197523053665911,-0.001
1921,889258,3,2025-09-07,B,46.80322451658801,41-65,73371.99552559252,0-25%,111705.59171215731,0-25%,101949.78536629502,0-25%,6.5,8.5,97.6,2.6729223712045624,0.241,0.0400827983612476,0,,0.0,6.5,0.0,0.0,0.0,0.0,-5.197523053665911,-0.001
1922,488370,3,2025-09-07,B,41.950794774984615,41-65,358763.7991737138,50-75%,3060968.449713855,50-75%,120925.4123574704,25-50%,8.5,8.75,4.1,2.142525594967459,0.26,0.11246363028462528,0,,0.0,8.5,0.0,0.0,0.0,0.0,-5.197523053665911,-0.001
1923,333950,3,2025-09-07,B,39.43963869970332,18-40,160919.43419425737,25-50%,1693947.664397852,50-75%,24512.040710370147,0-25%,8.5,4.5,78.3,6.035577243138448,0.244,0.05302881877906589,0,,0.0,8.5,0.0,0.0,0.0,0.0,-5.197523053665911,-0.001
1924,118946,3,2025-09-07,B,43.94199830379853,41-65,91230.41884899368,0-25%,443970.1847171375,25-50%,113171.1992936655,0-25%,5.75,7.25,6.5,6.496907039947351,0.225,0.05364770260204623,0,,0.0,5.75,0.0,0.0,0.0,0.0,-5.197523053665911,-0.001
1925,534277,3,2025-09-07,B,50.38164553358263,41-65,106128.95605021802,25-50%,293703.1691074799,0-25%,429680.6740462327,25-50%,8.25,6.25,29.7,0.7415220140725755,0.204,0.017671551606510957,0,,0.0,8.25,0.0,0.0,0.0,0.0,-5.197523053665911,-0.001
1926,539501,3,2025-09-07,B,37.11917587537908,18-40,105330.0786946019,25-50%,476068.3472161031,25-50%,536888.2739418702,50-75%,7.25,5.75,3.6,3.1162561769672417,0.274,0.03212727374705809,0,,0.0,7.25,0.0,0.0,0.0,0.0,-5.197523053665911,-0.001
1927,512693,3,2025-09-07,B,35.142872194014124,18-40,107126.88142283668,25-50%,3854379.512075708,50-75%,2299942.5136571857,>75%,13.5,9.0,27.9,12.40164202069523,0.268,0.019789856982848568,0,,0.0,13.5,0.0,0.0,0.0,0.0,-5.197523053665911,-0.001
1928,939154,3,2025-09-07,B,61.25133710489888,41-65,171150.2755474294,25-50%,1073688.7469419788,25-50%,914725.4514176664,50-75%,10.25,7.75,12.1,0.3805546264710895,0.178,0.01120644908079655,0,,0.0,10.25,0.0,0.0,0.0,0.0,-5.197523053665911,-0.001
1929,177653,3,2025-09-07,B,79.79646372185036,>65,123360.72374785854,25-50%,1942926.361297043,50-75%,1158990.627637106,50-75%,6.75,8.0,4.3,1.281958848502312,0.096,0.007174163101241483,0,,0.0,6.75,0.0,0.0,0.0,0.0,-5.197523053665911,-0.001
1930,873570,3,2025-09-07,B,56.76048169204597,41-65,627374.9583464238,>75%,27503149.14811851,>75%,892069.9420979351,50-75%,3.5,10.25,29.5,8.965260719402213,0.202,0.03788152854863575,0,,0.0,3.5,0.0,0.0,0.0,0.0,-5.197523053665911,-0.001
1931,257799,3,2025-09-07,B,50.17872673968432,41-65,164248.13668990543,25-50%,796228.8584643025,25-50%,381490.101155083,25-50%,8.5,13.0,20.7,0.6666946805386151,0.16,0.04411034321119386,0,,0.0,8.5,0.0,0.0,0.0,0.0,-5.197523053665911,-0.001
1932,939372,3,2025-09-07,B,69.6332783982856,>65,191415.8791258516,50-75%,455519.3195015957,25-50%,133907.08421800772,25-50%,7.25,10.0,30.0,7.879661534616382,0.15,0.01860042041250801,0,,0.0,7.25,0.0,0.0,0.0,0.0,-5.197523053665911,-0.001
1933,214548,3,2025-09-07,B,43.19188545922682,41-65,175748.64903568669,25-50%,1272994.8800506785,50-75%,71838.91324829892,0-25%,8.75,5.75,57.7,11.782758193305062,0.224,0.0331060480485118,0,,0.0,8.75,0.0,0.0,0.0,0.0,-5.197523053665911,-0.001
1934,750382,3,2025-09-07,B,71.08915937719117,>65,1615433.8062974173,>75%,51706665.611516826,>75%,1582023.215659886,50-75%,5.75,11.25,15.6,8.33019023806291,0.139,0.025922895312982464,0,,0.0,5.75,0.0,0.0,0.0,0.0,-5.197523053665911,-0.001
1935,743716,3,2025-09-07,B,81.08042343738634,>65,159860.57760405788,25-50%,712434.8353325553,25-50%,200612.40263102824,25-50%,9.0,7.25,8.9,0.943503045445656,0.097,0.0055473970950204845,0,,0.0,9.0,0.0,0.0,0.0,0.0,-5.197523053665911,-0.001
1936,634581,3,2025-09-07,B,31.41394098357788,18-40,3195409.395683124,>75%,3972615.695258528,50-75%,288133.6094559088,25-50%,7.0,6.0,22.8,3.465783743391827,0.275,0.17876105192500283,0,,0.0,7.0,0.0,0.0,0.0,0.0,-5.197523053665911,-0.001
1937,179583,3,2025-09-07,B,44.37121713638604,41-65,56087.36766507662,0-25%,145913.15739581911,0-25%,56212.398792511325,0-25%,12.75,5.25,67.7,1.406124234371859,0.224,0.025573899831872266,0,,0.0,12.75,0.0,0.0,0.0,0.0,-5.197523053665911,-0.001
1938,416116,3,2025-09-07,B,43.25327128335067,41-65,139995.9002324847,25-50%,450399.43718973134,25-50%,410401.53314945713,25-50%,8.75,4.25,60.9,3.954318939950871,0.223,0.024860165394130305,0,,0.0,8.75,0.0,0.0,0.0,0.0,-5.197523053665911,-0.001
1939,695463,3,2025-09-07,B,33.60004343043891,18-40,64000.15167358444,0-25%,187979.70136187415,0-25%,122155.17915923226,25-50%,9.0,11.75,23.5,0.1025269365689137,0.265,0.08383846040319054,0,,0.0,9.0,0.0,0.0,0.0,0.0,-5.197523053665911,-0.001
1940,870677,3,2025-09-07,B,64.61968510700419,41-65,164508.74131042048,25-50%,97697.12585544134,0-25%,321788.9979375317,25-50%,8.0,11.75,61.6,2.3067273791576555,0.184,0.019953435743596697,0,,0.0,8.0,0.0,0.0,0.0,0.0,-5.197523053665911,-0.001
1941,308631,3,2025-09-07,B,65.91464841273384,41-65,310244.1964373312,50-75%,3149159.5232444643,50-75%,126411.4492606156,25-50%,8.75,3.5,27.3,2.113853439972449,0.134,0.016405459507614194,0,,0.0,8.75,0.0,0.0,0.0,0.0,-5.197523053665911,-0.001
1942,272369,3,2025-09-07,B,49.43578407851916,41-65,203077.8054869861,50-75%,288683.1548156347,0-25%,267603.099383726,25-50%,12.75,7.25,4.6,4.788128627521305,0.224,0.02578668174653103,0,,0.0,12.75,0.0,0.0,0.0,0.0,-5.197523053665911,-0.001
1943,605783,3,2025-09-07,B,53.525194042862026,41-65,40768.22073123453,0-25%,52749.04565622441,0-25%,6320.167961305825,0-25%,6.25,5.25,31.8,3.5696649826610902,0.177,0.023074591409357206,0,,0.0,6.25,0.0,0.0,0.0,0.0,-5.197523053665911,-0.001
1944,754088,3,2025-09-07,B,65.55940782771304,41-65,42284.88687712235,0-25%,61956.46958201237,0-25%,19811.6200605495,0-25%,12.75,7.0,5.0,9.88944640678442,0.115,0.009041418779230512,0,,0.0,12.75,0.0,0.0,0.0,0.0,-5.197523053665911,-0.001
1945,539188,3,2025-09-07,B,36.59738764895884,18-40,343712.55537664006,50-75%,3324130.268064585,50-75%,251768.20915524743,25-50%,12.25,9.0,1.9,3.730644917971387,0.271,0.06275489147920275,0,,0.0,12.25,0.0,0.0,0.0,0.0,-5.197523053665911,-0.001
1946,982722,3,2025-09-07,B,31.797152327144488,18-40,53675.72953743213,0-25%,71206.01759249042,0-25%,38229.892967390966,0-25%,6.0,12.25,60.5,2.301508303091081,0.27,0.09514227074782569,0,,0.0,6.0,0.0,0.0,0.0,0.0,-5.197523053665911,-0.001
1947,350053,3,2025-09-07,B,73.25494086750157,>65,490520.9324317721,50-75%,10941912.82156443,>75%,1354457.4807024335,50-75%,10.75,13.0,20.3,3.515306832468021,0.112,0.016076743013628596,0,,0.0,10.75,0.0,0.0,0.0,0.0,-5.197523053665911,-0.001
1948,216404,3,2025-09-07,B,74.21013198779401,>65,251123.2913050024,50-75%,285102.131942535,0-25%,60909.6990327467,0-25%,12.75,5.75,27.9,7.698256598799859,0.126,0.010059370983494279,0,,0.0,12.75,0.0,0.0,0.0,0.0,-5.197523053665911,-0.001
1949,538116,3,2025-09-07,B,54.44345222251153,41-65,374421.3830432272,50-75%,262534067.073872,>75%,7944668.728663291,>75%,4.25,4.75,17.3,0.5745741562494128,0.156,0.026898022693906155,0,,0.0,4.25,0.0,0.0,0.0,0.0,-5.197523053665911,-0.001
1950,108336,3,2025-09-07,B,72.21041144951407,>65,112756.5540791612,25-50%,761857.6373284322,25-50%,150367.62827768264,25-50%,5.75,2.25,31.5,5.015309224769408,0.122,0.006837199728760528,0,,0.0,5.75,0.0,0.0,0.0,0.0,-5.197523053665911,-0.001
1951,102822,3,2025-09-07,B,57.452741649840426,41-65,98888.21598779508,25-50%,250184.07321646388,0-25%,68572.29281423811,0-25%,10.25,6.75,35.1,8.59681025534452,0.169,0.01457827078631951,0,,0.0,10.25,0.0,0.0,0.0,0.0,-5.197523053665911,-0.001
1952,181287,3,2025-09-07,B,41.95618189825999,41-65,171680.72287219114,25-50%,230410.48584147944,0-25%,400936.87099068647,25-50%,6.5,5.25,2.2,0.6129326118621026,0.212,0.0354023398479646,0,,0.0,6.5,0.0,0.0,0.0,0.0,-5.197523053665911,-0.001
1953,555039,3,2025-09-07,B,40.941513774156896,18-40,114629.09709223828,25-50%,1272695.5062913392,50-75%,165607.73928590445,25-50%,10.75,13.75,49.1,3.4141208538801844,0.208,0.06240736963290868,0,,0.0,10.75,0.0,0.0,0.0,0.0,-5.197523053665911,-0.001
1954,448986,3,2025-09-07,B,49.38846872520999,41-65,1247378.103471458,>75%,1682084.9350118744,50-75%,435374.1587561518,25-50%,1.25,8.25,14.1,9.88711637135471,0.19,0.0837299654614248,0,,0.0,1.25,0.0,0.0,0.0,0.0,-5.197523053665911,-0.001
1955,695159,3,2025-09-07,B,79.1088440118195,>65,187028.04425123715,50-75%,143173.25228914854,0-25%,364245.1246227901,25-50%,9.5,7.5,1.6,6.292878982116487,0.132,0.00510766303438104,0,,0.0,9.5,0.0,0.0,0.0,0.0,-5.197523053665911,-0.001
1956,262821,3,2025-09-07,B,47.20228109989523,41-65,285324.7139072728,50-75%,1571702.6808691227,50-75%,241395.18338723248,25-50%,5.0,4.0,77.1,0.4912231620163396,0.205,0.03279054228022233,0,,0.0,5.0,0.0,0.0,0.0,0.0,-5.197523053665911,-0.001
1957,182279,3,2025-09-07,B,81.30890510167787,>65,545393.551684766,>75%,100402755.22179934,>75%,1629046.8206613746,50-75%,11.5,10.5,202.9,1.7329782404432337,0.115,0.003932615927892642,0,,0.0,11.5,0.0,0.0,0.0,0.0,-5.197523053665911,-0.001
1958,175285,3,2025-09-07,B,64.93952315974406,41-65,820052.3438823813,>75%,68145481.94878241,>75%,3462647.3025881336,>75%,5.75,8.75,40.6,13.466218744111838,0.195,0.01858904540596927,0,,0.0,5.75,0.0,0.0,0.0,0.0,-5.197523053665911,-0.001
1959,733819,3,2025-09-07,B,34.625054149486644,18-40,309612.9507003232,50-75%,2125184.553188546,50-75%,51239.01348017789,0-25%,8.25,9.25,0.9,2.9489846351607243,0.269,0.17018383237496065,0,,0.0,8.25,0.0,0.0,0.0,0.0,-5.197523053665911,-0.001
1960,821464,3,2025-09-07,B,56.62305892050531,41-65,84319.48788928358,0-25%,1174941.73420329,25-50%,204357.3154421452,25-50%,10.0,9.0,111.8,8.873310050648257,0.181,0.009522577006801227,0,,0.0,10.0,0.0,0.0,0.0,0.0,-5.197523053665911,-0.001
1961,112173,3,2025-09-07,B,62.53509098862559,41-65,3337570.2216663626,>75%,19971737.46250528,>75%,6066146.601215012,>75%,9.25,18.0,37.7,18.790453842147976,0.174,0.029913144294662568,0,,0.0,9.25,0.0,0.0,0.0,0.0,-5.197523053665911,-0.001
1962,265553,3,2025-09-07,B,53.60063930226514,41-65,50867.99408494477,0-25%,284967.35479106504,0-25%,75121.1080033211,0-25%,14.25,4.25,3.5,2.2440722565664624,0.192,0.016207061263848077,0,,0.0,14.25,0.0,0.0,0.0,0.0,-5.197523053665911,-0.001
1963,764681,3,2025-09-07,B,39.72141578986039,18-40,374717.04183522926,50-75%,2484583.729883616,50-75%,5893092.716789799,>75%,13.75,5.75,10.1,0.3201278244330447,0.215,0.030820750457101496,0,,0.0,13.75,0.0,0.0,0.0,0.0,-5.197523053665911,-0.001
1964,108871,3,2025-09-07,B,43.03027938215079,41-65,164777.73093721044,25-50%,1185912.108168237,25-50%,99052.79379152744,0-25%,8.75,7.25,9.5,20.822524525208745,0.206,0.02668427217752229,1,2025-09-13,2.0,10.75,3295.5546187442087,0.0,3295.5546187442087,2.3068882331209464,-2.8906348205449643,2.3058882331209465
1965,613213,3,2025-09-07,B,64.27013872043148,41-65,71400.03169668683,0-25%,192834.04072725665,0-25%,231887.1478941125,25-50%,12.75,13.5,9.4,4.355763525139795,0.208,0.016017744039358964,0,,0.0,12.75,0.0,0.0,0.0,0.0,-5.197523053665911,-0.001
1966,648401,3,2025-09-07,B,59.21576295636872,41-65,363524.40270772,50-75%,2206022.8783557783,50-75%,3183135.935762904,>75%,3.0,3.5,9.5,5.904565787806591,0.192,0.022726137980995462,0,,0.0,3.0,0.0,0.0,0.0,0.0,-5.197523053665911,-0.001
1967,961906,3,2025-09-07,B,50.53520814629387,41-65,106971.49390868768,25-50%,134078.20668769933,0-25%,20258.8474778179,0-25%,4.75,8.5,17.2,6.044964415059225,0.224,0.05919823794534243,0,,0.0,4.75,0.0,0.0,0.0,0.0,-5.197523053665911,-0.001
1968,929584,3,2025-09-07,B,38.97300954388032,18-40,744559.2578787459,>75%,1293034.1618686782,50-75%,1549562.505051575,50-75%,6.5,6.75,29.6,1.7386203888196985,0.246,0.1000787401093729,0,,0.0,6.5,0.0,0.0,0.0,0.0,-5.197523053665911,-0.001
1969,352711,3,2025-09-07,B,73.19013641443844,>65,461027.25141263526,50-75%,2675287.1297525605,50-75%,5938375.957106736,>75%,4.5,2.75,94.3,6.775062408756853,0.143,0.004544358176364055,0,,0.0,4.5,0.0,0.0,0.0,0.0,-5.197523053665911,-0.001
1970,282526,3,2025-09-07,B,42.11427696277431,41-65,74228.3614872663,0-25%,998549.212537234,25-50%,17150.291681312392,0-25%,5.75,8.5,24.2,4.132544026949835,0.252,0.08099066929389541,0,,0.0,5.75,0.0,0.0,0.0,0.0,-5.197523053665911,-0.001
1971,551103,3,2025-09-07,B,68.61509189196929,>65,257152.08813511423,50-75%,1444812.28014174,50-75%,1035055.5394485666,50-75%,9.25,15.0,0.1,2.550053064357628,0.17,0.017315294806351713,0,,0.0,9.25,0.0,0.0,0.0,0.0,-5.197523053665911,-0.001
1972,493744,3,2025-09-07,B,70.13075361445641,>65,58858.79388511245,0-25%,306026.9832637982,0-25%,343240.85612607736,25-50%,7.0,4.0,24.6,3.0158042160425884,0.19,0.005085219379635647,0,,0.0,7.0,0.0,0.0,0.0,0.0,-5.197523053665911,-0.001
1973,721906,3,2025-09-07,B,37.15253976945317,18-40,113743.29851455532,25-50%,225843.79844084455,0-25%,207413.8670196431,25-50%,11.0,9.75,43.3,4.948612396345283,0.272,0.03588714296466262,0,,0.0,11.0,0.0,0.0,0.0,0.0,-5.197523053665911,-0.001
1974,232866,3,2025-09-07,B,46.56646870815085,41-65,42268.35431902568,0-25%,45913.111395322645,0-25%,5140.374077247216,0-25%,7.75,1.75,28.0,8.620969040048195,0.234,0.030712307293614436,0,,0.0,7.75,0.0,0.0,0.0,0.0,-5.197523053665911,-0.001
1975,582353,3,2025-09-07,B,51.07604076233027,41-65,33185.762676692095,0-25%,26675.834548091258,0-25%,197638.95392108723,25-50%,9.5,6.25,30.3,0.5524103926958003,0.242,0.012243568779525794,0,,0.0,9.5,0.0,0.0,0.0,0.0,-5.197523053665911,-0.001
1976,477285,3,2025-09-07,B,70.81685052081129,>65,458523.3072012141,50-75%,931877.4802073308,25-50%,845851.6052640122,50-75%,6.5,14.25,21.7,8.351392678562599,0.105,0.017258203696509686,0,,0.0,6.5,0.0,0.0,0.0,0.0,-5.197523053665911,-0.001
1977,241667,3,2025-09-07,B,68.3989333713373,>65,1377231.4553777447,>75%,158532026.30303216,>75%,3201364.675619426,>75%,7.5,7.0,8.6,4.614984901744707,0.112,0.013384245412532171,0,,0.0,7.5,0.0,0.0,0.0,0.0,-5.197523053665911,-0.001
1978,393685,3,2025-09-07,B,46.04364046813134,41-65,119501.38667441826,25-50%,627350.8346618342,25-50%,466299.689088808,25-50%,8.25,4.75,28.5,9.902977314842282,0.181,0.01809964811014417,0,,0.0,8.25,0.0,0.0,0.0,0.0,-5.197523053665911,-0.001
1979,795556,3,2025-09-07,B,52.55538508223241,41-65,164098.02028030268,25-50%,234419.28284002372,0-25%,416244.32931977033,25-50%,12.0,2.25,13.7,19.88125368252545,0.192,0.01234728793569173,0,,0.0,12.0,0.0,0.0,0.0,0.0,-5.197523053665911,-0.001
1980,305116,3,2025-09-07,B,34.281406828921,18-40,412499.4190396318,50-75%,1039904.712374314,25-50%,203178.83642830607,25-50%,6.25,4.5,6.8,2.130969419443593,0.274,0.08104675871057754,0,,0.0,6.25,0.0,0.0,0.0,0.0,-5.197523053665911,-0.001
1981,234476,3,2025-09-07,B,56.488339235947954,41-65,45975.05482531656,0-25%,140175.90296046608,0-25%,1446338.5540945404,50-75%,13.0,5.25,23.7,3.894502108023936,0.163,0.006491983433485941,0,,0.0,13.0,0.0,0.0,0.0,0.0,-5.197523053665911,-0.001
1982,470993,3,2025-09-07,B,60.10078930252699,41-65,130627.65173294324,25-50%,1557180.8015629223,50-75%,690104.2461956595,50-75%,3.75,8.0,29.4,5.202643935393809,0.196,0.019026127029960063,0,,0.0,3.75,0.0,0.0,0.0,0.0,-5.197523053665911,-0.001
660,154401,4,2025-09-09,A,64.14645685667605,41-65,98927.49663243604,25-50%,469468.1460607314,25-50%,131308.64889754486,25-50%,6.5,6.75,9.8,18.85883554602693,0.209,0.004858510432557021,0,,0.0,6.5,0.0,0.0,0.0,0.0,-5.197523053665911,-0.001
661,492730,4,2025-09-09,A,63.40325687854458,41-65,147013.29943332236,25-50%,1886628.3039238327,50-75%,1524157.8745774173,50-75%,8.75,9.5,17.0,3.3048315919969973,0.163,0.005116424491983077,0,,0.0,8.75,0.0,0.0,0.0,0.0,-5.197523053665911,-0.001
662,237561,4,2025-09-09,A,40.309055661907806,18-40,332945.9986034981,50-75%,5343689.240541641,50-75%,2563778.6515429965,>75%,8.25,10.75,25.4,5.278687009720215,0.226,0.01943021243367911,0,,0.0,8.25,0.0,0.0,0.0,0.0,-5.197523053665911,-0.001
663,305268,4,2025-09-09,A,55.29108591456351,41-65,139811.20444661516,25-50%,226792.5465317884,0-25%,2606836.887329589,>75%,11.25,7.0,61.3,4.168979639278716,0.181,0.003006044432503496,0,,0.0,11.25,0.0,0.0,0.0,0.0,-5.197523053665911,-0.001
664,948102,4,2025-09-09,A,80.6781059614289,>65,109102.3347367903,25-50%,6687636.551922094,>75%,220742.00715303124,25-50%,8.0,11.75,79.2,2.9759035925510804,0.126,0.002549055925288364,0,,0.0,8.0,0.0,0.0,0.0,0.0,-5.197523053665911,-0.001
665,707024,4,2025-09-09,A,62.26832693866493,41-65,140000.02091007624,25-50%,310345.4096943016,0-25%,60447.448714343824,0-25%,5.25,16.25,2.3,2.019694438244297,0.175,0.011414633832299882,0,,0.0,5.25,0.0,0.0,0.0,0.0,-5.197523053665911,-0.001
666,323293,4,2025-09-09,A,47.68791001772339,41-65,133905.521337114,25-50%,2975911.9431279995,50-75%,73090.6894657836,0-25%,15.25,8.75,88.3,4.010397087407471,0.223,0.008997844765384415,0,,0.0,15.25,0.0,0.0,0.0,0.0,-5.197523053665911,-0.001
667,735668,4,2025-09-09,A,44.13733636424571,41-65,63887.58843832857,0-25%,307105.19715775666,0-25%,822556.6311729836,50-75%,3.25,9.5,5.7,3.5848009114380783,0.214,0.010889517467475835,0,,0.0,3.25,0.0,0.0,0.0,0.0,-5.197523053665911,-0.001
668,728400,4,2025-09-09,A,66.04889690085228,>65,375099.0083589248,50-75%,2474247.209099123,50-75%,898051.8855245949,50-75%,8.0,6.5,2.7,9.15135173294654,0.164,0.003375640419928443,0,,0.0,8.0,0.0,0.0,0.0,0.0,-5.197523053665911,-0.001
669,120916,4,2025-09-09,A,54.18016156370423,41-65,83509.89211256911,0-25%,401278.23418421776,25-50%,58552.96172265994,0-25%,9.5,6.75,6.3,2.951933974660807,0.206,0.006714361001581745,0,,0.0,9.5,0.0,0.0,0.0,0.0,-5.197523053665911,-0.001
670,637447,4,2025-09-09,A,71.71496732828595,>65,91994.90843986411,0-25%,510574.3081939845,25-50%,1977695.310141088,>75%,8.5,11.0,22.3,2.0070008626420384,0.153,0.0026434707235253718,0,,0.0,8.5,0.0,0.0,0.0,0.0,-5.197523053665911,-0.001
671,157452,4,2025-09-09,A,50.44328615068371,41-65,257169.40059156888,50-75%,444547.0070775444,25-50%,1128750.1793925131,50-75%,9.75,7.25,10.9,15.775390876613972,0.212,0.004977589371875011,0,,0.0,9.75,0.0,0.0,0.0,0.0,-5.197523053665911,-0.001
672,290070,4,2025-09-09,A,64.03572285966946,41-65,53965.66087670892,0-25%,111819.57457948563,0-25%,16142.990129840644,0-25%,6.75,10.0,18.6,7.625464256080754,0.19,0.007728193181175245,0,,0.0,6.75,0.0,0.0,0.0,0.0,-5.197523053665911,-0.001
673,584457,4,2025-09-09,A,32.50881943849176,18-40,21687690.50462201,>75%,1724466.540699641,50-75%,1648290.7726245266,50-75%,11.5,9.0,9.0,3.8739061116777216,0.221,0.09846867405314738,0,,0.0,11.5,0.0,0.0,0.0,0.0,-5.197523053665911,-0.001
674,972900,4,2025-09-09,A,73.16014409486705,>65,14026768.059206365,>75%,136064060.93652132,>75%,3147201.445357472,>75%,9.5,6.5,1.3,0.1793671240578662,0.135,0.010990067792397832,0,,0.0,9.5,0.0,0.0,0.0,0.0,-5.197523053665911,-0.001
675,297725,4,2025-09-09,A,65.20999816893982,41-65,177672.64098065745,25-50%,15915054.642470935,>75%,9167191.654227754,>75%,11.75,7.75,7.8,0.4426183956724359,0.175,0.0018787856100021553,0,,0.0,11.75,0.0,0.0,0.0,0.0,-5.197523053665911,-0.001
676,669165,4,2025-09-09,A,40.34283485950175,18-40,266644.3253619857,50-75%,2308355.890059591,50-75%,1361956.9193575832,50-75%,10.25,11.25,57.4,8.016296579051874,0.187,0.017709388496053805,0,,0.0,10.25,0.0,0.0,0.0,0.0,-5.197523053665911,-0.001
677,199661,4,2025-09-09,A,53.97128670352935,41-65,1722602.283546778,>75%,21072690.957913056,>75%,681515.9401026197,50-75%,7.5,9.75,21.4,0.4222372914632106,0.157,0.030255247652070875,0,,0.0,7.5,0.0,0.0,0.0,0.0,-5.197523053665911,-0.001
678,633057,4,2025-09-09,A,66.23691773461675,>65,101508.8016918832,25-50%,157666.17564786566,0-25%,130077.72838181876,25-50%,9.5,6.0,13.2,1.1302381128577008,0.167,0.0034516216787662253,0,,0.0,9.5,0.0,0.0,0.0,0.0,-5.197523053665911,-0.001
679,302402,4,2025-09-09,A,50.28087729945191,41-65,207404.42773167772,50-75%,2437742.9072318827,50-75%,553603.9153322396,50-75%,7.25,8.0,51.2,0.7854884057818967,0.202,0.014257234325838974,0,,0.0,7.25,0.0,0.0,0.0,0.0,-5.197523053665911,-0.001
680,811102,4,2025-09-09,A,74.05911157930423,>65,949457.4571599284,>75%,32050284.47563453,>75%,4990459.8004571255,>75%,8.5,6.75,10.8,6.345363950063363,0.126,0.0024535580175180528,0,,0.0,8.5,0.0,0.0,0.0,0.0,-5.197523053665911,-0.001
681,474645,4,2025-09-09,A,37.377146575873965,18-40,397159.8333408217,50-75%,712027.9165192323,25-50%,943554.0257501572,50-75%,7.75,9.25,0.6,3.733137094849379,0.262,0.03274886464302346,0,,0.0,7.75,0.0,0.0,0.0,0.0,-5.197523053665911,-0.001
682,255059,4,2025-09-09,A,41.0845143084812,41-65,357403.84554488346,50-75%,354697.6645579108,0-25%,148495.83586650202,25-50%,11.0,7.0,11.2,3.2319500839482025,0.269,0.01955370580520655,0,,0.0,11.0,0.0,0.0,0.0,0.0,-5.197523053665911,-0.001
683,143240,4,2025-09-09,A,59.89056137457192,41-65,200172.2501271136,50-75%,1055363.5624222097,25-50%,646756.3374030202,50-75%,10.0,10.25,23.9,0.7803189237409227,0.184,0.008857705927274594,0,,0.0,10.0,0.0,0.0,0.0,0.0,-5.197523053665911,-0.001
684,869551,4,2025-09-09,A,57.40114552581803,41-65,49027.53532922529,0-25%,100242.65548919604,0-25%,68545.91316226353,0-25%,9.5,4.75,17.1,1.3603460951896238,0.18,0.004448491509973691,0,,0.0,9.5,0.0,0.0,0.0,0.0,-5.197523053665911,-0.001
685,586293,4,2025-09-09,A,61.67730842152393,41-65,61451.09863750697,0-25%,422240.7709877133,25-50%,1253890.54075036,50-75%,7.25,2.5,15.4,0.6343134962987581,0.205,0.0021375306107565334,0,,0.0,7.25,0.0,0.0,0.0,0.0,-5.197523053665911,-0.001
686,220354,4,2025-09-09,A,53.88600152363323,41-65,2043327.9833066675,>75%,9193609.350080444,>75%,5556016.295445042,>75%,8.5,4.25,47.2,0.7318494160599008,0.201,0.009921781464959178,0,,0.0,8.5,0.0,0.0,0.0,0.0,-5.197523053665911,-0.001
687,730555,4,2025-09-09,A,52.32533995759577,41-65,218847.05111511907,50-75%,1087226.1089980344,25-50%,1806334.8702140287,>75%,10.5,12.75,35.8,1.7477402439620986,0.181,0.010255943632293114,0,,0.0,10.5,0.0,0.0,0.0,0.0,-5.197523053665911,-0.001
688,489107,4,2025-09-09,A,75.13040014936169,>65,152794.8101039041,25-50%,10752185.022642285,>75%,1089989.378444434,50-75%,11.25,3.5,46.7,3.2587421625349147,0.152,0.0014627666140100118,0,,0.0,11.25,0.0,0.0,0.0,0.0,-5.197523053665911,-0.001
689,629116,4,2025-09-09,A,47.41637334941954,41-65,330172.1042287611,50-75%,1479706.4188989017,50-75%,298250.34871884366,25-50%,5.75,12.5,48.0,2.448133735602705,0.232,0.02218811613718194,0,,0.0,5.75,0.0,0.0,0.0,0.0,-5.197523053665911,-0.001
690,572562,4,2025-09-09,A,75.7491501196624,>65,107595.91097705576,25-50%,1496217.5649638036,50-75%,1285081.179899921,50-75%,8.75,8.5,50.5,9.32428157145434,0.153,0.0009973798554076194,0,,0.0,8.75,0.0,0.0,0.0,0.0,-5.197523053665911,-0.001
691,548484,4,2025-09-09,A,47.012944884262005,41-65,109314.11292131452,25-50%,453788.41118320776,25-50%,1385821.4818450687,50-75%,9.75,8.5,26.8,0.1690270430184843,0.212,0.005582701442721666,0,,0.0,9.75,0.0,0.0,0.0,0.0,-5.197523053665911,-0.001
692,558439,4,2025-09-09,A,70.23916057503625,>65,4129132.360029624,>75%,26884887.700736854,>75%,9198676.78668737,>75%,6.0,7.25,9.2,4.852150149531395,0.161,0.010278123875799827,0,,0.0,6.0,0.0,0.0,0.0,0.0,-5.197523053665911,-0.001
693,247463,4,2025-09-09,A,40.5808944137955,18-40,549139.3211933485,>75%,12422437.777214548,>75%,4038544.317195239,>75%,4.75,8.75,19.0,3.560951079089187,0.273,0.022791414024086357,0,,0.0,4.75,0.0,0.0,0.0,0.0,-5.197523053665911,-0.001
694,461125,4,2025-09-09,A,68.96662365350639,>65,191353.1139593878,50-75%,669332.4046537251,25-50%,196512.50543838448,25-50%,1.75,11.0,6.0,6.646570178656751,0.148,0.0063838608647141856,0,,0.0,1.75,0.0,0.0,0.0,0.0,-5.197523053665911,-0.001
695,302259,4,2025-09-09,A,55.12596009907419,41-65,2920147.2061213595,>75%,16572841.17444826,>75%,3005139.3418348776,>75%,5.75,10.25,50.7,3.188279607187477,0.155,0.022985605953374868,0,,0.0,5.75,0.0,0.0,0.0,0.0,-5.197523053665911,-0.001
696,802703,4,2025-09-09,A,47.678571105579806,41-65,214312.27262231705,50-75%,435549.3568395125,25-50%,140686.0107397182,25-50%,3.0,1.0,11.5,7.848799276726771,0.204,0.010151542050452475,0,,0.0,3.0,0.0,0.0,0.0,0.0,-5.197523053665911,-0.001
697,538743,4,2025-09-09,A,44.9228630007086,41-65,373601.86449356977,50-75%,2857761.093271504,50-75%,1467342.7591646526,50-75%,8.25,9.25,31.5,6.29062569435387,0.221,0.017643083250017753,0,,0.0,8.25,0.0,0.0,0.0,0.0,-5.197523053665911,-0.001
698,631238,4,2025-09-09,A,83.38662300949693,>65,7840853.265359012,>75%,77906249.28884676,>75%,8638740.182872746,>75%,4.25,5.25,56.9,9.642036344087522,0.099,0.005733227950255062,0,,0.0,4.25,0.0,0.0,0.0,0.0,-5.197523053665911,-0.001
699,106625,4,2025-09-09,A,40.175586602473714,18-40,152027.77700846703,25-50%,2579403.8954071864,50-75%,902206.230246478,50-75%,5.0,8.5,33.8,1.319154000367867,0.218,0.018956949485349373,0,,0.0,5.0,0.0,0.0,0.0,0.0,-5.197523053665911,-0.001
700,655397,4,2025-09-09,A,62.02944618738792,41-65,2046408.1192395035,>75%,4087392.2889766246,50-75%,1855470.325069584,>75%,5.0,3.5,0.5,0.2583933105743815,0.193,0.009312493660098932,0,,0.0,5.0,0.0,0.0,0.0,0.0,-5.197523053665911,-0.001
701,513910,4,2025-09-09,A,53.74441229713143,41-65,75926.53834178502,0-25%,69128.59012242492,0-25%,8888.352590870965,0-25%,5.25,3.5,49.5,2.9455362192029084,0.205,0.009111645991084548,0,,0.0,5.25,0.0,0.0,0.0,0.0,-5.197523053665911,-0.001
702,840248,4,2025-09-09,A,37.06929988237128,18-40,510536.1367616748,50-75%,1018156.6059644317,25-50%,2870148.4019914847,>75%,8.5,11.5,4.0,2.102359375557885,0.241,0.030181682621082968,1,2025-09-13,1.0,9.5,5105.361367616748,5105.361367616748,10210.722735233496,7.147505914663448,1.9499828609975367,7.1465059146634475
703,258608,4,2025-09-09,A,71.84925957489573,>65,32958.19679320828,0-25%,167216.53716841532,0-25%,8073.704454302171,0-25%,16.5,9.75,61.8,6.957721057576591,0.136,0.0022840399908485203,0,,0.0,16.5,0.0,0.0,0.0,0.0,-5.197523053665911,-0.001
704,632232,4,2025-09-09,A,66.79946236882188,>65,691722.8134721428,>75%,3032867.498898414,50-75%,1336176.5523669028,50-75%,5.75,5.0,2.3,4.59256421607068,0.165,0.004374717708849281,0,,0.0,5.75,0.0,0.0,0.0,0.0,-5.197523053665911,-0.001
705,300968,4,2025-09-09,A,62.44321990102394,41-65,2836281.911013243,>75%,20110592.48821668,>75%,2314487.002862135,>75%,6.5,8.25,15.5,5.135235071825481,0.162,0.017059738996416607,0,,0.0,6.5,0.0,0.0,0.0,0.0,-5.197523053665911,-0.001
706,404533,4,2025-09-09,A,50.19901313173087,41-65,1151488.6657917255,>75%,59922381.99606247,>75%,2132026.761031094,>75%,7.75,6.75,7.1,1.2000570865989209,0.227,0.012268178166780254,0,,0.0,7.75,0.0,0.0,0.0,0.0,-5.197523053665911,-0.001
707,714887,4,2025-09-09,A,57.31174912812797,41-65,263884.1672306801,50-75%,4395512.816658359,50-75%,3604952.319228995,>75%,12.0,11.0,66.5,11.22244070596014,0.18,0.0027661276613013663,0,,0.0,12.0,0.0,0.0,0.0,0.0,-5.197523053665911,-0.001
708,838933,4,2025-09-09,A,46.75265971503988,41-65,65788.4495940601,0-25%,337256.4683452294,0-25%,120964.79906799267,25-50%,4.5,15.75,86.8,2.300336839565352,0.218,0.012886909595952635,0,,0.0,4.5,0.0,0.0,0.0,0.0,-5.197523053665911,-0.001
709,197850,4,2025-09-09,A,43.58033379889332,41-65,1831133.0623714856,>75%,9262393.503927637,>75%,1643186.351433857,50-75%,6.75,9.0,12.9,1.7155082774578796,0.212,0.042165609945036285,0,,0.0,6.75,0.0,0.0,0.0,0.0,-5.197523053665911,-0.001
710,944904,4,2025-09-09,A,37.40404530004165,18-40,43824.889577646834,0-25%,19209.265576850205,0-25%,12172.33049250467,0-25%,7.25,7.5,10.6,0.465285425667633,0.238,0.03431906971435362,1,2025-09-10,1.5,8.75,657.3733436647025,109.5622239441171,766.9355676088196,0.5368548973261738,-4.660668156339737,0.5358548973261738
711,593007,4,2025-09-09,A,72.7196153940771,>65,751184.0018704934,>75%,8559230.213931222,>75%,1314250.4566961625,50-75%,3.0,4.5,18.5,2.14195150203917,0.108,0.006927989417581077,0,,0.0,3.0,0.0,0.0,0.0,0.0,-5.197523053665911,-0.001
712,958686,4,2025-09-09,A,56.564601644868056,41-65,246530.0382377724,50-75%,389658.0915840552,25-50%,68298.269948784,0-25%,8.25,6.75,48.2,11.627422446900251,0.213,0.006828844550520642,0,,0.0,8.25,0.0,0.0,0.0,0.0,-5.197523053665911,-0.001
713,156347,4,2025-09-09,A,41.247272284098905,41-65,44827.50696468748,0-25%,180895.7180602342,0-25%,37832.38151668182,0-25%,6.0,14.0,4.9,1.06342569993797,0.231,0.022418787051252005,0,,0.0,6.0,0.0,0.0,0.0,0.0,-5.197523053665911,-0.001
714,102325,4,2025-09-09,A,64.78548221388873,41-65,86129.10526289334,0-25%,1075071.5891571618,25-50%,116949.3684331309,0-25%,7.25,13.5,38.9,3.255896545870056,0.139,0.006345617312861648,0,,0.0,7.25,0.0,0.0,0.0,0.0,-5.197523053665911,-0.001
715,499645,4,2025-09-09,A,69.8685372375039,>65,172847.1239776924,25-50%,2997646.9673427325,50-75%,3397551.3291620715,>75%,9.5,15.75,4.2,12.121131136431664,0.141,0.0027305620471633828,0,,0.0,9.5,0.0,0.0,0.0,0.0,-5.197523053665911,-0.001
716,403724,4,2025-09-09,A,55.376245838864,41-65,154038.5829748992,25-50%,414958.94353440055,25-50%,157223.75007155695,25-50%,11.25,6.75,13.9,9.228589117727324,0.168,0.005597881019007931,0,,0.0,11.25,0.0,0.0,0.0,0.0,-5.197523053665911,-0.001
717,758267,4,2025-09-09,A,40.33990158693815,18-40,163495.59633463548,25-50%,2191675.917025333,50-75%,72313.72806138902,0-25%,4.5,7.0,32.4,8.899688860449183,0.216,0.02774709667535555,0,,0.0,4.5,0.0,0.0,0.0,0.0,-5.197523053665911,-0.001
718,999477,4,2025-09-09,A,71.03305464311498,>65,186137.73362570285,50-75%,1385383.512821442,50-75%,3475972.2776124477,>75%,10.5,9.5,14.2,0.2643089882550723,0.165,0.001752617935674565,0,,0.0,10.5,0.0,0.0,0.0,0.0,-5.197523053665911,-0.001
719,441155,4,2025-09-09,A,34.052181586932846,18-40,82170.5862710887,0-25%,1105275.5605459968,25-50%,242889.24017385396,25-50%,11.0,11.5,23.7,6.761001244090975,0.28,0.02330441636684631,0,,0.0,11.0,0.0,0.0,0.0,0.0,-5.197523053665911,-0.001
720,183565,4,2025-09-09,A,57.80835359475651,41-65,107840.61996758515,25-50%,419543.308244066,25-50%,791486.2316174963,50-75%,7.25,11.25,14.4,1.3200361304023864,0.172,0.007223243725143291,0,,0.0,7.25,0.0,0.0,0.0,0.0,-5.197523053665911,-0.001
721,235297,4,2025-09-09,A,86.08983691179678,>65,6199320.709374769,>75%,109093495.97028768,>75%,5058046.369713464,>75%,8.0,11.75,10.0,6.072274959314177,0.07,0.006103448892228936,0,,0.0,8.0,0.0,0.0,0.0,0.0,-5.197523053665911,-0.001
722,662296,4,2025-09-09,A,86.538607611159,>65,63356.57999974037,0-25%,697859.6380258282,25-50%,210142.88318982208,25-50%,5.75,11.25,114.4,9.374231145258667,0.091,0.0011949364020310542,0,,0.0,5.75,0.0,0.0,0.0,0.0,-5.197523053665911,-0.001
723,373696,4,2025-09-09,A,58.86945808390466,41-65,37086.537012253786,0-25%,45479.85257415225,0-25%,86614.41741838957,0-25%,7.75,10.25,23.1,8.458783903322187,0.185,0.005717777834461351,0,,0.0,7.75,0.0,0.0,0.0,0.0,-5.197523053665911,-0.001
724,722204,4,2025-09-09,A,80.95417784088185,>65,938612.6174334596,>75%,93127253.58042753,>75%,924826.0196082604,50-75%,2.25,14.75,16.7,5.145192068354734,0.111,0.005068454352518712,0,,0.0,2.25,0.0,0.0,0.0,0.0,-5.197523053665911,-0.001
725,869662,4,2025-09-09,A,73.34804486830853,>65,119452.0890748772,25-50%,454759.2344689447,25-50%,102236.74035411078,0-25%,9.5,11.75,13.2,3.1101505397594176,0.127,0.005177549108215132,0,,0.0,9.5,0.0,0.0,0.0,0.0,-5.197523053665911,-0.001
726,218682,4,2025-09-09,A,47.98622464539736,41-65,259657.5648036612,50-75%,2077391.7174684007,50-75%,175276.9892259555,25-50%,3.25,4.0,17.2,5.481330880684937,0.184,0.02150295851822307,0,,0.0,3.25,0.0,0.0,0.0,0.0,-5.197523053665911,-0.001
727,206396,4,2025-09-09,A,53.7412163453541,41-65,78493.63085332849,0-25%,228122.63072559543,0-25%,1785418.7058364588,>75%,12.75,7.75,23.7,0.9754960509624916,0.21,0.003206915055736315,0,,0.0,12.75,0.0,0.0,0.0,0.0,-5.197523053665911,-0.001
728,365689,4,2025-09-09,A,59.66474605512625,41-65,89290.52200340711,0-25%,462222.0829331056,25-50%,207614.8407554984,25-50%,14.0,6.0,20.0,3.129973101192687,0.174,0.0038486019388670185,0,,0.0,14.0,0.0,0.0,0.0,0.0,-5.197523053665911,-0.001
729,858080,4,2025-09-09,A,60.95914439334232,41-65,127061.80933416632,25-50%,441362.6264043352,25-50%,39107.50883956366,0-25%,2.25,7.0,23.8,1.5163285069000163,0.182,0.012460013297239761,0,,0.0,2.25,0.0,0.0,0.0,0.0,-5.197523053665911,-0.001
730,913266,4,2025-09-09,A,51.6567694386854,41-65,66423.43879214139,0-25%,122488.26071190309,0-25%,146508.87440077125,25-50%,7.75,11.25,39.1,5.402802392094881,0.211,0.00988312581919299,0,,0.0,7.75,0.0,0.0,0.0,0.0,-5.197523053665911,-0.001
731,953256,4,2025-09-09,A,56.32783938744784,41-65,1414530.653424991,>75%,1466490.9210726572,50-75%,417216.2118676175,25-50%,11.25,7.5,67.6,4.212114972180584,0.169,0.011562177054679528,0,,0.0,11.25,0.0,0.0,0.0,0.0,-5.197523053665911,-0.001
732,431641,4,2025-09-09,A,67.64518358158905,>65,131787.06795845454,25-50%,4606163.368358048,50-75%,1871295.5777070888,>75%,7.25,6.5,16.5,3.621989696686304,0.134,0.0018724389876638,0,,0.0,7.25,0.0,0.0,0.0,0.0,-5.197523053665911,-0.001
733,780655,4,2025-09-09,A,69.2447528305173,>65,257012.68590470843,50-75%,620515.5653293293,25-50%,95342.21228333484,0-25%,1.5,4.0,19.0,2.7921836519415657,0.135,0.009001889504460764,0,,0.0,1.5,0.0,0.0,0.0,0.0,-5.197523053665911,-0.001
734,672016,4,2025-09-09,A,70.92958050716427,>65,888301.5086681888,>75%,65639975.87139708,>75%,3321075.6772882906,>75%,10.5,6.25,20.4,1.2660099829481963,0.159,0.003403463227549916,0,,0.0,10.5,0.0,0.0,0.0,0.0,-5.197523053665911,-0.001
735,749010,4,2025-09-09,A,55.895466334160886,41-65,161994.2876326839,25-50%,2107178.007674651,50-75%,120473.97601007632,25-50%,3.0,8.5,8.7,6.446534955429802,0.186,0.012728467311715926,0,,0.0,3.0,0.0,0.0,0.0,0.0,-5.197523053665911,-0.001
736,977328,4,2025-09-09,A,36.43440874459882,18-40,104747.09194501096,25-50%,94759.08805267172,0-25%,62502.52921464768,0-25%,11.5,11.5,27.2,1.5774922618386964,0.275,0.017645038529117335,0,,0.0,11.5,0.0,0.0,0.0,0.0,-5.197523053665911,-0.001
737,549850,4,2025-09-09,A,77.6673824476869,>65,212343.69273452065,50-75%,5422347.0608701,50-75%,1119871.164976262,50-75%,12.5,11.75,1.0,5.959497490256696,0.15,0.0015141201798798258,0,,0.0,12.5,0.0,0.0,0.0,0.0,-5.197523053665911,-0.001
738,385701,4,2025-09-09,A,41.60571685126004,41-65,5078349.186009276,>75%,16952749.13767464,>75%,186662.4402461929,25-50%,12.25,4.75,16.2,7.276466026744105,0.209,0.050406759179446085,0,,0.0,12.25,0.0,0.0,0.0,0.0,-5.197523053665911,-0.001
739,217228,4,2025-09-09,A,68.64978236640442,>65,904389.6359712275,>75%,3512472.58531685,50-75%,438705.1218047928,25-50%,3.5,13.75,7.4,5.812951422828666,0.093,0.010919141238050047,0,,0.0,3.5,0.0,0.0,0.0,0.0,-5.197523053665911,-0.001
740,939390,4,2025-09-09,A,64.83530736397708,41-65,422837.6116392474,50-75%,13366718.891929436,>75%,5826599.300817939,>75%,5.25,6.0,51.0,6.518917216442354,0.158,0.004853372478125846,0,,0.0,5.25,0.0,0.0,0.0,0.0,-5.197523053665911,-0.001
741,345861,4,2025-09-09,A,67.33350921513924,>65,628166.0339192223,>75%,958984.490812014,25-50%,551367.8504024224,50-75%,11.5,13.0,38.2,2.02985142765052,0.161,0.00978689011208436,0,,0.0,11.5,0.0,0.0,0.0,0.0,-5.197523053665911,-0.001
742,441619,4,2025-09-09,A,67.80931732710093,>65,1766951.990821449,>75%,5994319.949546203,>75%,2687360.0805093995,>75%,1.0,11.5,33.2,1.2698511467564568,0.155,0.010933309573856137,0,,0.0,1.0,0.0,0.0,0.0,0.0,-5.197523053665911,-0.001
743,895145,4,2025-09-09,A,39.9925161835193,18-40,194092.04323294305,50-75%,135015.17716087314,0-25%,48014.3295108152,0-25%,2.5,10.0,38.8,0.2262641437160646,0.231,0.040450421316777764,1,2025-09-18,1.5,4.0,2911.3806484941456,2911.3806484941456,5822.761296988291,4.075932907891804,-1.1215901457741069,4.074932907891804
744,590291,4,2025-09-09,A,66.76211286950641,>65,167810.4034781386,25-50%,1737913.6493184497,50-75%,374834.94566373166,25-50%,5.75,6.0,68.5,3.376489075913091,0.165,0.005598599093905375,0,,0.0,5.75,0.0,0.0,0.0,0.0,-5.197523053665911,-0.001
745,752890,4,2025-09-09,A,68.70069574034244,>65,198573.2726797157,50-75%,2033956.939518774,50-75%,296018.3246384947,25-50%,4.25,6.5,1.8,2.5831531290585,0.16,0.006716257683961661,0,,0.0,4.25,0.0,0.0,0.0,0.0,-5.197523053665911,-0.001
746,947544,4,2025-09-09,A,43.35796144532118,41-65,107649.04120170852,25-50%,209437.5866646709,0-25%,159818.3516127026,25-50%,3.25,12.25,15.0,5.160254919340948,0.201,0.01911558754353473,0,,0.0,3.25,0.0,0.0,0.0,0.0,-5.197523053665911,-0.001
747,398494,4,2025-09-09,A,73.569097437607,>65,10357408.725410553,>75%,71741306.71606132,>75%,7572610.945694428,>75%,6.5,8.25,66.4,2.3339971339007604,0.144,0.01286043420968425,0,,0.0,6.5,0.0,0.0,0.0,0.0,-5.197523053665911,-0.001
748,569822,4,2025-09-09,A,34.44405751774772,18-40,170316.7896014489,25-50%,346288.89012208045,0-25%,218130.41955166988,25-50%,6.75,5.5,0.7,6.297734314352991,0.263,0.017197684929840827,0,,0.0,6.75,0.0,0.0,0.0,0.0,-5.197523053665911,-0.001
749,989622,4,2025-09-09,A,50.81919191410461,41-65,109039.56509509106,25-50%,151187.8381016879,0-25%,875088.4616391264,50-75%,5.5,12.0,4.8,0.4917756191565837,0.203,0.010500836637512266,0,,0.0,5.5,0.0,0.0,0.0,0.0,-5.197523053665911,-0.001
750,562219,4,2025-09-09,A,53.19478857808334,41-65,146490.50443991742,25-50%,75103.40088535761,0-25%,285698.6343720056,25-50%,9.75,11.25,21.9,4.38160013040742,0.194,0.01185575436484385,0,,0.0,9.75,0.0,0.0,0.0,0.0,-5.197523053665911,-0.001
751,132511,4,2025-09-09,A,83.24238452310338,>65,86809.42680177744,0-25%,3030894.049325729,50-75%,2606409.5988121717,>75%,3.5,11.75,47.2,7.734222251195385,0.13,0.0011134265372842191,0,,0.0,3.5,0.0,0.0,0.0,0.0,-5.197523053665911,-0.001
752,310088,4,2025-09-09,A,39.63584467865816,18-40,6659759.987526175,>75%,13777907.125720415,>75%,2386349.690815161,>75%,7.5,8.0,7.9,2.9174927024414594,0.237,0.07891429648659598,0,,0.0,7.5,0.0,0.0,0.0,0.0,-5.197523053665911,-0.001
753,933229,4,2025-09-09,A,55.09346676329708,41-65,78172.5885494159,0-25%,83625.66501663416,0-25%,161379.16750086928,25-50%,7.75,7.5,38.0,0.1384233794609296,0.194,0.005025135661222693,0,,0.0,7.75,0.0,0.0,0.0,0.0,-5.197523053665911,-0.001
754,167085,4,2025-09-09,A,49.16825988210225,41-65,60049.04680530351,0-25%,167871.34296727466,0-25%,47527.17836495664,0-25%,2.5,8.0,15.7,3.761948485993431,0.187,0.014943077436892709,0,,0.0,2.5,0.0,0.0,0.0,0.0,-5.197523053665911,-0.001
755,996040,4,2025-09-09,A,62.78391924855198,41-65,987505.8275282632,>75%,3163803.356118884,50-75%,2175489.7277422072,>75%,7.5,5.0,32.2,9.221326494535225,0.183,0.004713982931897661,0,,0.0,7.5,0.0,0.0,0.0,0.0,-5.197523053665911,-0.001
756,542353,4,2025-09-09,A,27.18463677236957,18-40,46460.819984977126,0-25%,124865.46507978917,0-25%,5469.21496039349,0-25%,3.75,8.5,20.6,1.9931816713998287,0.254,0.06438349909457926,0,,0.0,3.75,0.0,0.0,0.0,0.0,-5.197523053665911,-0.001
757,811650,4,2025-09-09,A,69.31618204985922,>65,186247.12619105904,50-75%,8558873.794724395,>75%,795797.7116343556,50-75%,9.25,4.25,25.3,1.0335644503241568,0.146,0.0025348214795543438,0,,0.0,9.25,0.0,0.0,0.0,0.0,-5.197523053665911,-0.001
758,854899,4,2025-09-09,A,41.50461449700697,41-65,3945051.5610859217,>75%,99839314.76355232,>75%,2046200.552292848,>75%,5.75,5.5,24.5,0.1168831566789467,0.217,0.03215811341655094,0,,0.0,5.75,0.0,0.0,0.0,0.0,-5.197523053665911,-0.001
759,264657,4,2025-09-09,A,42.36155239082975,41-65,76397.28779910054,0-25%,387966.4341507781,25-50%,90371.21164028936,0-25%,4.5,9.25,10.9,8.642564746871193,0.235,0.018112701725802177,0,,0.0,4.5,0.0,0.0,0.0,0.0,-5.197523053665911,-0.001
760,977976,4,2025-09-09,A,75.24853376873871,>65,4939970.679268669,>75%,43056764.87847213,>75%,4043049.405823348,>75%,13.0,11.75,6.5,1.9739841581138315,0.109,0.005617949126217589,0,,0.0,13.0,0.0,0.0,0.0,0.0,-5.197523053665911,-0.001
761,423962,4,2025-09-09,A,62.046488468498936,41-65,308602.8860883762,50-75%,715709.1597363448,25-50%,968919.645197759,50-75%,7.5,2.5,126.1,9.63903715152898,0.154,0.002871369297912834,0,,0.0,7.5,0.0,0.0,0.0,0.0,-5.197523053665911,-0.001
762,575001,4,2025-09-09,A,78.51434164862057,>65,161475.70746668152,25-50%,1321229.4219733798,50-75%,612798.60076951,50-75%,6.75,9.5,6.2,2.9304048658318385,0.149,0.003132434664065355,0,,0.0,6.75,0.0,0.0,0.0,0.0,-5.197523053665911,-0.001
763,349503,4,2025-09-09,A,54.08582259671495,41-65,69447.9021075298,0-25%,909580.8760358902,25-50%,455545.5301221778,25-50%,11.0,8.75,0.7,0.3929505195345646,0.192,0.004284117720629384,0,,0.0,11.0,0.0,0.0,0.0,0.0,-5.197523053665911,-0.001
764,202057,4,2025-09-09,A,66.99297211237018,>65,84136.12933630061,0-25%,15382177.769614607,>75%,1246987.1096487113,50-75%,4.75,7.5,31.9,4.229143623970457,0.144,0.0033107833868175414,0,,0.0,4.75,0.0,0.0,0.0,0.0,-5.197523053665911,-0.001
765,672603,4,2025-09-09,A,82.98824930883463,>65,12455080.059082216,>75%,170325382.00383717,>75%,12990072.932664916,>75%,12.0,4.5,17.8,3.1913608347416047,0.095,0.004185236642383543,0,,0.0,12.0,0.0,0.0,0.0,0.0,-5.197523053665911,-0.001
766,899118,4,2025-09-09,A,59.24361621211785,41-65,104868.22641619672,25-50%,1223778.7761231423,25-50%,88407.83792966057,0-25%,9.0,10.75,12.0,15.41123475850578,0.197,0.007554739942105118,0,,0.0,9.0,0.0,0.0,0.0,0.0,-5.197523053665911,-0.001
767,350646,4,2025-09-09,A,50.40075432090315,41-65,986240.0214836524,>75%,597093.633086624,25-50%,295506.67723935255,25-50%,3.25,0.75,16.8,8.298992679097982,0.217,0.014323765639082778,0,,0.0,3.25,0.0,0.0,0.0,0.0,-5.197523053665911,-0.001
768,715953,4,2025-09-09,A,48.722273044825045,41-65,265318.40074341884,50-75%,6166671.966169549,>75%,263571.1597374474,25-50%,9.5,11.25,52.4,7.988007307527338,0.213,0.016785277187291732,0,,0.0,9.5,0.0,0.0,0.0,0.0,-5.197523053665911,-0.001
769,413860,4,2025-09-09,A,34.86854530496166,18-40,85220.30071567884,0-25%,290621.0425832206,0-25%,18062.276971676023,0-25%,9.0,5.75,11.6,5.611873820345611,0.298,0.021283291647542914,0,,0.0,9.0,0.0,0.0,0.0,0.0,-5.197523053665911,-0.001
770,701999,4,2025-09-09,A,56.61614275605306,41-65,196544.55993254925,50-75%,2767948.9735450083,50-75%,1640529.0428302858,50-75%,3.75,4.75,27.6,3.201801093655017,0.198,0.0078964453714209,0,,0.0,3.75,0.0,0.0,0.0,0.0,-5.197523053665911,-0.001
771,685999,4,2025-09-09,A,29.53839671850538,18-40,102167.46293558714,25-50%,244233.97042419488,0-25%,69229.03382712917,0-25%,9.0,1.5,52.9,2.9656590377943,0.265,0.022080379211720035,0,,0.0,9.0,0.0,0.0,0.0,0.0,-5.197523053665911,-0.001
772,360116,4,2025-09-09,A,65.94179698555142,41-65,130421.76288492224,25-50%,339994.6822966225,0-25%,64018.841484664736,0-25%,6.75,3.5,18.8,2.773146919493659,0.155,0.004333255918418299,0,,0.0,6.75,0.0,0.0,0.0,0.0,-5.197523053665911,-0.001
773,223821,4,2025-09-09,A,54.77556027546774,41-65,70343.82884414724,0-25%,117984.32810588296,0-25%,28954.40321047389,0-25%,3.75,10.5,22.6,0.7303406345148773,0.208,0.014328566877697482,0,,0.0,3.75,0.0,0.0,0.0,0.0,-5.197523053665911,-0.001
774,623670,4,2025-09-09,A,53.11852655912825,41-65,913804.642552124,>75%,1148742.2922681863,25-50%,155884.18993736405,25-50%,5.25,9.75,3.9,1.3457656158959086,0.186,0.033360735710204224,0,,0.0,5.25,0.0,0.0,0.0,0.0,-5.197523053665911,-0.001
775,955515,4,2025-09-09,A,50.72474987997772,41-65,72119.71917978837,0-25%,73537.6586826845,0-25%,771097.0151193214,50-75%,9.0,6.75,10.3,8.031573934608026,0.214,0.0037193912606270914,0,,0.0,9.0,0.0,0.0,0.0,0.0,-5.197523053665911,-0.001
776,687325,4,2025-09-09,A,70.75832558112207,>65,278016.45671040926,50-75%,793052.3575987521,25-50%,779143.4181909522,50-75%,11.25,6.75,59.5,7.525989063146778,0.133,0.0022355309014423157,0,,0.0,11.25,0.0,0.0,0.0,0.0,-5.197523053665911,-0.001
777,835084,4,2025-09-09,A,25.55787049343126,18-40,322658.930709638,50-75%,129937.34442133436,0-25%,105781.00850845726,0-25%,6.25,5.75,8.5,3.1936294516350494,0.266,0.04344659832331001,0,,0.0,6.25,0.0,0.0,0.0,0.0,-5.197523053665911,-0.001
778,603003,4,2025-09-09,A,33.0877960970477,18-40,153011.61933385243,25-50%,555309.248894263,25-50%,65909.31960165189,0-25%,2.75,6.25,11.2,1.261629592931958,0.273,0.049212849452092075,0,,0.0,2.75,0.0,0.0,0.0,0.0,-5.197523053665911,-0.001
779,747800,4,2025-09-09,A,89.01287174252215,>65,1961558.2500441684,>75%,190558719.84386933,>75%,8606670.397463618,>75%,6.5,12.5,15.0,14.34343550636067,0.11,0.0022732611426006855,0,,0.0,6.5,0.0,0.0,0.0,0.0,-5.197523053665911,-0.001
780,118537,4,2025-09-09,A,63.289223296921946,41-65,1092353.178588741,>75%,6471012.305641408,>75%,6278199.640172199,>75%,7.75,9.25,6.5,5.462823755216849,0.165,0.008779877006189665,0,,0.0,7.75,0.0,0.0,0.0,0.0,-5.197523053665911,-0.001
781,480479,4,2025-09-09,A,71.01386265473812,>65,3796288.355456173,>75%,114981069.5358394,>75%,3465477.216234688,>75%,11.25,7.0,6.3,3.86935475832685,0.15,0.006113338580077779,0,,0.0,11.25,0.0,0.0,0.0,0.0,-5.197523053665911,-0.001
782,938134,4,2025-09-09,A,26.729840261794788,18-40,74724.3410282347,0-25%,31609.357990295724,0-25%,156313.49213937143,25-50%,5.25,10.5,2.3,4.861058382018888,0.278,0.03850601688020641,0,,0.0,5.25,0.0,0.0,0.0,0.0,-5.197523053665911,-0.001
783,705508,4,2025-09-09,A,77.91820194459797,>65,236229.48226986232,50-75%,3854155.791307255,50-75%,358851.41846812045,25-50%,11.25,4.0,3.0,7.450879879680715,0.109,0.0019295620815714518,0,,0.0,11.25,0.0,0.0,0.0,0.0,-5.197523053665911,-0.001
784,775568,4,2025-09-09,A,84.36988518883197,>65,115494.55292660826,25-50%,2038957.8856980223,50-75%,458583.58763318585,25-50%,7.5,4.25,5.5,1.905746806224488,0.102,0.0011024926432062342,0,,0.0,7.5,0.0,0.0,0.0,0.0,-5.197523053665911,-0.001
785,675158,4,2025-09-09,A,43.856852828729785,41-65,728314.5439648608,>75%,1052513.952603868,25-50%,385223.1719779942,25-50%,8.75,10.5,17.2,3.203159210783981,0.194,0.03661180950271594,0,,0.0,8.75,0.0,0.0,0.0,0.0,-5.197523053665911,-0.001
786,218825,4,2025-09-09,A,63.86261518137727,41-65,1236627.9812727775,>75%,2998828.9648023103,50-75%,1727771.0815171993,50-75%,8.25,5.0,73.8,8.298629384789962,0.197,0.004876841234673881,0,,0.0,8.25,0.0,0.0,0.0,0.0,-5.197523053665911,-0.001
787,131787,4,2025-09-09,A,37.41309706174884,18-40,10122199.867969075,>75%,15985607.18131782,>75%,3504112.347332848,>75%,8.0,4.75,13.3,5.04471716522394,0.23,0.04729976865274632,0,,0.0,8.0,0.0,0.0,0.0,0.0,-5.197523053665911,-0.001
788,354489,4,2025-09-09,A,73.68245419600365,>65,668056.400025682,>75%,16320600.071255824,>75%,7961004.621306093,>75%,5.5,7.0,8.8,18.26159534755281,0.096,0.0028687599749238324,0,,0.0,5.5,0.0,0.0,0.0,0.0,-5.197523053665911,-0.001
789,269039,4,2025-09-09,A,43.49849052410324,41-65,236780.3214728885,50-75%,10122919.776632184,>75%,10166571.327427316,>75%,7.5,4.5,2.4,22.765996369161936,0.225,0.0035902507902399808,0,,0.0,7.5,0.0,0.0,0.0,0.0,-5.197523053665911,-0.001
790,238089,4,2025-09-09,A,84.18493840141798,>65,227883.7231273343,50-75%,35408031.36704367,>75%,12983381.092902482,>75%,8.75,4.75,27.1,3.1096949825203968,0.1,0.0006678792273117633,0,,0.0,8.75,0.0,0.0,0.0,0.0,-5.197523053665911,-0.001
791,912749,4,2025-09-09,A,51.99248506926169,41-65,109235.968127369,25-50%,1358438.823570566,50-75%,152017.61066958573,25-50%,4.5,11.5,1.5,8.491288395238595,0.191,0.011947979336443905,0,,0.0,4.5,0.0,0.0,0.0,0.0,-5.197523053665911,-0.001
792,296299,4,2025-09-09,A,31.04788038670717,18-40,48512.5407867058,0-25%,26360.67481561603,0-25%,4905.854830224251,0-25%,2.5,12.0,41.9,0.7663946092190279,0.251,0.05513302317224641,1,2025-09-21,1.5,4.0,727.688111800587,727.688111800587,1455.376223601174,1.0187633565208218,-4.178759697145089,1.017763356520822
793,603075,4,2025-09-09,A,36.311484599177895,18-40,118781.12887857686,25-50%,587172.2395073017,25-50%,172070.54722752396,25-50%,13.0,6.25,7.5,5.191281396278922,0.275,0.014308767080580593,0,,0.0,13.0,0.0,0.0,0.0,0.0,-5.197523053665911,-0.001
794,306767,4,2025-09-09,A,60.436115165974144,41-65,161015.34105607928,25-50%,2929398.752195801,50-75%,698752.7745007661,50-75%,4.75,5.75,27.6,5.175205635517624,0.12,0.006847845338561866,0,,0.0,4.75,0.0,0.0,0.0,0.0,-5.197523053665911,-0.001
795,486979,4,2025-09-09,A,54.57267476669263,41-65,14474053.77071736,>75%,43121786.2808874,>75%,2909153.82463855,>75%,6.25,12.5,118.0,7.717763080266944,0.196,0.03693452239570672,0,,0.0,6.25,0.0,0.0,0.0,0.0,-5.197523053665911,-0.001
796,715108,4,2025-09-09,A,60.84139992027311,41-65,678462.9591744596,>75%,17953556.446131643,>75%,1561024.7636042573,50-75%,9.25,3.75,2.7,0.9627659374843708,0.174,0.00619912056127267,0,,0.0,9.25,0.0,0.0,0.0,0.0,-5.197523053665911,-0.001
797,736240,4,2025-09-09,A,36.8604005237167,18-40,52237.16400835642,0-25%,16985.31169411294,0-25%,11050.37375890314,0-25%,5.5,2.5,13.8,0.6670740152528567,0.253,0.019536545729533627,0,,0.0,5.5,0.0,0.0,0.0,0.0,-5.197523053665911,-0.001
798,547200,4,2025-09-09,A,69.55784205841981,>65,245779.8915992776,50-75%,1874464.5246521835,50-75%,1383099.8362846049,50-75%,3.0,6.75,23.6,3.6503607643444367,0.126,0.004694647321728204,0,,0.0,3.0,0.0,0.0,0.0,0.0,-5.197523053665911,-0.001
799,805517,4,2025-09-09,A,54.921254308629095,41-65,366474.0782520237,50-75%,2399245.046311669,50-75%,615900.0858367542,50-75%,12.25,11.0,2.7,0.5935701251325045,0.212,0.007890726243433904,0,,0.0,12.25,0.0,0.0,0.0,0.0,-5.197523053665911,-0.001
800,785274,4,2025-09-09,A,71.014679332751,>65,106014.40138131264,25-50%,1099439.1509580135,25-50%,644902.468963837,50-75%,10.25,12.0,18.9,0.4723574925874829,0.158,0.0039009322052032712,0,,0.0,10.25,0.0,0.0,0.0,0.0,-5.197523053665911,-0.001
801,560661,4,2025-09-09,A,50.24960873789312,41-65,263130.90312615864,50-75%,919689.3298659702,25-50%,153505.67953159765,25-50%,10.25,6.5,31.6,3.527483113160411,0.204,0.010248448895022978,0,,0.0,10.25,0.0,0.0,0.0,0.0,-5.197523053665911,-0.001
802,903778,4,2025-09-09,A,29.84780032046833,18-40,132849.66147676346,25-50%,53977.50909766699,0-25%,5058.420250422236,0-25%,7.25,4.25,19.3,8.243206264425394,0.254,0.03990523262689223,0,,0.0,7.25,0.0,0.0,0.0,0.0,-5.197523053665911,-0.001
803,247853,4,2025-09-09,A,44.883950688956624,41-65,156542.26975340655,25-50%,1080613.888664493,25-50%,2218364.5316569884,>75%,10.75,13.0,46.6,0.4907528812808183,0.224,0.012429233322149633,0,,0.0,10.75,0.0,0.0,0.0,0.0,-5.197523053665911,-0.001
804,232491,4,2025-09-09,A,47.37899873720971,41-65,306889.9657334575,50-75%,448743.4348961146,25-50%,84963.99316982289,0-25%,10.5,12.0,7.3,0.3769189320946565,0.213,0.03215042349220025,0,,0.0,10.5,0.0,0.0,0.0,0.0,-5.197523053665911,-0.001
805,370436,4,2025-09-09,A,48.610030031614976,41-65,931535.290222623,>75%,2206623.8631146443,50-75%,3966037.758880173,>75%,7.25,7.75,24.0,2.0309409624636148,0.191,0.019840606883223408,0,,0.0,7.25,0.0,0.0,0.0,0.0,-5.197523053665911,-0.001
806,914461,4,2025-09-09,A,27.87921087910013,18-40,126826.1909872623,25-50%,308635.0666075415,0-25%,1119763.3292432844,50-75%,6.5,13.75,10.8,1.4603537997474416,0.269,0.03206172180687513,0,,0.0,6.5,0.0,0.0,0.0,0.0,-5.197523053665911,-0.001
807,492357,4,2025-09-09,A,49.45761086098806,41-65,98101.5623356222,25-50%,10066001.655572942,>75%,124292.05152096742,25-50%,10.0,5.25,25.8,0.4794119288100625,0.224,0.007930521234282445,0,,0.0,10.0,0.0,0.0,0.0,0.0,-5.197523053665911,-0.001
808,907031,4,2025-09-09,A,40.877543022753,18-40,35173.92686333519,0-25%,59227.730910112754,0-25%,61607.90468818359,0-25%,2.75,8.0,16.4,1.2581963521153845,0.208,0.018007528419732754,0,,0.0,2.75,0.0,0.0,0.0,0.0,-5.197523053665911,-0.001
809,839983,4,2025-09-09,A,34.97083722103137,18-40,10454040.296146616,>75%,33610250.76573206,>75%,7526909.435116499,>75%,9.0,8.25,23.6,2.5044388784213,0.228,0.04789760953996229,0,,0.0,9.0,0.0,0.0,0.0,0.0,-5.197523053665911,-0.001
810,428921,4,2025-09-09,A,61.181043659160935,41-65,2226658.3129041907,>75%,775245.3591336572,25-50%,4819316.434784241,>75%,12.25,7.75,32.2,4.752600434133378,0.212,0.006860157907866198,0,,0.0,12.25,0.0,0.0,0.0,0.0,-5.197523053665911,-0.001
811,181066,4,2025-09-09,A,49.4435007868225,41-65,592881.0297722184,>75%,3505293.6683103563,50-75%,888517.3900950924,50-75%,9.5,7.0,37.4,7.058641233218816,0.209,0.009381581064074046,0,,0.0,9.5,0.0,0.0,0.0,0.0,-5.197523053665911,-0.001
812,449791,4,2025-09-09,A,60.38669080105701,41-65,2017409.409894983,>75%,3673722.035504256,50-75%,564613.4014642837,50-75%,2.0,3.0,20.3,14.882834349214896,0.189,0.017195108878654896,0,,0.0,2.0,0.0,0.0,0.0,0.0,-5.197523053665911,-0.001
813,193772,4,2025-09-09,A,21.890623299368222,18-40,116865.13471450188,25-50%,132857.8705316131,0-25%,119043.66249948763,25-50%,5.75,6.0,113.7,3.686195986370372,0.289,0.0515810491632527,1,2025-09-20,1.5,7.25,1752.9770207175281,292.16283678625473,2045.1398575037829,1.4315979002526482,-3.7659251534132627,1.4305979002526483
814,751619,4,2025-09-09,A,60.293590964464514,41-65,76186.69672644176,0-25%,340692.08316236787,0-25%,109902.7202480982,0-25%,5.25,4.0,29.1,0.340020456176437,0.16,0.004211727115049723,0,,0.0,5.25,0.0,0.0,0.0,0.0,-5.197523053665911,-0.001
815,771374,4,2025-09-09,A,33.23012461735924,18-40,80662.536501434,0-25%,89157.55229701934,0-25%,17664.941768415163,0-25%,4.5,3.0,24.7,1.7633251149105078,0.262,0.024277989260123214,0,,0.0,4.5,0.0,0.0,0.0,0.0,-5.197523053665911,-0.001
816,245039,4,2025-09-09,A,37.1734447110375,18-40,892893.3667439931,>75%,2934372.56084883,50-75%,1940243.650323714,>75%,11.0,1.25,22.1,3.47228767411068,0.229,0.019696359626433027,0,,0.0,11.0,0.0,0.0,0.0,0.0,-5.197523053665911,-0.001
817,551814,4,2025-09-09,A,44.29884523869211,41-65,174828.09358410153,25-50%,247234.3124429033,0-25%,175833.1689646352,25-50%,8.0,5.5,26.3,3.889357320088662,0.231,0.011239414192465687,0,,0.0,8.0,0.0,0.0,0.0,0.0,-5.197523053665911,-0.001
818,666346,4,2025-09-09,A,53.43470720815487,41-65,775650.8347331238,>75%,6845410.231325115,>75%,577697.8817297777,50-75%,12.5,13.0,33.5,1.7481806654010923,0.192,0.02160090277947439,0,,0.0,12.5,0.0,0.0,0.0,0.0,-5.197523053665911,-0.001
819,951702,4,2025-09-09,A,44.79305387438165,41-65,2037960.279769284,>75%,1264045.7762089996,50-75%,549225.3824020163,50-75%,6.5,4.0,60.2,19.175159583132924,0.225,0.015864095753145836,0,,0.0,6.5,0.0,0.0,0.0,0.0,-5.197523053665911,-0.001
820,880128,4,2025-09-09,A,57.333743211850255,41-65,217000.22693972068,50-75%,1173380.673346965,25-50%,575080.7752882692,50-75%,8.0,5.25,10.1,1.7180510542092742,0.156,0.00540225183636533,0,,0.0,8.0,0.0,0.0,0.0,0.0,-5.197523053665911,-0.001
821,329857,4,2025-09-09,A,63.469311251763216,41-65,86310.49518890423,0-25%,320411.34248520207,0-25%,228141.84580790187,25-50%,7.75,7.25,60.4,14.120365463376276,0.161,0.0021392823518084957,0,,0.0,7.75,0.0,0.0,0.0,0.0,-5.197523053665911,-0.001
822,176958,4,2025-09-09,A,75.7457271473693,>65,125797.64604914734,25-50%,2890134.2934233164,50-75%,425034.56003495416,25-50%,4.0,10.75,11.6,13.165534731187147,0.107,0.0026721542993438816,0,,0.0,4.0,0.0,0.0,0.0,0.0,-5.197523053665911,-0.001
823,714325,4,2025-09-09,A,62.474816143509045,41-65,139266.36047306753,25-50%,820022.788091431,25-50%,3521130.5680029527,>75%,12.75,13.5,15.1,17.679766291196447,0.149,0.003043501975472126,0,,0.0,12.75,0.0,0.0,0.0,0.0,-5.197523053665911,-0.001
824,486366,4,2025-09-09,A,59.64650613468018,41-65,406739.9855596136,50-75%,10137383.005442413,>75%,950584.4414973992,50-75%,13.0,13.25,30.6,0.3034980489752468,0.166,0.011213689231408855,0,,0.0,13.0,0.0,0.0,0.0,0.0,-5.197523053665911,-0.001
825,359654,4,2025-09-09,A,33.3581528026627,18-40,81291.88880133249,0-25%,59387.568745829456,0-25%,35269.12353261407,0-25%,10.0,11.75,2.4,9.735565601998564,0.254,0.03514325709629141,0,,0.0,10.0,0.0,0.0,0.0,0.0,-5.197523053665911,-0.001
826,311398,4,2025-09-09,A,41.99149571589525,41-65,44668.3084594661,0-25%,370974.7620255355,25-50%,43878.88500814829,0-25%,10.75,4.25,45.7,3.15032670729857,0.235,0.009231534624886979,0,,0.0,10.75,0.0,0.0,0.0,0.0,-5.197523053665911,-0.001
827,251571,4,2025-09-09,A,36.71721043532021,18-40,620877.9634058371,>75%,5092086.163015436,50-75%,2805436.008652954,>75%,11.5,10.25,1.5,0.0514199317659708,0.225,0.018039818158101597,0,,0.0,11.5,0.0,0.0,0.0,0.0,-5.197523053665911,-0.001
828,135658,4,2025-09-09,A,79.21578716421601,>65,3018143.351386535,>75%,44654096.3774678,>75%,3767591.0646435935,>75%,11.0,14.0,22.0,4.4139854970445445,0.141,0.006835787248997033,0,,0.0,11.0,0.0,0.0,0.0,0.0,-5.197523053665911,-0.001
829,294027,4,2025-09-09,A,62.06706615689688,41-65,946754.9383182336,>75%,885489.3538459865,25-50%,668471.8458354109,50-75%,8.75,12.0,11.1,0.0541775465945093,0.202,0.016194871586779264,0,,0.0,8.75,0.0,0.0,0.0,0.0,-5.197523053665911,-0.001
830,513189,4,2025-09-09,A,62.25185824692905,41-65,2112504.205846477,>75%,3918735.941639583,50-75%,324182.03595181444,25-50%,7.75,3.25,199.3,3.434796391802572,0.197,0.008460572592302141,0,,0.0,7.75,0.0,0.0,0.0,0.0,-5.197523053665911,-0.001
831,101916,4,2025-09-09,A,66.14748128624869,>65,408982.4786195509,50-75%,2578098.240962128,50-75%,3743872.7157516265,>75%,7.75,5.5,18.2,9.827210066866211,0.165,0.0024297919097246374,0,,0.0,7.75,0.0,0.0,0.0,0.0,-5.197523053665911,-0.001
832,648505,4,2025-09-09,A,48.86215398281937,41-65,13945626.191040304,>75%,65920102.96879815,>75%,6169608.784107536,>75%,4.5,9.0,55.6,8.128279963471185,0.232,0.04576940561493955,0,,0.0,4.5,0.0,0.0,0.0,0.0,-5.197523053665911,-0.001
833,837040,4,2025-09-09,A,49.416322539742126,41-65,919373.8173725472,>75%,43004605.74331775,>75%,2395758.023333713,>75%,5.5,9.25,56.0,7.966533568502977,0.192,0.01710758736360722,0,,0.0,5.5,0.0,0.0,0.0,0.0,-5.197523053665911,-0.001
834,796558,4,2025-09-09,A,45.53929921662714,41-65,6439877.119337235,>75%,94378649.5092863,>75%,2206477.050420963,>75%,3.75,9.0,3.3,2.6780179376995985,0.188,0.060737231937028104,0,,0.0,3.75,0.0,0.0,0.0,0.0,-5.197523053665911,-0.001
835,595459,4,2025-09-09,A,61.0848420957642,41-65,996610.3896131,>75%,5729970.74623598,50-75%,3638718.469627091,>75%,4.0,6.0,1.3,9.86914876255778,0.168,0.009601493095124022,0,,0.0,4.0,0.0,0.0,0.0,0.0,-5.197523053665911,-0.001
836,176590,4,2025-09-09,A,61.82354172144901,41-65,329648.2147403333,50-75%,5096702.254123082,50-75%,4543863.336158164,>75%,6.25,12.0,22.7,5.8977009272191285,0.158,0.005752690054042808,0,,0.0,6.25,0.0,0.0,0.0,0.0,-5.197523053665911,-0.001
837,149122,4,2025-09-09,A,60.69891206921066,41-65,241937.7829458525,50-75%,31329766.090293597,>75%,1855271.527673504,>75%,11.75,8.0,7.5,1.1004032810059503,0.171,0.0037768169968051507,0,,0.0,11.75,0.0,0.0,0.0,0.0,-5.197523053665911,-0.001
838,486400,4,2025-09-09,A,58.06618283472262,41-65,239288.65913234156,50-75%,722838.9190124577,25-50%,63443.79969290685,0-25%,3.5,2.75,10.5,9.545064172260693,0.171,0.00722077242046145,0,,0.0,3.5,0.0,0.0,0.0,0.0,-5.197523053665911,-0.001
839,882571,4,2025-09-09,A,60.79060886057661,41-65,95550.71556203916,25-50%,1050730.5304863923,25-50%,163962.06200366357,25-50%,4.0,3.5,63.9,8.277869238092144,0.161,0.00316976618162547,0,,0.0,4.0,0.0,0.0,0.0,0.0,-5.197523053665911,-0.001
840,636218,4,2025-09-09,A,42.43060525981232,41-65,364769.39405414375,50-75%,3222677.0003643585,50-75%,1917903.6247466311,>75%,3.75,13.5,23.9,7.2260142387071635,0.207,0.018504461729355957,0,,0.0,3.75,0.0,0.0,0.0,0.0,-5.197523053665911,-0.001
841,708017,4,2025-09-09,A,71.60700859493242,>65,157172.73340467585,25-50%,376424.28924166615,25-50%,2220274.8540594256,>75%,7.5,2.25,72.4,3.2595203829364885,0.159,0.0014371221872171787,0,,0.0,7.5,0.0,0.0,0.0,0.0,-5.197523053665911,-0.001
842,573455,4,2025-09-09,A,65.66359658817672,41-65,112817.95020780042,25-50%,1022418.6618692476,25-50%,274501.49764527386,25-50%,9.0,5.0,9.4,7.236156504731007,0.173,0.002728377825427831,0,,0.0,9.0,0.0,0.0,0.0,0.0,-5.197523053665911,-0.001
843,785871,4,2025-09-09,A,71.33180979298062,>65,139473.97327175245,25-50%,2683565.746792546,50-75%,1488984.0827100028,50-75%,1.0,1.25,30.5,22.61338268130025,0.147,0.002011725722273441,0,,0.0,1.0,0.0,0.0,0.0,0.0,-5.197523053665911,-0.001
844,107155,4,2025-09-09,A,42.52984470725398,41-65,941147.476397334,>75%,1918529.945638741,50-75%,2431578.186557937,>75%,3.75,5.25,6.3,14.599163517767188,0.206,0.022704444260990737,0,,0.0,3.75,0.0,0.0,0.0,0.0,-5.197523053665911,-0.001
845,792153,4,2025-09-09,A,50.967730350985306,41-65,45084.14043787113,0-25%,55747.34051074034,0-25%,45609.05359317778,0-25%,9.0,8.5,30.0,0.8355901416774575,0.227,0.006401807964004194,0,,0.0,9.0,0.0,0.0,0.0,0.0,-5.197523053665911,-0.001
846,308264,4,2025-09-09,A,46.2633627972947,41-65,344713.04142136103,50-75%,23937676.53838162,>75%,2393210.203128938,>75%,7.75,9.25,16.6,4.160742049584329,0.214,0.015573669462349836,0,,0.0,7.75,0.0,0.0,0.0,0.0,-5.197523053665911,-0.001
847,416324,4,2025-09-09,A,52.51478300889807,41-65,38036.54876929534,0-25%,21207.104864837223,0-25%,78070.27203496118,0-25%,4.0,11.0,21.6,0.7399864518150353,0.191,0.009915302290707688,0,,0.0,4.0,0.0,0.0,0.0,0.0,-5.197523053665911,-0.001
848,426978,4,2025-09-09,A,63.79677385316116,41-65,46659.13003215474,0-25%,496405.1621396588,25-50%,1348593.1467004833,50-75%,11.5,3.75,12.2,18.73071338165061,0.132,0.0010660186434832083,0,,0.0,11.5,0.0,0.0,0.0,0.0,-5.197523053665911,-0.001
849,963154,4,2025-09-09,A,62.992239534061504,41-65,86941.92064978018,0-25%,1394957.1684102823,50-75%,1555479.3792743324,50-75%,11.25,6.0,10.1,7.714803222330797,0.158,0.001877413665738942,0,,0.0,11.25,0.0,0.0,0.0,0.0,-5.197523053665911,-0.001
850,149751,4,2025-09-09,A,76.04581832219438,>65,44017.86081406134,0-25%,1924076.9495383345,50-75%,156247.22257509417,25-50%,8.75,3.0,6.0,2.3969025666352706,0.109,0.0013744817877542018,0,,0.0,8.75,0.0,0.0,0.0,0.0,-5.197523053665911,-0.001
851,192390,4,2025-09-09,A,48.7284848686068,41-65,117275.21058709329,25-50%,154387.89449171483,0-25%,100327.14568147733,0-25%,3.75,6.5,15.0,3.9756327001656007,0.236,0.017294213363235264,0,,0.0,3.75,0.0,0.0,0.0,0.0,-5.197523053665911,-0.001
852,968666,4,2025-09-09,A,67.8568436377938,>65,919161.8221017168,>75%,1741471.1359441103,50-75%,1219508.7441557306,50-75%,7.75,3.75,22.1,0.697974514246769,0.128,0.005080228112002772,0,,0.0,7.75,0.0,0.0,0.0,0.0,-5.197523053665911,-0.001
853,391889,4,2025-09-09,A,36.16074581303608,18-40,108238.7668431736,25-50%,268245.7397991292,0-25%,18223.46995877267,0-25%,3.75,4.75,33.3,13.095128763032292,0.248,0.03452297496384863,0,,0.0,3.75,0.0,0.0,0.0,0.0,-5.197523053665911,-0.001
854,919299,4,2025-09-09,A,64.6617311642581,41-65,110736.14032711725,25-50%,1094660.7729663416,25-50%,751039.0963931823,50-75%,9.5,7.5,64.6,0.8174147129973011,0.158,0.0024008402054643482,0,,0.0,9.5,0.0,0.0,0.0,0.0,-5.197523053665911,-0.001
855,405400,4,2025-09-09,A,41.76097713201602,41-65,283445.34779386467,50-75%,941625.8868053756,25-50%,377909.3980040537,25-50%,5.75,6.0,27.7,0.8769063238736374,0.279,0.028265738763173887,0,,0.0,5.75,0.0,0.0,0.0,0.0,-5.197523053665911,-0.001
856,632003,4,2025-09-09,A,36.94076201508071,18-40,262692.23756028496,50-75%,445102.8046544048,25-50%,297794.9928791468,25-50%,12.0,8.25,42.8,0.2406594284759535,0.25,0.018310678060260214,0,,0.0,12.0,0.0,0.0,0.0,0.0,-5.197523053665911,-0.001
857,128943,4,2025-09-09,A,35.78589797236007,18-40,70823.3334874077,0-25%,288457.5706946567,0-25%,14927.40581622118,0-25%,4.5,3.75,23.3,3.596077494717551,0.258,0.020095546633834574,0,,0.0,4.5,0.0,0.0,0.0,0.0,-5.197523053665911,-0.001
858,914168,4,2025-09-09,A,67.13339427676426,>65,96695.30931626276,25-50%,3215161.683831894,50-75%,2308653.528651429,>75%,8.0,13.75,14.2,5.298467674354309,0.17,0.0030794661210807673,0,,0.0,8.0,0.0,0.0,0.0,0.0,-5.197523053665911,-0.001
859,367996,4,2025-09-09,A,44.27334789479557,41-65,65305.79460045489,0-25%,864817.7535658717,25-50%,153805.2478684013,25-50%,11.0,10.0,4.3,0.7291424354187142,0.217,0.008534275907611293,0,,0.0,11.0,0.0,0.0,0.0,0.0,-5.197523053665911,-0.001
860,777929,4,2025-09-09,A,70.37089347666189,>65,159621.10124816195,25-50%,7380183.544490347,>75%,1287782.2209902725,50-75%,6.5,4.5,15.3,1.0360633193980495,0.17,0.002061603960303855,0,,0.0,6.5,0.0,0.0,0.0,0.0,-5.197523053665911,-0.001
861,161636,4,2025-09-09,A,29.665911613696995,18-40,2694725.3437756384,>75%,15935942.565617813,>75%,1501939.027109865,50-75%,10.5,6.75,9.5,2.01949217563495,0.254,0.05108101115236197,0,,0.0,10.5,0.0,0.0,0.0,0.0,-5.197523053665911,-0.001
862,465220,4,2025-09-09,A,45.24401373865812,41-65,74360.69583364627,0-25%,254379.5241068285,0-25%,72939.2372781203,0-25%,2.5,6.0,9.2,0.4618330180594616,0.199,0.019978483339807673,0,,0.0,2.5,0.0,0.0,0.0,0.0,-5.197523053665911,-0.001
863,674473,4,2025-09-09,A,54.64866303824394,41-65,137248.18151390523,25-50%,35589453.20070231,>75%,4458649.825476444,>75%,9.25,1.75,6.1,12.945704467653758,0.196,0.002452103574261714,0,,0.0,9.25,0.0,0.0,0.0,0.0,-5.197523053665911,-0.001
864,886347,4,2025-09-09,A,42.7417151071676,41-65,51835.18611867,0-25%,135059.32993243705,0-25%,26218.988870398043,0-25%,7.0,4.5,56.2,8.125087261585492,0.243,0.009172063207120381,0,,0.0,7.0,0.0,0.0,0.0,0.0,-5.197523053665911,-0.001
865,612064,4,2025-09-09,A,30.633055784717552,18-40,84746.00276541943,0-25%,91627.21339981612,0-25%,12931.758387854798,0-25%,7.5,13.0,12.3,4.928132359528377,0.229,0.05554059643518914,0,,0.0,7.5,0.0,0.0,0.0,0.0,-5.197523053665911,-0.001
866,472289,4,2025-09-09,A,69.03086120108233,>65,302237.1584873729,50-75%,15671794.080736564,>75%,12576137.98907376,>75%,6.5,13.25,66.8,4.912954528429144,0.163,0.0028877885050128467,0,,0.0,6.5,0.0,0.0,0.0,0.0,-5.197523053665911,-0.001
867,349077,4,2025-09-09,A,28.41835466171633,18-40,38621.48299382088,0-25%,22510.231231958314,0-25%,11533.116577771912,0-25%,7.75,10.75,87.9,0.8635854124782091,0.279,0.04342690166510844,0,,0.0,7.75,0.0,0.0,0.0,0.0,-5.197523053665911,-0.001
868,274531,4,2025-09-09,A,43.93106601036411,41-65,101222.63731365702,25-50%,561722.8192391217,25-50%,48954.08453265698,0-25%,11.5,10.0,10.4,3.021727323754519,0.237,0.012576264817878725,0,,0.0,11.5,0.0,0.0,0.0,0.0,-5.197523053665911,-0.001
869,536141,4,2025-09-09,A,44.94122354524419,41-65,106051.15929996887,25-50%,715119.5329977555,25-50%,14958.630015501722,0-25%,8.0,8.25,25.6,4.620644782242618,0.244,0.028995528871436686,0,,0.0,8.0,0.0,0.0,0.0,0.0,-5.197523053665911,-0.001
870,884295,4,2025-09-09,A,55.40798694287964,41-65,532892.9262072629,>75%,10123227.79535692,>75%,1018586.0404896304,50-75%,4.75,3.75,32.8,0.3211719606446929,0.175,0.007699639469131981,0,,0.0,4.75,0.0,0.0,0.0,0.0,-5.197523053665911,-0.001
871,195894,4,2025-09-09,A,85.05165405359989,>65,261760.09290256456,50-75%,1175934.7363252058,25-50%,375258.95653300895,25-50%,13.25,11.75,4.2,14.08773257058665,0.141,0.001174930216258584,0,,0.0,13.25,0.0,0.0,0.0,0.0,-5.197523053665911,-0.001
872,997936,4,2025-09-09,A,47.34672167471327,41-65,534266.8492616027,>75%,8991350.424668174,>75%,6097992.58426995,>75%,0.5,2.75,60.1,11.914837671781434,0.208,0.010997160021364532,0,,0.0,0.5,0.0,0.0,0.0,0.0,-5.197523053665911,-0.001
873,934171,4,2025-09-09,A,47.346814271589146,41-65,164181.51434852494,25-50%,553722.7116905584,25-50%,123577.48212963511,25-50%,7.75,6.75,2.1,11.97304798882707,0.208,0.008685846288077462,0,,0.0,7.75,0.0,0.0,0.0,0.0,-5.197523053665911,-0.001
874,774534,4,2025-09-09,A,58.096058328105634,41-65,255832.1805306544,50-75%,1109414.605832512,25-50%,235349.3247499412,25-50%,9.0,13.5,1.6,0.0386126470105166,0.157,0.014314233030884317,0,,0.0,9.0,0.0,0.0,0.0,0.0,-5.197523053665911,-0.001
875,456317,4,2025-09-09,A,62.63418919740627,41-65,787162.9760504437,>75%,31067529.948345404,>75%,3353476.1741181454,>75%,5.5,13.25,4.4,5.023406331941652,0.192,0.009156492473572,0,,0.0,5.5,0.0,0.0,0.0,0.0,-5.197523053665911,-0.001
876,108217,4,2025-09-09,A,44.72812377866988,41-65,94451.5854985903,0-25%,243069.04617433003,0-25%,175265.49004486873,25-50%,7.25,11.75,28.9,14.784244642005648,0.214,0.012650140106073102,0,,0.0,7.25,0.0,0.0,0.0,0.0,-5.197523053665911,-0.001
877,829716,4,2025-09-09,A,70.27035060512999,>65,21919594.92750292,>75%,38373980.92807256,>75%,3976676.328475471,>75%,7.5,6.75,15.4,1.6052748576292146,0.109,0.013749175343732956,0,,0.0,7.5,0.0,0.0,0.0,0.0,-5.197523053665911,-0.001
878,761877,4,2025-09-09,A,59.31047599266357,41-65,269893.2255204729,50-75%,1945373.7576584567,50-75%,266323.2010278628,25-50%,8.5,11.0,51.2,1.850866591728848,0.171,0.011614946476791113,0,,0.0,8.5,0.0,0.0,0.0,0.0,-5.197523053665911,-0.001
879,813943,4,2025-09-09,A,58.576066220396015,41-65,217458.70596888333,50-75%,6218441.788324789,>75%,553417.5176722684,50-75%,4.0,6.75,14.4,4.758934170247908,0.185,0.009361534783384924,0,,0.0,4.0,0.0,0.0,0.0,0.0,-5.197523053665911,-0.001
880,585171,4,2025-09-09,A,46.77454204010286,41-65,156192.24437233288,25-50%,225988.0902842664,0-25%,45548.99348769889,0-25%,9.5,4.25,45.1,4.185694503025607,0.215,0.012123338991874268,0,,0.0,9.5,0.0,0.0,0.0,0.0,-5.197523053665911,-0.001
881,325157,4,2025-09-09,A,51.13624124271371,41-65,119047.65854825552,25-50%,871578.5112387296,25-50%,49385.115514406425,0-25%,2.5,7.5,20.4,2.125324385335408,0.188,0.01864403569493378,0,,0.0,2.5,0.0,0.0,0.0,0.0,-5.197523053665911,-0.001
882,573879,4,2025-09-09,A,74.48334256183226,>65,31550.233982335987,0-25%,93850.63363694344,0-25%,292852.3793521073,25-50%,9.75,11.0,11.2,3.9709508163733167,0.143,0.0021262102482396553,0,,0.0,9.75,0.0,0.0,0.0,0.0,-5.197523053665911,-0.001
883,933674,4,2025-09-09,A,42.78171816067221,41-65,308200.0263102461,50-75%,6800428.670750978,>75%,5668343.235653482,>75%,3.0,11.0,19.8,8.307493012442032,0.238,0.01311653418149083,0,,0.0,3.0,0.0,0.0,0.0,0.0,-5.197523053665911,-0.001
884,853715,4,2025-09-09,A,61.934692629852194,41-65,723064.2415909059,>75%,1284557.904345753,50-75%,816198.3688641648,50-75%,9.0,6.25,12.0,3.4412357947782635,0.189,0.006410140800554094,0,,0.0,9.0,0.0,0.0,0.0,0.0,-5.197523053665911,-0.001
885,336118,4,2025-09-09,A,79.41751882740158,>65,1403178.0730006306,>75%,27282357.04038225,>75%,373342.3038786876,25-50%,4.5,6.75,14.8,16.085735657299747,0.09,0.006069023298065732,0,,0.0,4.5,0.0,0.0,0.0,0.0,-5.197523053665911,-0.001
886,851855,4,2025-09-09,A,56.91096825528941,41-65,70439.52908282688,0-25%,328557.9479825468,0-25%,200310.3758894789,25-50%,10.25,1.25,1.6,0.2470061580102201,0.184,0.004483907223396352,0,,0.0,10.25,0.0,0.0,0.0,0.0,-5.197523053665911,-0.001
887,544909,4,2025-09-09,A,41.14525742470388,41-65,174221.76199930898,25-50%,885151.070482952,25-50%,353222.81035824184,25-50%,14.5,1.75,28.9,9.020019988405712,0.251,0.0098776132516548,0,,0.0,14.5,0.0,0.0,0.0,0.0,-5.197523053665911,-0.001
888,302014,4,2025-09-09,A,67.09532634863427,>65,162718.8708212706,25-50%,3709267.841814017,50-75%,2288732.399922315,>75%,12.25,5.5,40.8,0.7130910318266245,0.129,0.0020706413789530306,0,,0.0,12.25,0.0,0.0,0.0,0.0,-5.197523053665911,-0.001
889,663525,4,2025-09-09,A,73.42691629400683,>65,213471.68310552105,50-75%,2547240.9336586203,50-75%,522319.0681919599,50-75%,13.25,6.25,14.1,6.438221241434124,0.102,0.002139681749881299,0,,0.0,13.25,0.0,0.0,0.0,0.0,-5.197523053665911,-0.001
890,851782,4,2025-09-09,A,35.2632287047883,18-40,104265.23419559337,25-50%,555304.5344137541,25-50%,8326.733624663839,0-25%,8.5,9.0,8.5,4.694191689132433,0.239,0.05384020873251039,0,,0.0,8.5,0.0,0.0,0.0,0.0,-5.197523053665911,-0.001
891,724509,4,2025-09-09,A,71.3823420361636,>65,153758.80654851426,25-50%,537272.5323856267,25-50%,99588.1909660276,0-25%,10.5,5.75,9.4,3.5649019870335708,0.142,0.003208795886775395,0,,0.0,10.5,0.0,0.0,0.0,0.0,-5.197523053665911,-0.001
892,615091,4,2025-09-09,A,71.66294867892475,>65,243539.60444196287,50-75%,26759538.161919083,>75%,2955107.7217729166,>75%,14.25,9.75,43.7,0.6092638873579289,0.109,0.0018489274799223861,0,,0.0,14.25,0.0,0.0,0.0,0.0,-5.197523053665911,-0.001
893,618418,4,2025-09-09,A,48.33008447544618,41-65,1023486.0608318724,>75%,25931058.382038835,>75%,1032645.0955877906,50-75%,9.0,6.5,27.1,1.6034237517792158,0.192,0.01424853966046368,0,,0.0,9.0,0.0,0.0,0.0,0.0,-5.197523053665911,-0.001
894,772455,4,2025-09-09,A,55.55313951555649,41-65,113221.7190968254,25-50%,847367.9968987807,25-50%,103467.18531373388,0-25%,10.75,9.5,13.0,0.251294131712567,0.193,0.006674134480330428,0,,0.0,10.75,0.0,0.0,0.0,0.0,-5.197523053665911,-0.001
895,125466,4,2025-09-09,A,77.5082947624452,>65,70194.32476152004,0-25%,452323.6947199905,25-50%,199017.57219405705,25-50%,6.75,9.0,54.9,15.612820119964615,0.104,0.0019245243270741587,0,,0.0,6.75,0.0,0.0,0.0,0.0,-5.197523053665911,-0.001
896,416100,4,2025-09-09,A,29.576108434443658,18-40,74782.74800493907,0-25%,61799.37764071688,0-25%,42488.68575664586,0-25%,7.0,7.5,32.1,1.1096923554723983,0.293,0.045642182298074783,0,,0.0,7.0,0.0,0.0,0.0,0.0,-5.197523053665911,-0.001
897,385617,4,2025-09-09,A,79.54782913294575,>65,141152.9933745269,25-50%,12396457.9465596,>75%,5155806.92456434,>75%,8.25,6.5,19.4,8.370225844283416,0.164,0.0007452919515144576,0,,0.0,8.25,0.0,0.0,0.0,0.0,-5.197523053665911,-0.001
898,793385,4,2025-09-09,A,36.72899398383856,18-40,153909.71771965435,25-50%,924222.3093268244,25-50%,239156.69678543656,25-50%,13.25,8.5,26.8,8.244465066973412,0.231,0.013015130325962737,0,,0.0,13.25,0.0,0.0,0.0,0.0,-5.197523053665911,-0.001
899,973896,4,2025-09-09,A,55.16081588102451,41-65,137301.1001515803,25-50%,1130607.6100897517,25-50%,214289.75162293023,25-50%,12.0,5.75,60.5,17.289388642600386,0.147,0.003734541390454614,0,,0.0,12.0,0.0,0.0,0.0,0.0,-5.197523053665911,-0.001
900,897039,4,2025-09-09,A,74.88115714086905,>65,83263.39365115999,0-25%,2089260.124678452,50-75%,1752211.7644694415,>75%,1.0,5.5,26.9,3.012372227672468,0.135,0.002138410273461317,0,,0.0,1.0,0.0,0.0,0.0,0.0,-5.197523053665911,-0.001
901,436139,4,2025-09-09,A,56.59973469429925,41-65,103367.62930682492,25-50%,192141.4925545892,0-25%,92457.27235466636,0-25%,6.25,8.5,91.0,2.216960204234632,0.208,0.010090809531473663,0,,0.0,6.25,0.0,0.0,0.0,0.0,-5.197523053665911,-0.001
902,415327,4,2025-09-09,A,53.22849909006395,41-65,3259046.451447348,>75%,991253.5772308764,25-50%,212994.9414639733,25-50%,5.0,4.75,4.1,9.991083920215123,0.22,0.02201910273723293,0,,0.0,5.0,0.0,0.0,0.0,0.0,-5.197523053665911,-0.001
903,949473,4,2025-09-09,A,35.868373814046265,18-40,244849.53985321207,50-75%,852575.3628788368,25-50%,275268.25485258497,25-50%,12.5,5.75,28.6,0.7508850066362421,0.281,0.019355555244494855,0,,0.0,12.5,0.0,0.0,0.0,0.0,-5.197523053665911,-0.001
904,624320,4,2025-09-09,A,40.66799646387654,18-40,44458.19482511817,0-25%,145163.18355592198,0-25%,11639.26881162538,0-25%,11.25,3.75,6.3,3.9635101711535823,0.21,0.013932895922208054,0,,0.0,11.25,0.0,0.0,0.0,0.0,-5.197523053665911,-0.001
905,184424,4,2025-09-09,A,67.76218848347646,>65,35091.1846822892,0-25%,233886.2096972805,0-25%,10677.215534915222,0-25%,7.75,14.25,15.6,9.188637466041865,0.129,0.0056187408667681725,0,,0.0,7.75,0.0,0.0,0.0,0.0,-5.197523053665911,-0.001
906,863291,4,2025-09-09,A,36.78008602094864,18-40,5399319.944617352,>75%,4567446.208634367,50-75%,46352.207220594064,0-25%,14.0,7.75,8.0,6.302900310418769,0.267,0.08977258488726493,0,,0.0,14.0,0.0,0.0,0.0,0.0,-5.197523053665911,-0.001
907,953327,4,2025-09-09,A,61.3675666046918,41-65,4052952.81671721,>75%,127086830.67165996,>75%,6557531.662768228,>75%,4.5,6.75,8.7,3.269076436710084,0.185,0.017804767326999014,0,,0.0,4.5,0.0,0.0,0.0,0.0,-5.197523053665911,-0.001
908,521818,4,2025-09-09,A,71.97952129332046,>65,1630818.4827545453,>75%,15163800.210394818,>75%,940214.5160964688,50-75%,6.75,1.25,3.4,16.98700444554341,0.195,0.0038667209681754115,0,,0.0,6.75,0.0,0.0,0.0,0.0,-5.197523053665911,-0.001
909,977332,4,2025-09-09,A,75.5165222531169,>65,158286.56841105077,25-50%,6377547.359391246,>75%,2812671.9203230096,>75%,5.5,5.75,14.7,7.843972650218007,0.104,0.0022449407658833697,0,,0.0,5.5,0.0,0.0,0.0,0.0,-5.197523053665911,-0.001
910,512585,4,2025-09-09,A,40.59555864609311,18-40,791439.3856671969,>75%,6204370.40046319,>75%,9842487.57839039,>75%,10.0,6.75,8.5,4.425396339576897,0.24,0.011118039733729851,0,,0.0,10.0,0.0,0.0,0.0,0.0,-5.197523053665911,-0.001
911,266440,4,2025-09-09,A,47.08768367425364,41-65,1487123.916240169,>75%,8282530.25291345,>75%,1370663.9206718013,50-75%,4.25,7.25,27.5,1.835929650178728,0.217,0.03276180947065307,0,,0.0,4.25,0.0,0.0,0.0,0.0,-5.197523053665911,-0.001
912,380665,4,2025-09-09,A,42.93983114844468,41-65,108031.40438822575,25-50%,1674464.7135895288,50-75%,237844.4424416076,25-50%,7.25,6.25,55.5,4.764263121625967,0.229,0.008426329489359664,0,,0.0,7.25,0.0,0.0,0.0,0.0,-5.197523053665911,-0.001
913,842719,4,2025-09-09,A,55.34971834313539,41-65,5032852.588981823,>75%,27401827.640599944,>75%,2114259.817900264,>75%,14.75,3.5,46.9,16.408231063887406,0.194,0.011380633530934443,0,,0.0,14.75,0.0,0.0,0.0,0.0,-5.197523053665911,-0.001
914,748424,4,2025-09-09,A,45.08130284078613,41-65,2278399.6530527063,>75%,36869718.80423511,>75%,7291095.792415906,>75%,8.75,2.5,77.7,10.580135493031134,0.213,0.01120544815599748,0,,0.0,8.75,0.0,0.0,0.0,0.0,-5.197523053665911,-0.001
915,467954,4,2025-09-09,A,60.46576358981928,41-65,333320.3550297167,50-75%,299471.0005042418,0-25%,666714.7903261983,50-75%,5.5,7.75,5.2,8.314264696487845,0.159,0.00917605236617966,0,,0.0,5.5,0.0,0.0,0.0,0.0,-5.197523053665911,-0.001
916,857506,4,2025-09-09,A,52.47079038400325,41-65,40375.6275484233,0-25%,287082.7786683397,0-25%,2227209.779970301,>75%,3.5,5.75,79.8,0.5072315210227053,0.2,0.004386190759150754,0,,0.0,3.5,0.0,0.0,0.0,0.0,-5.197523053665911,-0.001
917,696850,4,2025-09-09,A,39.13676993589308,18-40,58991.848187203264,0-25%,239149.09344217423,0-25%,74938.1631658692,0-25%,11.25,4.5,64.5,3.317581747161124,0.212,0.010263063281957481,0,,0.0,11.25,0.0,0.0,0.0,0.0,-5.197523053665911,-0.001
918,413168,4,2025-09-09,A,34.44962635103791,18-40,148702.7965219467,25-50%,141977.3688806662,0-25%,142616.52577202686,25-50%,7.25,8.75,11.3,0.2610625052242621,0.261,0.03963939832527756,0,,0.0,7.25,0.0,0.0,0.0,0.0,-5.197523053665911,-0.001
919,751588,4,2025-09-09,A,44.063753631441976,41-65,265892.65282756044,50-75%,351667.2973063017,0-25%,504613.0651770044,50-75%,6.5,6.5,12.0,2.6264045743695053,0.241,0.011525653323587228,0,,0.0,6.5,0.0,0.0,0.0,0.0,-5.197523053665911,-0.001
920,960976,4,2025-09-09,A,70.74080677249329,>65,177240.23410316376,25-50%,366594.12713955255,25-50%,200842.83465380737,25-50%,4.0,5.25,1.3,1.1422072709418778,0.156,0.006515680951312348,0,,0.0,4.0,0.0,0.0,0.0,0.0,-5.197523053665911,-0.001
921,695253,4,2025-09-09,A,26.365353622343218,18-40,36139.32721872805,0-25%,24613.08046954516,0-25%,14761.94964186732,0-25%,1.5,13.5,76.0,5.05445204822363,0.286,0.04093871721401904,0,,0.0,1.5,0.0,0.0,0.0,0.0,-5.197523053665911,-0.001
922,290779,4,2025-09-09,A,49.52782711945903,41-65,268037.83478494367,50-75%,1578158.7595409688,50-75%,1979410.9532251544,>75%,10.5,9.25,49.5,6.346619755722778,0.214,0.005507361746696767,0,,0.0,10.5,0.0,0.0,0.0,0.0,-5.197523053665911,-0.001
923,459637,4,2025-09-09,A,80.18551884512692,>65,152411.0779617777,25-50%,6476561.3350064885,>75%,1220697.89680809,50-75%,2.5,5.0,1.1,9.192589599798056,0.133,0.002080645558244779,0,,0.0,2.5,0.0,0.0,0.0,0.0,-5.197523053665911,-0.001
924,763305,4,2025-09-09,A,37.62320281618801,18-40,126149.54886821804,25-50%,705977.3992025866,25-50%,365412.1923000391,25-50%,2.25,5.75,29.7,2.7065081154651165,0.269,0.02349653259651341,0,,0.0,2.25,0.0,0.0,0.0,0.0,-5.197523053665911,-0.001
925,484853,4,2025-09-09,A,56.14800742249741,41-65,41411.44505846485,0-25%,64597.2099475904,0-25%,33713.11634413695,0-25%,7.25,11.75,4.9,2.811228521206337,0.204,0.010108408699831354,0,,0.0,7.25,0.0,0.0,0.0,0.0,-5.197523053665911,-0.001
926,182142,4,2025-09-09,A,60.11053930717282,41-65,83670.77822734124,0-25%,670827.6863416038,25-50%,386695.58937787154,25-50%,5.5,7.0,5.9,14.761006069377778,0.192,0.004881897616417603,0,,0.0,5.5,0.0,0.0,0.0,0.0,-5.197523053665911,-0.001
927,428536,4,2025-09-09,A,33.10291029120063,18-40,73040.6548409947,0-25%,63180.34451909911,0-25%,190404.34231580945,25-50%,5.25,9.0,22.9,7.813857441965101,0.258,0.023875406757708845,0,,0.0,5.25,0.0,0.0,0.0,0.0,-5.197523053665911,-0.001
928,221605,4,2025-09-09,A,51.84887428262015,41-65,141713.6018705474,25-50%,1023988.0194641876,25-50%,224924.28900505745,25-50%,11.75,10.5,56.8,8.946686439141088,0.197,0.005506313723546236,0,,0.0,11.75,0.0,0.0,0.0,0.0,-5.197523053665911,-0.001
929,467595,4,2025-09-09,A,74.76023551931873,>65,1500140.608503436,>75%,67712951.46197054,>75%,3448187.932004604,>75%,9.0,6.75,23.2,3.09327116769442,0.153,0.0033239515228179807,0,,0.0,9.0,0.0,0.0,0.0,0.0,-5.197523053665911,-0.001
930,741967,4,2025-09-09,A,43.23924819878894,41-65,39716.50571102798,0-25%,27306.546196749685,0-25%,34984.89356686757,0-25%,7.75,13.0,25.3,3.880679102111394,0.2,0.017550504087998544,0,,0.0,7.75,0.0,0.0,0.0,0.0,-5.197523053665911,-0.001
931,716484,4,2025-09-09,A,43.13838461125136,41-65,124295.64096980708,25-50%,1339032.978208649,50-75%,25455.94633733239,0-25%,10.5,5.5,16.6,10.207517840736916,0.199,0.013607373538140862,0,,0.0,10.5,0.0,0.0,0.0,0.0,-5.197523053665911,-0.001
932,411277,4,2025-09-09,A,56.49353636895274,41-65,131026.32394093776,25-50%,803781.8553847446,25-50%,2048578.2711181173,>75%,4.25,10.25,19.5,2.507443647762264,0.196,0.006557353919926288,0,,0.0,4.25,0.0,0.0,0.0,0.0,-5.197523053665911,-0.001
933,356627,4,2025-09-09,A,70.47466167130187,>65,55466.12936471509,0-25%,173314.24949618417,0-25%,61505.00356428848,0-25%,4.25,14.75,21.2,1.3615127196476584,0.153,0.0049158196501652915,0,,0.0,4.25,0.0,0.0,0.0,0.0,-5.197523053665911,-0.001
934,463778,4,2025-09-09,A,76.15168524778272,>65,74915.4769437794,0-25%,454555.2813097353,25-50%,241772.8129396504,25-50%,11.25,8.75,3.0,0.908813781691245,0.144,0.001639264048933816,0,,0.0,11.25,0.0,0.0,0.0,0.0,-5.197523053665911,-0.001
935,756427,4,2025-09-09,A,65.35581132354407,41-65,258970.24810003623,50-75%,8680953.369005127,>75%,3563811.457718434,>75%,5.25,10.0,101.0,1.2615035483134682,0.189,0.0043841812344974284,0,,0.0,5.25,0.0,0.0,0.0,0.0,-5.197523053665911,-0.001
936,785755,4,2025-09-09,A,27.612675887346924,18-40,2922441.0476780683,>75%,1463202.4127409682,50-75%,441060.3922996726,25-50%,15.25,15.0,41.4,6.130468919031736,0.29,0.06408788926024368,0,,0.0,15.25,0.0,0.0,0.0,0.0,-5.197523053665911,-0.001
937,259528,4,2025-09-09,A,38.713499976797245,18-40,73588.80354051536,0-25%,120891.6939440916,0-25%,28281.907627975936,0-25%,7.75,3.75,7.6,2.0404163546903917,0.246,0.016497931350849846,0,,0.0,7.75,0.0,0.0,0.0,0.0,-5.197523053665911,-0.001
938,725708,4,2025-09-09,A,46.93689410323103,41-65,867114.9644036216,>75%,14807501.63018762,>75%,169209.18644418413,25-50%,7.0,2.5,63.9,1.311268789529743,0.227,0.019681612233478397,0,,0.0,7.0,0.0,0.0,0.0,0.0,-5.197523053665911,-0.001
939,313175,4,2025-09-09,A,37.63821294403953,18-40,164948.8401887912,25-50%,953594.3648988042,25-50%,136750.75614403564,25-50%,10.25,9.75,36.0,0.6989843652430154,0.24,0.01714885547154056,0,,0.0,10.25,0.0,0.0,0.0,0.0,-5.197523053665911,-0.001
940,153380,4,2025-09-09,A,40.99806196699768,18-40,35050.16728982458,0-25%,38342.42580355069,0-25%,35843.19538233275,0-25%,13.75,6.0,66.3,9.67949402176972,0.277,0.007428641544687837,0,,0.0,13.75,0.0,0.0,0.0,0.0,-5.197523053665911,-0.001
941,894538,4,2025-09-09,A,52.47904989356845,41-65,1977209.4594345768,>75%,2567879.936324812,50-75%,1672286.3903678188,50-75%,8.5,2.75,66.6,6.035321308446826,0.2,0.011479348849336723,0,,0.0,8.5,0.0,0.0,0.0,0.0,-5.197523053665911,-0.001
942,464489,4,2025-09-09,A,48.54161883004226,41-65,90517.7786431546,0-25%,65987.35091561571,0-25%,24709.137539101856,0-25%,11.25,6.75,8.0,0.5854807486377133,0.224,0.011784965995414438,0,,0.0,11.25,0.0,0.0,0.0,0.0,-5.197523053665911,-0.001
943,845740,4,2025-09-09,A,68.04598594098394,>65,22087665.63871976,>75%,238183248.9951164,>75%,9019053.288617508,>75%,14.0,4.75,46.6,6.80734611792457,0.17,0.010642838681493247,0,,0.0,14.0,0.0,0.0,0.0,0.0,-5.197523053665911,-0.001
944,486976,4,2025-09-09,A,54.844605344666526,41-65,95134.79064481871,25-50%,259475.83110865165,0-25%,129412.4929682105,25-50%,11.75,12.75,52.7,14.504053536796675,0.18,0.007834765374125072,0,,0.0,11.75,0.0,0.0,0.0,0.0,-5.197523053665911,-0.001
945,889537,4,2025-09-09,A,32.22366819283805,18-40,864808.2320134519,>75%,1340585.0211299558,50-75%,129951.19799288549,25-50%,13.0,16.5,57.7,2.836559030203073,0.243,0.08028599098801693,1,2025-09-24,1.5,14.5,12972.123480201777,12972.123480201777,25944.246960403554,18.16097287228249,12.963449818616578,18.159972872282488
946,370622,4,2025-09-09,A,31.7981911328461,18-40,140892.76992081228,25-50%,1951668.021096852,50-75%,1158799.8297874555,50-75%,4.5,9.75,56.1,5.223620179685217,0.268,0.02287470835077573,0,,0.0,4.5,0.0,0.0,0.0,0.0,-5.197523053665911,-0.001
947,765141,4,2025-09-09,A,51.475429150598224,41-65,1742632.3326987831,>75%,1019811.8905588394,25-50%,476645.2126321571,25-50%,6.0,4.25,114.0,7.336226724101232,0.169,0.013214121424252602,0,,0.0,6.0,0.0,0.0,0.0,0.0,-5.197523053665911,-0.001
948,786032,4,2025-09-09,A,69.71869621302812,>65,5277524.153968849,>75%,133139120.87872404,>75%,5289630.266710582,>75%,5.75,12.0,10.3,0.964080134539484,0.166,0.01455869733431751,0,,0.0,5.75,0.0,0.0,0.0,0.0,-5.197523053665911,-0.001
949,896924,4,2025-09-09,A,55.19167256861288,41-65,103716.95500308134,25-50%,259371.40215726552,0-25%,118676.37828989394,0-25%,11.75,7.0,47.4,1.2267009409416758,0.215,0.005778887602883896,0,,0.0,11.75,0.0,0.0,0.0,0.0,-5.197523053665911,-0.001
950,444903,4,2025-09-09,A,48.56577531104805,41-65,7764281.063344375,>75%,12234670.313783228,>75%,8995228.364312697,>75%,7.0,3.25,21.6,4.300007532417386,0.176,0.020030155196072354,0,,0.0,7.0,0.0,0.0,0.0,0.0,-5.197523053665911,-0.001
951,868717,4,2025-09-09,A,34.685794189661856,18-40,175775.47949161023,25-50%,1327421.7286956091,50-75%,801336.3597990052,50-75%,9.0,4.0,90.8,4.580470146694278,0.258,0.011322683121775694,0,,0.0,9.0,0.0,0.0,0.0,0.0,-5.197523053665911,-0.001
952,940140,4,2025-09-09,A,49.8242318377778,41-65,52196.12379546593,0-25%,173229.7351280715,0-25%,211266.5912801156,25-50%,13.75,7.5,3.9,1.5031927658267878,0.231,0.005358173179188246,0,,0.0,13.75,0.0,0.0,0.0,0.0,-5.197523053665911,-0.001
953,879614,4,2025-09-09,A,51.72780389027843,41-65,311973.5057640318,50-75%,24013492.736712277,>75%,1349852.593508283,50-75%,9.75,8.75,7.2,14.152412961003416,0.185,0.005124306164786755,0,,0.0,9.75,0.0,0.0,0.0,0.0,-5.197523053665911,-0.001
954,890429,4,2025-09-09,A,70.19519478521067,>65,138402.6511010144,25-50%,19461010.144508537,>75%,2024741.3628918112,>75%,11.0,13.0,39.0,0.673326581904789,0.107,0.003397158688382914,0,,0.0,11.0,0.0,0.0,0.0,0.0,-5.197523053665911,-0.001
955,353673,4,2025-09-09,A,29.88797245440889,18-40,94178.25559862806,0-25%,79063.60936496787,0-25%,231513.8842192448,25-50%,5.75,4.75,25.8,2.577168275568124,0.289,0.017204217000092,0,,0.0,5.75,0.0,0.0,0.0,0.0,-5.197523053665911,-0.001
956,187138,4,2025-09-09,A,72.89712459444631,>65,99749.5668269702,25-50%,945936.7980712372,25-50%,9595353.786752287,>75%,10.75,7.25,3.1,3.132665098861726,0.13,0.0009223191322690603,0,,0.0,10.75,0.0,0.0,0.0,0.0,-5.197523053665911,-0.001
957,157102,4,2025-09-09,A,63.72114408565113,41-65,7494630.226941835,>75%,71833462.49427341,>75%,5228047.726057322,>75%,10.5,4.5,8.8,14.308411503859084,0.146,0.008307805574526551,0,,0.0,10.5,0.0,0.0,0.0,0.0,-5.197523053665911,-0.001
958,862174,4,2025-09-09,A,56.605257977568336,41-65,476036.6361060298,50-75%,8660192.684105245,>75%,578387.7839956634,50-75%,8.75,2.75,19.3,13.358015148168631,0.179,0.005779476336133382,0,,0.0,8.75,0.0,0.0,0.0,0.0,-5.197523053665911,-0.001
959,641280,4,2025-09-09,A,64.82001550416717,41-65,289818.40815712087,50-75%,2673739.169988374,50-75%,2453234.7880664663,>75%,5.5,7.25,11.1,3.3834679813308868,0.158,0.0058353168394474795,0,,0.0,5.5,0.0,0.0,0.0,0.0,-5.197523053665911,-0.001
960,102361,4,2025-09-09,A,76.15520857942494,>65,135269.78943614085,25-50%,3890249.2933538016,50-75%,351818.89726184425,25-50%,9.25,11.5,2.3,7.044103407553422,0.103,0.003350164182261221,0,,0.0,9.25,0.0,0.0,0.0,0.0,-5.197523053665911,-0.001
961,341068,4,2025-09-09,A,55.75666910221161,41-65,6435073.406497267,>75%,21466990.320787974,>75%,4393172.572555309,>75%,4.0,6.5,7.3,7.503266418006838,0.202,0.028230825125479052,0,,0.0,4.0,0.0,0.0,0.0,0.0,-5.197523053665911,-0.001
962,591018,4,2025-09-09,A,49.35133062284404,41-65,48443.825697756656,0-25%,137831.06902488173,0-25%,81451.61456835347,0-25%,2.25,13.0,35.2,2.4583916951075144,0.16,0.011922278269711475,0,,0.0,2.25,0.0,0.0,0.0,0.0,-5.197523053665911,-0.001
963,246677,4,2025-09-09,A,64.5246719617203,41-65,110927.14844802026,25-50%,1626285.1622813002,50-75%,925044.025602709,50-75%,11.75,6.25,79.6,4.921311688204777,0.146,0.0020210631446642606,0,,0.0,11.75,0.0,0.0,0.0,0.0,-5.197523053665911,-0.001
964,292536,4,2025-09-09,A,55.35832485712788,41-65,61172.97512033102,0-25%,453186.1297935173,25-50%,278931.5137000825,25-50%,12.75,6.25,22.0,13.44826833539181,0.197,0.0029150345805077408,0,,0.0,12.75,0.0,0.0,0.0,0.0,-5.197523053665911,-0.001
965,890617,4,2025-09-09,A,74.4453835342387,>65,3711589.1637897487,>75%,95449736.91745973,>75%,6004684.610594999,>75%,10.25,3.75,0.4,7.257808048408784,0.116,0.004193932469096235,0,,0.0,10.25,0.0,0.0,0.0,0.0,-5.197523053665911,-0.001
966,810548,4,2025-09-09,A,72.15825257225464,>65,774449.5341716511,>75%,4771189.488869822,50-75%,2854732.764417976,>75%,8.25,6.5,10.6,5.129244617201301,0.143,0.002880412245745463,0,,0.0,8.25,0.0,0.0,0.0,0.0,-5.197523053665911,-0.001
967,848087,4,2025-09-09,A,60.5318054181708,41-65,125094.60858660642,25-50%,492354.42315080704,25-50%,211920.3187771796,25-50%,4.75,2.75,148.0,9.230017164943554,0.156,0.002814063164586007,0,,0.0,4.75,0.0,0.0,0.0,0.0,-5.197523053665911,-0.001
968,618867,4,2025-09-09,A,49.79599689640671,41-65,203261.7974198258,50-75%,333853.0397558114,0-25%,329740.1821506501,25-50%,11.75,16.5,7.0,8.04519579869276,0.222,0.014763109593117898,0,,0.0,11.75,0.0,0.0,0.0,0.0,-5.197523053665911,-0.001
969,128668,4,2025-09-09,A,50.797577312448816,41-65,165758.4329107113,25-50%,932503.0855514696,25-50%,1153721.8945044037,50-75%,10.5,3.75,17.4,1.8231528768238872,0.227,0.005632543079080914,0,,0.0,10.5,0.0,0.0,0.0,0.0,-5.197523053665911,-0.001
970,988981,4,2025-09-09,A,66.54136688788827,>65,99151.39141383112,25-50%,126567.96475199211,0-25%,76298.973769529,0-25%,11.25,7.0,40.1,2.9728062852799524,0.154,0.0034188298321023458,0,,0.0,11.25,0.0,0.0,0.0,0.0,-5.197523053665911,-0.001
971,990494,4,2025-09-09,A,52.15128053690107,41-65,3277976.424202028,>75%,83597885.04433665,>75%,1648932.3602344356,50-75%,8.75,3.75,28.5,5.695175653146144,0.178,0.01586682210436259,0,,0.0,8.75,0.0,0.0,0.0,0.0,-5.197523053665911,-0.001
972,850679,4,2025-09-09,A,79.03687480205848,>65,316516.75192470266,50-75%,14507613.150580317,>75%,13415458.645117313,>75%,11.75,9.0,53.6,5.1991467768639845,0.131,0.0008938699361725292,0,,0.0,11.75,0.0,0.0,0.0,0.0,-5.197523053665911,-0.001
973,734616,4,2025-09-09,A,41.4825362448474,41-65,63149.65553787935,0-25%,269603.06426175137,0-25%,34410.14858255854,0-25%,12.75,8.0,51.7,1.1432107872433852,0.213,0.012063633480115257,0,,0.0,12.75,0.0,0.0,0.0,0.0,-5.197523053665911,-0.001
974,456619,4,2025-09-09,A,61.84019395891711,41-65,152778.9520120705,25-50%,541781.1305820649,25-50%,100781.52689692282,0-25%,7.5,12.25,7.0,0.6806457220254796,0.179,0.011103388546190314,0,,0.0,7.5,0.0,0.0,0.0,0.0,-5.197523053665911,-0.001
975,244876,4,2025-09-09,A,72.50597723001378,>65,6859896.651481804,>75%,58606500.74442663,>75%,3870226.705811041,>75%,7.25,3.75,14.3,2.46593207235632,0.124,0.0073093101784576725,0,,0.0,7.25,0.0,0.0,0.0,0.0,-5.197523053665911,-0.001
976,868059,4,2025-09-09,A,75.47995474715354,>65,2807422.6488477755,>75%,59231258.2217486,>75%,3876270.149901838,>75%,4.75,9.25,13.1,2.253844754918125,0.096,0.008537505265476236,0,,0.0,4.75,0.0,0.0,0.0,0.0,-5.197523053665911,-0.001
977,471872,4,2025-09-09,A,64.94561298554075,41-65,213381.79685908047,50-75%,573470.4356053576,25-50%,1867104.687843694,>75%,10.25,5.75,9.1,2.786726671758383,0.179,0.0027510944321902514,0,,0.0,10.25,0.0,0.0,0.0,0.0,-5.197523053665911,-0.001
978,873191,4,2025-09-09,A,52.70212591087657,41-65,273326.8359129727,50-75%,564456.970640426,25-50%,1168170.8338550169,50-75%,8.25,11.5,10.2,0.2528159054891074,0.216,0.013319764896616673,0,,0.0,8.25,0.0,0.0,0.0,0.0,-5.197523053665911,-0.001
979,534340,4,2025-09-09,A,62.349712154824765,41-65,148245.51686853875,25-50%,213053.45195449577,0-25%,355729.51280070527,25-50%,2.5,4.25,3.9,2.0129625093781045,0.166,0.007895611963431094,0,,0.0,2.5,0.0,0.0,0.0,0.0,-5.197523053665911,-0.001
980,272199,4,2025-09-09,A,56.29252149547384,41-65,226919.74922350817,50-75%,674518.2668100048,25-50%,30314.90571586128,0-25%,14.5,11.0,2.1,11.730716043279427,0.188,0.008724883032906203,0,,0.0,14.5,0.0,0.0,0.0,0.0,-5.197523053665911,-0.001
981,821908,4,2025-09-09,A,56.36972408965799,41-65,89961.91524868245,0-25%,4726862.885615344,50-75%,99510.89967756496,0-25%,9.5,10.25,13.5,8.978571226590029,0.227,0.009323062457405438,0,,0.0,9.5,0.0,0.0,0.0,0.0,-5.197523053665911,-0.001
982,550372,4,2025-09-09,A,69.14733782710223,>65,164100.036578005,25-50%,1176318.7498244536,25-50%,76469.07279922027,0-25%,9.25,6.0,16.7,10.700604766591866,0.15,0.0032230522672885412,0,,0.0,9.25,0.0,0.0,0.0,0.0,-5.197523053665911,-0.001
983,944028,4,2025-09-09,A,72.4765710304808,>65,403660.8612339844,50-75%,2209433.3177986024,50-75%,925054.9011066952,50-75%,4.25,11.0,13.2,1.581324830112716,0.111,0.005916450811469312,0,,0.0,4.25,0.0,0.0,0.0,0.0,-5.197523053665911,-0.001
984,759361,4,2025-09-09,A,60.48982912778592,41-65,124058.5432312754,25-50%,955282.6601815068,25-50%,164663.1098510905,25-50%,7.25,5.25,14.8,8.26759659647268,0.139,0.003982447283737839,0,,0.0,7.25,0.0,0.0,0.0,0.0,-5.197523053665911,-0.001
985,852135,4,2025-09-09,A,24.966068774435268,18-40,395138.52648270375,50-75%,887042.6918033994,25-50%,1343365.4518743332,50-75%,4.25,10.5,63.6,3.611804144824176,0.288,0.04920968557878326,0,,0.0,4.25,0.0,0.0,0.0,0.0,-5.197523053665911,-0.001
986,629764,4,2025-09-09,A,22.65812706032052,18-40,203418.57070632416,50-75%,786859.7299375993,25-50%,2522399.762176568,>75%,6.5,8.0,23.8,2.8557243343956245,0.256,0.04010342429241684,0,,0.0,6.5,0.0,0.0,0.0,0.0,-5.197523053665911,-0.001
987,761847,4,2025-09-09,A,53.09675999094692,41-65,76169.61267449695,0-25%,58582.70093907138,0-25%,7850.747586446316,0-25%,9.25,4.25,5.2,0.4362499264839124,0.193,0.01127210042114865,0,,0.0,9.25,0.0,0.0,0.0,0.0,-5.197523053665911,-0.001
988,945744,4,2025-09-09,A,61.1803310242459,41-65,123716.30211945986,25-50%,313230.9166149289,0-25%,636004.6550840585,50-75%,15.0,4.25,23.0,14.939344828917802,0.171,0.0023729862759380386,0,,0.0,15.0,0.0,0.0,0.0,0.0,-5.197523053665911,-0.001
989,803360,4,2025-09-09,A,27.27735614430874,18-40,168563.06995075534,25-50%,441881.48586056713,25-50%,308322.6118161728,25-50%,8.0,6.5,20.8,2.3775062295729588,0.273,0.024020660201670884,0,,0.0,8.0,0.0,0.0,0.0,0.0,-5.197523053665911,-0.001
990,385604,4,2025-09-09,A,57.83169474108837,41-65,99725.3430395023,25-50%,1450215.432779797,50-75%,3639572.6834494257,>75%,8.0,7.75,32.5,6.834675090356965,0.177,0.0020988617191182576,0,,0.0,8.0,0.0,0.0,0.0,0.0,-5.197523053665911,-0.001
991,704806,4,2025-09-09,A,45.99453389952002,41-65,265803.7434658556,50-75%,1930161.4589312356,50-75%,265622.10921712726,25-50%,5.75,11.75,31.2,1.6483918069061814,0.235,0.023445909285876178,0,,0.0,5.75,0.0,0.0,0.0,0.0,-5.197523053665911,-0.001
992,840183,4,2025-09-09,A,72.63671836756264,>65,257057.9114152956,50-75%,8075345.368117539,>75%,2131031.136725816,>75%,5.0,4.75,7.1,2.5172755829730917,0.144,0.001987160684665089,0,,0.0,5.0,0.0,0.0,0.0,0.0,-5.197523053665911,-0.001
993,762828,4,2025-09-09,A,28.70160619888141,18-40,2310601.118330256,>75%,16719322.690290015,>75%,848911.3939858389,50-75%,8.0,8.0,6.9,1.2794421720817049,0.311,0.0578057610860578,0,,0.0,8.0,0.0,0.0,0.0,0.0,-5.197523053665911,-0.001
994,825400,4,2025-09-09,A,72.53688526905952,>65,1272944.6267277717,>75%,8517402.34540141,>75%,6460366.943453504,>75%,3.0,10.25,31.6,9.183597219059871,0.151,0.005070136663986049,0,,0.0,3.0,0.0,0.0,0.0,0.0,-5.197523053665911,-0.001
995,738810,4,2025-09-09,A,41.44648677178882,41-65,50433.66785546311,0-25%,143425.98920980332,0-25%,109661.17610792253,0-25%,13.75,5.75,20.3,1.9219486286524017,0.207,0.008890996966466806,0,,0.0,13.75,0.0,0.0,0.0,0.0,-5.197523053665911,-0.001
996,864300,4,2025-09-09,A,55.90391588754695,41-65,47735.01477540648,0-25%,31828.333243923447,0-25%,10820.149579092944,0-25%,12.75,5.75,44.5,0.6082460496346227,0.197,0.006849287755894292,0,,0.0,12.75,0.0,0.0,0.0,0.0,-5.197523053665911,-0.001
997,321425,4,2025-09-09,A,69.11343407384538,>65,57040.9835714733,0-25%,4270025.514632861,50-75%,1619216.7489485913,50-75%,6.75,7.25,28.7,1.7380035390882242,0.155,0.0025383156798608523,0,,0.0,6.75,0.0,0.0,0.0,0.0,-5.197523053665911,-0.001
998,938263,4,2025-09-09,A,44.723457347112586,41-65,676646.7744316821,>75%,7981584.586305678,>75%,677630.1058529228,50-75%,11.25,10.25,2.7,7.985552706441666,0.241,0.013985254122157984,0,,0.0,11.25,0.0,0.0,0.0,0.0,-5.197523053665911,-0.001
999,320719,4,2025-09-09,A,52.12147300152839,41-65,93687.4389877428,0-25%,293552.7962646513,0-25%,142740.59003366937,25-50%,5.25,6.75,29.0,0.6649423618191312,0.221,0.01295973187575714,0,,0.0,5.25,0.0,0.0,0.0,0.0,-5.197523053665911,-0.001
1000,965680,4,2025-09-09,A,55.49867632567407,41-65,103747.77767523074,25-50%,32304.78137495933,0-25%,53493.29151759957,0-25%,3.75,4.0,11.5,0.2343809181959653,0.186,0.01482213921662444,0,,0.0,3.75,0.0,0.0,0.0,0.0,-5.197523053665911,-0.001
1001,257838,4,2025-09-09,A,54.051708477215776,41-65,326236.4031613292,50-75%,25740841.41381602,>75%,500889.21166168654,50-75%,9.0,12.5,21.7,1.9325170238715643,0.163,0.01514116759605032,0,,0.0,9.0,0.0,0.0,0.0,0.0,-5.197523053665911,-0.001
1002,237630,4,2025-09-09,A,64.92469833774251,41-65,113020.27012403196,25-50%,619524.5234359405,25-50%,104759.42206158218,0-25%,10.25,5.0,22.2,3.99609021052637,0.166,0.0037030870112699996,0,,0.0,10.25,0.0,0.0,0.0,0.0,-5.197523053665911,-0.001
1003,201997,4,2025-09-09,A,73.20153591560187,>65,58939.35390555456,0-25%,1624835.4532410544,50-75%,20108.545084678204,0-25%,8.25,3.0,5.4,2.9809074690276907,0.137,0.0027928207213504157,0,,0.0,8.25,0.0,0.0,0.0,0.0,-5.197523053665911,-0.001
1004,444582,4,2025-09-09,A,78.77283362239692,>65,138499.8994014879,25-50%,35734490.734321326,>75%,4103287.044243897,>75%,15.0,8.75,49.7,12.146051174262777,0.134,0.0006908352384024044,0,,0.0,15.0,0.0,0.0,0.0,0.0,-5.197523053665911,-0.001
1005,996789,4,2025-09-09,A,46.562410103518936,41-65,576877.3450899977,>75%,1379450.5828870311,50-75%,1070035.1680460088,50-75%,7.75,13.25,58.6,8.830333552563602,0.233,0.018683543676536518,0,,0.0,7.75,0.0,0.0,0.0,0.0,-5.197523053665911,-0.001
1006,767284,4,2025-09-09,A,84.25765865551898,>65,835183.0431889375,>75%,15145367.851545451,>75%,2671478.9441720336,>75%,7.5,8.75,5.0,4.286163920872776,0.094,0.003380048999143816,0,,0.0,7.5,0.0,0.0,0.0,0.0,-5.197523053665911,-0.001
1007,100069,4,2025-09-09,A,64.86739756094838,41-65,730437.9222321701,>75%,4509030.806841827,50-75%,1873360.635868915,>75%,4.5,6.75,18.2,13.854842286135838,0.152,0.0070069193914845855,0,,0.0,4.5,0.0,0.0,0.0,0.0,-5.197523053665911,-0.001
1008,875105,4,2025-09-09,A,36.34916502287742,18-40,175436.45409124548,25-50%,1546324.5806956808,50-75%,942052.6044036604,50-75%,13.5,7.0,30.0,1.9494706071074592,0.293,0.012123783802926816,0,,0.0,13.5,0.0,0.0,0.0,0.0,-5.197523053665911,-0.001
1009,510516,4,2025-09-09,A,81.45171079923827,>65,467790.0214506565,50-75%,5714647.610585784,50-75%,1642498.1381990202,50-75%,8.25,10.75,105.9,0.3620155617273572,0.116,0.0030259970898429676,0,,0.0,8.25,0.0,0.0,0.0,0.0,-5.197523053665911,-0.001
1010,502758,4,2025-09-09,A,78.02413950643039,>65,1416873.7650194685,>75%,113038641.66876502,>75%,5698391.79240217,>75%,11.5,7.0,67.4,2.0180722951742185,0.106,0.0023132739089558375,0,,0.0,11.5,0.0,0.0,0.0,0.0,-5.197523053665911,-0.001
1011,570658,4,2025-09-09,A,23.552076536545385,18-40,54700.29978560378,0-25%,26779.300067432134,0-25%,84311.00006371288,0-25%,4.0,9.25,45.3,1.94107182922022,0.306,0.04430991715587628,0,,0.0,4.0,0.0,0.0,0.0,0.0,-5.197523053665911,-0.001
1012,600232,4,2025-09-09,A,37.7484241050897,18-40,2086703.17601356,>75%,44475162.38800958,>75%,5527263.9867075775,>75%,10.75,3.25,16.0,17.037017804723266,0.285,0.015911170811879306,0,,0.0,10.75,0.0,0.0,0.0,0.0,-5.197523053665911,-0.001
1013,869353,4,2025-09-09,A,54.64491133530454,41-65,848530.2139277033,>75%,8316245.222093899,>75%,570627.3698443575,50-75%,6.25,6.25,48.3,0.2255270454831556,0.202,0.010805450346314468,0,,0.0,6.25,0.0,0.0,0.0,0.0,-5.197523053665911,-0.001
1014,841274,4,2025-09-09,A,66.24869432511782,>65,279105.2651539594,50-75%,2750734.669408983,50-75%,136699.19506789857,25-50%,2.5,4.25,3.2,5.200159049102189,0.15,0.009742922631629437,0,,0.0,2.5,0.0,0.0,0.0,0.0,-5.197523053665911,-0.001
1015,782716,4,2025-09-09,A,61.61443051387445,41-65,194078.6150469596,50-75%,1137633.836843717,25-50%,1404612.514598289,50-75%,4.5,10.25,0.5,10.607678366211571,0.162,0.0055363317690823675,0,,0.0,4.5,0.0,0.0,0.0,0.0,-5.197523053665911,-0.001
1016,383482,4,2025-09-09,A,51.12967330492096,41-65,103201.39380895998,25-50%,680038.6004755564,25-50%,231646.90089468905,25-50%,4.75,7.0,50.2,9.19229474553383,0.204,0.009896033529460665,0,,0.0,4.75,0.0,0.0,0.0,0.0,-5.197523053665911,-0.001
1017,960827,4,2025-09-09,A,72.12355748829015,>65,214709.8225215084,50-75%,23114168.12336112,>75%,4680283.454036244,>75%,10.5,5.5,36.2,18.36086583283856,0.166,0.0010007695433272836,0,,0.0,10.5,0.0,0.0,0.0,0.0,-5.197523053665911,-0.001
1018,491611,4,2025-09-09,A,45.6708770456556,41-65,82928.00786917267,0-25%,367197.5273025271,25-50%,405724.5201208855,25-50%,4.75,6.0,5.7,16.57687707095711,0.241,0.009512636477279233,0,,0.0,4.75,0.0,0.0,0.0,0.0,-5.197523053665911,-0.001
1019,154999,4,2025-09-09,A,33.81074857251418,18-40,112398.64008515896,25-50%,986114.1812842012,25-50%,341671.6880769502,25-50%,4.0,9.25,16.6,1.0710388152806656,0.244,0.029257841841142503,0,,0.0,4.0,0.0,0.0,0.0,0.0,-5.197523053665911,-0.001
1020,646959,4,2025-09-09,A,36.62888527622653,18-40,204619.93914417017,50-75%,1262709.3882697995,50-75%,3077069.0141077205,>75%,5.0,14.25,0.7,2.411052718447854,0.271,0.0205019577963205,0,,0.0,5.0,0.0,0.0,0.0,0.0,-5.197523053665911,-0.001
1021,312598,4,2025-09-09,A,48.87474647336314,41-65,40678.23742818763,0-25%,31323.40320261,0-25%,49623.378301886085,0-25%,11.25,14.5,33.9,11.699501254992375,0.179,0.01002511235887535,1,2025-09-24,1.25,12.5,508.47796785234544,508.47796785234544,1016.9559357046909,0.7118691549932837,-4.485653898672627,0.7108691549932837
1022,817078,4,2025-09-09,A,46.86305281470232,41-65,100322.6530440994,25-50%,1112920.0502122538,25-50%,1098377.6290518304,50-75%,6.25,13.25,3.2,2.979075875882548,0.207,0.011077222797992793,0,,0.0,6.25,0.0,0.0,0.0,0.0,-5.197523053665911,-0.001
1023,609151,4,2025-09-09,A,71.23076047123489,>65,144269.84802414442,25-50%,8552034.67656019,>75%,735254.3254205706,50-75%,8.75,6.5,0.1,3.2082342909792985,0.129,0.002084440577357934,0,,0.0,8.75,0.0,0.0,0.0,0.0,-5.197523053665911,-0.001
1024,736709,4,2025-09-09,A,58.05363842084446,41-65,3472390.830249852,>75%,6448008.060200256,>75%,741384.529071925,50-75%,4.75,9.0,7.5,0.0905870457962535,0.169,0.03397341259442029,0,,0.0,4.75,0.0,0.0,0.0,0.0,-5.197523053665911,-0.001
1025,608030,4,2025-09-09,A,30.64293513875675,18-40,149388.22736908807,25-50%,86269.50482724259,0-25%,52579.75277278477,0-25%,17.0,10.25,3.5,0.297827653884117,0.244,0.0307346986477489,0,,0.0,17.0,0.0,0.0,0.0,0.0,-5.197523053665911,-0.001
1026,131692,4,2025-09-09,A,70.6060896380482,>65,90191.68845611412,0-25%,802500.0328349331,25-50%,355439.1532388111,25-50%,9.5,7.25,0.9,4.001253014337361,0.176,0.0020091534959533267,0,,0.0,9.5,0.0,0.0,0.0,0.0,-5.197523053665911,-0.001
1027,691877,4,2025-09-09,A,36.3610691827726,18-40,116253.40949126928,25-50%,260936.79738259956,0-25%,456628.4525641751,25-50%,13.25,4.25,9.0,1.0667872748540532,0.258,0.01264460384368759,0,,0.0,13.25,0.0,0.0,0.0,0.0,-5.197523053665911,-0.001
1028,596386,4,2025-09-09,A,48.59362674894597,41-65,141369.4053813935,25-50%,925148.1515010452,25-50%,37355.68246667477,0-25%,9.5,7.75,21.0,16.53406204479856,0.2,0.008518628285064632,0,,0.0,9.5,0.0,0.0,0.0,0.0,-5.197523053665911,-0.001
1029,476670,4,2025-09-09,A,74.59709915378387,>65,103845.90348963988,25-50%,1528982.100662582,50-75%,370140.2229478736,25-50%,9.5,3.75,61.7,5.439417511827997,0.118,0.0014760885820902644,0,,0.0,9.5,0.0,0.0,0.0,0.0,-5.197523053665911,-0.001
1030,205102,4,2025-09-09,A,67.33617937535072,>65,95140.42593319558,25-50%,645429.307456767,25-50%,11529.722464431316,0-25%,12.0,3.75,3.5,1.046399796389362,0.198,0.005516337876640999,0,,0.0,12.0,0.0,0.0,0.0,0.0,-5.197523053665911,-0.001
1031,301031,4,2025-09-09,A,71.00670399174463,>65,214813.3682368148,50-75%,34946754.26763869,>75%,1386322.614412313,50-75%,11.75,2.5,10.0,12.537990982329005,0.158,0.0016911311645270077,0,,0.0,11.75,0.0,0.0,0.0,0.0,-5.197523053665911,-0.001
1032,926173,4,2025-09-09,A,65.86520071832005,41-65,30023.956020561352,0-25%,422784.3737402693,25-50%,321310.8019646075,25-50%,9.75,14.75,48.1,8.401909101219276,0.148,0.002615125256275009,0,,0.0,9.75,0.0,0.0,0.0,0.0,-5.197523053665911,-0.001
1033,888426,4,2025-09-09,A,67.85916034361844,>65,2090868.9498105885,>75%,18520003.492106117,>75%,9625322.313107751,>75%,7.25,12.0,24.0,4.033675118914496,0.156,0.008445862531085868,0,,0.0,7.25,0.0,0.0,0.0,0.0,-5.197523053665911,-0.001
1034,910033,4,2025-09-09,A,73.08216611096361,>65,116439.12409224092,25-50%,3884729.614507532,50-75%,1525723.8747335582,50-75%,9.75,8.5,130.9,12.469202756839236,0.164,0.0008931017234853565,0,,0.0,9.75,0.0,0.0,0.0,0.0,-5.197523053665911,-0.001
1035,442302,4,2025-09-09,A,39.564077937658624,18-40,178328.84266711457,25-50%,1033597.922871364,25-50%,497640.8798334027,50-75%,5.75,11.75,15.5,4.510629731363774,0.234,0.02279801432018519,0,,0.0,5.75,0.0,0.0,0.0,0.0,-5.197523053665911,-0.001
1036,840158,4,2025-09-09,A,37.26646484604919,18-40,215851.052723072,50-75%,816873.7065991686,25-50%,20460.781873044773,0-25%,6.25,8.25,11.9,4.588018522365148,0.245,0.054697760424949816,0,,0.0,6.25,0.0,0.0,0.0,0.0,-5.197523053665911,-0.001
1037,952049,4,2025-09-09,A,65.93292196772161,41-65,523967.3405806672,>75%,6535288.827965501,>75%,624398.3020378584,50-75%,2.0,7.5,11.3,2.131781505083562,0.163,0.009940344014036533,0,,0.0,2.0,0.0,0.0,0.0,0.0,-5.197523053665911,-0.001
1038,476708,4,2025-09-09,A,62.75415989921115,41-65,264928.6595288255,50-75%,44819494.46416386,>75%,4198408.8847184,>75%,7.25,5.0,32.6,8.630220216121486,0.151,0.0023271813577763344,0,,0.0,7.25,0.0,0.0,0.0,0.0,-5.197523053665911,-0.001
1039,558140,4,2025-09-09,A,70.10166114601446,>65,351839.24523116456,50-75%,85015719.8326342,>75%,1824256.0465637613,>75%,6.0,6.25,41.6,1.0452330362374571,0.176,0.005180438578571169,0,,0.0,6.0,0.0,0.0,0.0,0.0,-5.197523053665911,-0.001
1040,263452,4,2025-09-09,A,59.48085929139589,41-65,271999.48363668245,50-75%,1893096.4730950445,50-75%,729550.8366560302,50-75%,8.25,4.0,12.3,0.5605354491691494,0.209,0.005207710492925664,0,,0.0,8.25,0.0,0.0,0.0,0.0,-5.197523053665911,-0.001
1041,573828,4,2025-09-09,A,60.30770432114077,41-65,719741.1507286453,>75%,5526411.872092773,50-75%,941097.2227649646,50-75%,12.5,4.25,21.8,0.2275377005691953,0.212,0.007154899128023697,0,,0.0,12.5,0.0,0.0,0.0,0.0,-5.197523053665911,-0.001
1042,103588,4,2025-09-09,A,42.43915501777578,41-65,376407.2552133933,50-75%,319297.0730663262,0-25%,357792.00098984904,25-50%,9.5,10.25,22.8,6.320516504066342,0.243,0.027574344442924205,0,,0.0,9.5,0.0,0.0,0.0,0.0,-5.197523053665911,-0.001
1043,658967,4,2025-09-09,A,33.21143513009661,18-40,198488.4964701396,50-75%,208055.69907156547,0-25%,43621.03111336,0-25%,6.5,8.75,26.7,10.8542167343096,0.254,0.045803316603970835,0,,0.0,6.5,0.0,0.0,0.0,0.0,-5.197523053665911,-0.001
1044,935192,4,2025-09-09,A,56.57864065154145,41-65,96633.37005336364,25-50%,189902.7884261903,0-25%,90753.78745887952,0-25%,9.0,6.75,1.1,0.5462497934455721,0.201,0.006187418228363223,0,,0.0,9.0,0.0,0.0,0.0,0.0,-5.197523053665911,-0.001
1045,979584,4,2025-09-09,A,76.40694892012465,>65,448142.75507872994,50-75%,7579648.41080708,>75%,2383568.519193597,>75%,4.0,13.75,26.4,5.456022588109323,0.155,0.0036456484550304335,0,,0.0,4.0,0.0,0.0,0.0,0.0,-5.197523053665911,-0.001
1046,921918,4,2025-09-09,A,49.068476258188426,41-65,85023.53420337851,0-25%,104860.27958083931,0-25%,48567.18929873713,0-25%,4.5,4.5,105.1,0.7524927335791497,0.216,0.007898231907001391,0,,0.0,4.5,0.0,0.0,0.0,0.0,-5.197523053665911,-0.001
1047,295604,4,2025-09-09,A,53.227336063837285,41-65,177318.55868609963,25-50%,531311.8945941343,25-50%,372402.3620324814,25-50%,2.5,8.75,119.6,7.243654126669536,0.197,0.009289575654549888,0,,0.0,2.5,0.0,0.0,0.0,0.0,-5.197523053665911,-0.001
1048,763896,4,2025-09-09,A,35.88995161814048,18-40,123797.5930092991,25-50%,262767.8635255227,0-25%,85613.01074352564,0-25%,5.0,9.5,22.8,1.1401553895080732,0.271,0.0364583661601302,0,,0.0,5.0,0.0,0.0,0.0,0.0,-5.197523053665911,-0.001
1049,173432,4,2025-09-09,A,50.83299604187417,41-65,46916.91119431913,0-25%,953388.1811973752,25-50%,561019.8521543916,50-75%,10.75,3.0,13.4,23.26921844953016,0.187,0.0022208017970445438,0,,0.0,10.75,0.0,0.0,0.0,0.0,-5.197523053665911,-0.001
1050,572657,4,2025-09-09,A,57.27055222655179,41-65,189023.93572470345,50-75%,901878.331307144,25-50%,218903.58096035512,25-50%,10.75,6.75,1.8,0.9990371755729706,0.151,0.006525915581329656,0,,0.0,10.75,0.0,0.0,0.0,0.0,-5.197523053665911,-0.001
1051,760172,4,2025-09-09,A,52.97532635096406,41-65,210712.93397598623,50-75%,1881351.3549304265,50-75%,882508.0077619348,50-75%,10.5,5.75,7.0,12.141544145732205,0.173,0.004680311673154647,0,,0.0,10.5,0.0,0.0,0.0,0.0,-5.197523053665911,-0.001
1052,778730,4,2025-09-09,A,58.0800635089394,41-65,339233.23190118634,50-75%,3817541.5347369183,50-75%,340345.1100050404,25-50%,8.0,10.0,20.2,0.6604076873180349,0.187,0.014178920001711582,0,,0.0,8.0,0.0,0.0,0.0,0.0,-5.197523053665911,-0.001
1053,938046,4,2025-09-09,A,23.70899416600523,18-40,105673.383286406,25-50%,539125.5376232405,25-50%,500942.1940785304,50-75%,5.25,7.5,18.6,1.3340689500043703,0.256,0.04261405294933858,0,,0.0,5.25,0.0,0.0,0.0,0.0,-5.197523053665911,-0.001
1054,145671,4,2025-09-09,A,64.29583524031948,41-65,69692.5083764204,0-25%,360423.6186969648,25-50%,114670.4285082526,0-25%,6.75,9.0,88.4,3.4797769183138247,0.19,0.005358348533106079,0,,0.0,6.75,0.0,0.0,0.0,0.0,-5.197523053665911,-0.001
1055,635047,4,2025-09-09,A,58.27874648767055,41-65,3482861.947006169,>75%,1589659.1722224012,50-75%,346207.80782660947,25-50%,6.0,7.5,8.0,0.7504537793704721,0.17,0.03887261434910675,0,,0.0,6.0,0.0,0.0,0.0,0.0,-5.197523053665911,-0.001
1056,252655,4,2025-09-09,A,58.10396085700947,41-65,1535515.3773472118,>75%,5063359.881939882,50-75%,3235702.852534452,>75%,4.0,8.0,10.1,4.426424870846691,0.219,0.015536889420376943,0,,0.0,4.0,0.0,0.0,0.0,0.0,-5.197523053665911,-0.001
1057,108681,4,2025-09-09,A,73.85982164172573,>65,171922.88125564525,25-50%,2249941.5964738675,50-75%,660431.7520135541,50-75%,7.25,6.0,46.0,2.242398726806333,0.117,0.0018845573100679627,0,,0.0,7.25,0.0,0.0,0.0,0.0,-5.197523053665911,-0.001
1058,899301,4,2025-09-09,A,71.0473801293082,>65,94422.8007050297,0-25%,3556761.7620808594,50-75%,96832.50522879689,0-25%,12.5,6.75,0.2,10.264057632852507,0.176,0.002280058307848426,0,,0.0,12.5,0.0,0.0,0.0,0.0,-5.197523053665911,-0.001
1059,988127,4,2025-09-09,A,77.23551074321524,>65,173368.15607006304,25-50%,15731669.164788475,>75%,8133548.245567694,>75%,5.0,10.5,7.8,4.275383633809248,0.126,0.0018826328851890952,0,,0.0,5.0,0.0,0.0,0.0,0.0,-5.197523053665911,-0.001
1060,731689,4,2025-09-09,A,57.881966844507126,41-65,114151.36524936125,25-50%,846214.8623171534,25-50%,1612739.753974889,50-75%,5.0,5.75,23.8,4.804239109032252,0.21,0.005675381511251554,0,,0.0,5.0,0.0,0.0,0.0,0.0,-5.197523053665911,-0.001
1061,953528,4,2025-09-09,A,36.094459738110565,18-40,190341.12557405603,50-75%,296314.47644595493,0-25%,1633823.632864472,50-75%,5.25,9.75,8.7,8.219451770922786,0.274,0.019930993390541208,0,,0.0,5.25,0.0,0.0,0.0,0.0,-5.197523053665911,-0.001
1062,646405,4,2025-09-09,A,31.391449438202613,18-40,131151.57994904037,25-50%,257844.04195933268,0-25%,351456.79832184943,25-50%,11.75,6.25,7.9,3.197855428233693,0.269,0.0171748370046286,0,,0.0,11.75,0.0,0.0,0.0,0.0,-5.197523053665911,-0.001
1063,545930,4,2025-09-09,A,48.76630478029746,41-65,10432198.724920662,>75%,58318882.71048696,>75%,1883287.1172943,>75%,7.5,6.75,1.2,13.84598785766862,0.2,0.025912411805867085,0,,0.0,7.5,0.0,0.0,0.0,0.0,-5.197523053665911,-0.001
1064,987466,4,2025-09-09,A,32.17563076670293,18-40,356837.8551689408,50-75%,366743.27047218266,25-50%,500294.3316299088,50-75%,5.5,1.5,9.6,6.265227818729238,0.233,0.021774689165115678,0,,0.0,5.5,0.0,0.0,0.0,0.0,-5.197523053665911,-0.001
1065,998958,4,2025-09-09,A,71.78873856880703,>65,327070.24172665406,50-75%,2762337.8741860893,50-75%,1345740.180270895,50-75%,7.0,6.5,18.5,0.6544275788645514,0.174,0.002612682357656883,0,,0.0,7.0,0.0,0.0,0.0,0.0,-5.197523053665911,-0.001
1066,959824,4,2025-09-09,A,70.81883424294963,>65,169804.5427377904,25-50%,1268551.3758152986,50-75%,4389322.617464413,>75%,13.75,11.0,48.0,3.2070442896314257,0.144,0.0014013485289717928,0,,0.0,13.75,0.0,0.0,0.0,0.0,-5.197523053665911,-0.001
1067,722991,4,2025-09-09,A,62.17194965436467,41-65,115711.20634717708,25-50%,511340.9076383261,25-50%,144114.8835839567,25-50%,9.5,8.25,31.7,1.0488028518739494,0.14,0.004236493863556092,0,,0.0,9.5,0.0,0.0,0.0,0.0,-5.197523053665911,-0.001
1068,482578,4,2025-09-09,A,45.95334011289426,41-65,62433.77973343922,0-25%,226898.0674901606,0-25%,15236.078591559157,0-25%,9.0,6.5,20.3,11.701419739848994,0.243,0.009362636151554903,0,,0.0,9.0,0.0,0.0,0.0,0.0,-5.197523053665911,-0.001
1069,501422,4,2025-09-09,A,32.88256568484864,18-40,1010650.6102896896,>75%,1990170.691586898,50-75%,534391.5578627505,50-75%,8.75,7.75,30.6,11.580931710417683,0.277,0.027270414992045088,0,,0.0,8.75,0.0,0.0,0.0,0.0,-5.197523053665911,-0.001
1070,377612,4,2025-09-09,A,38.40694943831721,18-40,98105.19339456878,25-50%,386366.3765116272,25-50%,72710.91691368792,0-25%,13.5,11.0,22.1,3.382319670095276,0.253,0.014528424593631467,0,,0.0,13.5,0.0,0.0,0.0,0.0,-5.197523053665911,-0.001
1071,624134,4,2025-09-09,A,26.49274425670584,18-40,248854.2478589927,50-75%,434141.05373900366,25-50%,1294840.4966674473,50-75%,4.25,11.0,17.3,7.786584171201649,0.287,0.037472113422663864,0,,0.0,4.25,0.0,0.0,0.0,0.0,-5.197523053665911,-0.001
1072,134322,4,2025-09-09,A,70.59546921717637,>65,35662.756761863806,0-25%,555991.3951978182,25-50%,1611680.0936116008,50-75%,4.5,7.0,0.1,0.116715205716956,0.16,0.002117296647312203,0,,0.0,4.5,0.0,0.0,0.0,0.0,-5.197523053665911,-0.001
1073,161351,4,2025-09-09,A,56.93496271836837,41-65,185776.27168537947,50-75%,768439.9499424322,25-50%,513328.4343248309,50-75%,8.75,8.5,10.7,24.820733199530345,0.207,0.002942975300496989,0,,0.0,8.75,0.0,0.0,0.0,0.0,-5.197523053665911,-0.001
1074,739263,4,2025-09-09,A,62.21045140749184,41-65,134575.5106364367,25-50%,676983.8368362706,25-50%,787519.5241385814,50-75%,11.5,12.5,52.5,14.85598210180136,0.125,0.00420199449757672,0,,0.0,11.5,0.0,0.0,0.0,0.0,-5.197523053665911,-0.001
1075,320049,4,2025-09-09,A,46.05704429950958,41-65,81822.78275204582,0-25%,396432.1082215305,25-50%,71120.71683833597,0-25%,7.0,10.75,46.0,8.652919561157864,0.191,0.015237267860721361,0,,0.0,7.0,0.0,0.0,0.0,0.0,-5.197523053665911,-0.001
1076,172280,4,2025-09-09,A,64.22159026666284,41-65,50958.65750866951,0-25%,91745.12434991496,0-25%,130903.66467065483,25-50%,14.25,7.0,77.3,3.0029891201830923,0.169,0.0023629076682989397,0,,0.0,14.25,0.0,0.0,0.0,0.0,-5.197523053665911,-0.001
1077,489032,4,2025-09-09,A,71.31053000526899,>65,303313.1546285052,50-75%,13489148.756540462,>75%,10171539.60581436,>75%,2.5,1.5,7.8,2.0971832338249885,0.133,0.0016360796026219078,0,,0.0,2.5,0.0,0.0,0.0,0.0,-5.197523053665911,-0.001
1078,765042,4,2025-09-09,A,66.34174927184192,>65,394181.85444549087,50-75%,98984217.48085406,>75%,7565877.683480777,>75%,8.25,4.75,19.6,1.1532595414953295,0.135,0.002518746151096157,0,,0.0,8.25,0.0,0.0,0.0,0.0,-5.197523053665911,-0.001
1079,619674,4,2025-09-09,A,62.309360421116224,41-65,176583.90406156814,25-50%,2602914.6505104154,50-75%,893617.7464092562,50-75%,4.25,9.25,24.5,4.368512910519764,0.159,0.006313833760856118,0,,0.0,4.25,0.0,0.0,0.0,0.0,-5.197523053665911,-0.001
1080,313614,4,2025-09-09,A,35.7691934101393,18-40,94635.77062581436,25-50%,436920.166144838,25-50%,680663.2677005214,50-75%,8.75,3.75,10.5,5.9150945769614856,0.263,0.009639954170266937,0,,0.0,8.75,0.0,0.0,0.0,0.0,-5.197523053665911,-0.001
1081,662523,4,2025-09-09,A,64.34962538546202,41-65,1582036.295670484,>75%,23409468.664213635,>75%,2246751.093887676,>75%,9.5,16.75,69.3,0.3429653734723178,0.183,0.012266483088219855,0,,0.0,9.5,0.0,0.0,0.0,0.0,-5.197523053665911,-0.001
1082,939335,4,2025-09-09,A,72.47588743388434,>65,671563.0033081765,>75%,41082420.00000335,>75%,3979539.196074959,>75%,13.75,10.5,19.2,0.3592562965564636,0.1,0.0027443457369897865,0,,0.0,13.75,0.0,0.0,0.0,0.0,-5.197523053665911,-0.001
1083,560388,4,2025-09-09,A,70.38695373144239,>65,605131.0285403862,>75%,3906459.163102605,50-75%,992066.1789992162,50-75%,5.0,11.0,5.2,0.5864229006682501,0.132,0.008050824517077905,0,,0.0,5.0,0.0,0.0,0.0,0.0,-5.197523053665911,-0.001
1084,139860,4,2025-09-09,A,61.64387701603207,41-65,108036.8493788221,25-50%,8349529.0034396,>75%,4002336.417132637,>75%,8.25,0.75,66.4,10.052685333414168,0.181,0.001511066434375853,0,,0.0,8.25,0.0,0.0,0.0,0.0,-5.197523053665911,-0.001
1085,879557,4,2025-09-09,A,49.20899625887245,41-65,56729.71133452372,0-25%,144275.9291782615,0-25%,99340.72003124047,0-25%,5.0,9.25,38.2,1.241983788189012,0.169,0.01262230056628937,0,,0.0,5.0,0.0,0.0,0.0,0.0,-5.197523053665911,-0.001
1086,745437,4,2025-09-09,A,75.08195269718166,>65,4483834.00517411,>75%,187524691.1168957,>75%,5959140.276009545,>75%,8.0,13.0,11.8,1.402972950233342,0.122,0.009962845977558053,0,,0.0,8.0,0.0,0.0,0.0,0.0,-5.197523053665911,-0.001
1087,681484,4,2025-09-09,A,42.6050333542233,41-65,217497.79037419087,50-75%,778351.9810365355,25-50%,397159.4534137059,25-50%,6.25,9.25,0.8,4.122445431914779,0.234,0.023306295870860267,0,,0.0,6.25,0.0,0.0,0.0,0.0,-5.197523053665911,-0.001
1088,716977,4,2025-09-09,A,39.53130618130117,18-40,203637.013396084,50-75%,175825.4362102343,0-25%,153942.2738996945,25-50%,11.25,8.0,3.3,12.51818836849881,0.228,0.013242261926364126,0,,0.0,11.25,0.0,0.0,0.0,0.0,-5.197523053665911,-0.001
1089,216415,4,2025-09-09,A,45.734714643554746,41-65,234586.81333074972,50-75%,1166179.3015693708,25-50%,566782.6010612692,50-75%,5.5,6.25,13.8,12.75763720508685,0.19,0.015005056337423186,0,,0.0,5.5,0.0,0.0,0.0,0.0,-5.197523053665911,-0.001
1090,128875,4,2025-09-09,A,37.77649813111225,18-40,100519.93531329514,25-50%,306648.1291356965,0-25%,133282.57432546583,25-50%,12.25,10.75,24.4,11.192916953490595,0.247,0.010875128216383341,0,,0.0,12.25,0.0,0.0,0.0,0.0,-5.197523053665911,-0.001
1091,812584,4,2025-09-09,A,53.114380295970165,41-65,273965.84241997515,50-75%,43684460.50389806,>75%,3863887.485731525,>75%,13.25,6.5,33.4,11.389714468176962,0.189,0.003645199508491945,0,,0.0,13.25,0.0,0.0,0.0,0.0,-5.197523053665911,-0.001
1092,583938,4,2025-09-09,A,30.90051773983301,18-40,149400.38462048187,25-50%,528797.6454700261,25-50%,605403.3921732461,50-75%,5.25,4.75,21.1,5.685068045879652,0.257,0.015153624832133698,0,,0.0,5.25,0.0,0.0,0.0,0.0,-5.197523053665911,-0.001
1093,360828,4,2025-09-09,A,45.14533759040475,41-65,411266.2713905852,50-75%,1485881.9941922335,50-75%,1379629.990382947,50-75%,13.0,4.75,56.8,3.4252716356327526,0.213,0.009500548504146661,0,,0.0,13.0,0.0,0.0,0.0,0.0,-5.197523053665911,-0.001
1094,618534,4,2025-09-09,A,36.50682759585526,18-40,168288.32229281726,25-50%,830370.7910637916,25-50%,212200.2583844481,25-50%,8.25,12.0,32.6,6.714710786069769,0.258,0.028429576096584707,0,,0.0,8.25,0.0,0.0,0.0,0.0,-5.197523053665911,-0.001
1095,120187,4,2025-09-09,A,74.77911548234034,>65,105806.1795506194,25-50%,2250893.3789659264,50-75%,589886.6196011795,50-75%,2.75,4.25,35.0,4.14853518099243,0.112,0.0028990488581638295,0,,0.0,2.75,0.0,0.0,0.0,0.0,-5.197523053665911,-0.001
1096,310122,4,2025-09-09,A,55.448900791178566,41-65,70151.58644454797,0-25%,485982.6391272536,25-50%,34315.544364474925,0-25%,4.25,4.5,28.1,0.0958650046449313,0.188,0.013401918476145509,0,,0.0,4.25,0.0,0.0,0.0,0.0,-5.197523053665911,-0.001
1097,230716,4,2025-09-09,A,61.15611173160114,41-65,222937.82697217813,50-75%,642589.8017432742,25-50%,617318.3104661541,50-75%,5.75,10.75,22.2,0.7957955386628432,0.159,0.008827776128148744,0,,0.0,5.75,0.0,0.0,0.0,0.0,-5.197523053665911,-0.001
1098,373746,4,2025-09-09,A,72.62328906239925,>65,137866.69063960406,25-50%,324241.187737071,0-25%,85651.06523493699,0-25%,10.25,7.0,46.7,1.664403473324124,0.115,0.0028893109287115373,0,,0.0,10.25,0.0,0.0,0.0,0.0,-5.197523053665911,-0.001
1099,451792,4,2025-09-09,A,71.77361915803016,>65,143977.8321532553,25-50%,574063.1796034825,25-50%,486927.2691641287,25-50%,6.0,11.75,31.8,2.4325163688944644,0.155,0.004234168028368495,0,,0.0,6.0,0.0,0.0,0.0,0.0,-5.197523053665911,-0.001
1100,314146,4,2025-09-09,A,67.65056096122439,>65,242487.0470651072,50-75%,36704232.802047774,>75%,1151993.5566314338,50-75%,6.0,2.25,12.5,4.473890014868831,0.165,0.0026855949883179465,0,,0.0,6.0,0.0,0.0,0.0,0.0,-5.197523053665911,-0.001
1101,851464,4,2025-09-09,A,36.655068920119405,18-40,281253.18461006123,50-75%,1853298.3003092047,50-75%,244391.0766475355,25-50%,1.25,9.5,3.9,0.3143053256311077,0.276,0.04214398233245936,0,,0.0,1.25,0.0,0.0,0.0,0.0,-5.197523053665911,-0.001
1102,834807,4,2025-09-09,A,63.89618634744244,41-65,126023.06944840704,25-50%,774477.38918541,25-50%,525557.9982358706,50-75%,8.0,9.5,23.6,6.465935917435972,0.161,0.0053670419002541355,0,,0.0,8.0,0.0,0.0,0.0,0.0,-5.197523053665911,-0.001
1103,615657,4,2025-09-09,A,49.875915028903336,41-65,806563.1006972403,>75%,685623.6422136689,25-50%,1065683.6726474003,50-75%,6.25,12.0,55.6,11.192832902154905,0.175,0.01738620218815299,0,,0.0,6.25,0.0,0.0,0.0,0.0,-5.197523053665911,-0.001
1104,849891,4,2025-09-09,A,38.24229879631875,18-40,40212.22141964301,0-25%,146254.5159664209,0-25%,86609.0201417301,0-25%,7.25,0.75,59.7,1.371386809101291,0.25,0.009330689625786677,0,,0.0,7.25,0.0,0.0,0.0,0.0,-5.197523053665911,-0.001
1105,392091,4,2025-09-09,A,57.5686257864727,41-65,150044.4550193246,25-50%,278687.3756287846,0-25%,54833.128786796304,0-25%,15.25,4.25,71.3,18.10575573798963,0.195,0.004443286517708641,0,,0.0,15.25,0.0,0.0,0.0,0.0,-5.197523053665911,-0.001
1106,627105,4,2025-09-09,A,70.23674903794988,>65,1334177.44063336,>75%,20032273.56849365,>75%,2336862.974072989,>75%,7.0,9.75,48.7,15.962980905528177,0.176,0.0059129568256298445,0,,0.0,7.0,0.0,0.0,0.0,0.0,-5.197523053665911,-0.001
1107,335481,4,2025-09-09,A,35.04240115189775,18-40,488612.6678195906,50-75%,4123411.057447119,50-75%,560880.6212570152,50-75%,9.5,5.0,1.5,0.886611628994744,0.252,0.024497896658401984,0,,0.0,9.5,0.0,0.0,0.0,0.0,-5.197523053665911,-0.001
1108,474841,4,2025-09-09,A,66.28560718552477,>65,309927.29852064484,50-75%,866322.4721612334,25-50%,1133824.0325995265,50-75%,9.5,1.25,43.9,12.607282739460151,0.132,0.0024573048017878154,0,,0.0,9.5,0.0,0.0,0.0,0.0,-5.197523053665911,-0.001
1109,736597,4,2025-09-09,A,74.74693252022503,>65,198343.34966075208,50-75%,4982051.852039088,50-75%,6064779.543599653,>75%,3.5,6.5,11.5,8.586233092934068,0.135,0.0021503705877349176,0,,0.0,3.5,0.0,0.0,0.0,0.0,-5.197523053665911,-0.001
1110,176572,4,2025-09-09,A,75.02391703738186,>65,87675.93315857678,0-25%,224751.31085168425,0-25%,87391.53300350234,0-25%,5.0,7.75,8.3,6.553262310264629,0.134,0.0039814858200232905,0,,0.0,5.0,0.0,0.0,0.0,0.0,-5.197523053665911,-0.001
1111,901095,4,2025-09-09,A,57.40045832465556,41-65,106237.88262568106,25-50%,555913.1494676232,25-50%,455143.30152751127,25-50%,7.0,11.25,24.4,3.0804586824615106,0.172,0.007750520701052914,0,,0.0,7.0,0.0,0.0,0.0,0.0,-5.197523053665911,-0.001
1112,658567,4,2025-09-09,A,56.57319067128346,41-65,79753.75654725089,0-25%,632157.4735553026,25-50%,27888.76632386597,0-25%,11.75,7.5,26.6,10.277840918082024,0.169,0.005476135123598408,0,,0.0,11.75,0.0,0.0,0.0,0.0,-5.197523053665911,-0.001
1113,102686,4,2025-09-09,A,47.73762857506128,41-65,378210.6529830836,50-75%,1339519.6381469746,50-75%,1613143.2246433764,50-75%,12.75,10.5,4.4,5.733955977901244,0.233,0.008147785112878255,0,,0.0,12.75,0.0,0.0,0.0,0.0,-5.197523053665911,-0.001
1114,225618,4,2025-09-09,A,72.46795326478515,>65,476492.1492309685,50-75%,9705117.745895484,>75%,1474643.3320130296,50-75%,7.25,14.5,10.5,2.9384301985172683,0.147,0.005584355381023183,0,,0.0,7.25,0.0,0.0,0.0,0.0,-5.197523053665911,-0.001
1115,143216,4,2025-09-09,A,58.36523209994594,41-65,10261123.33593678,>75%,4443276.759659828,50-75%,1733140.9384103024,50-75%,9.5,4.5,2.9,4.675642241643613,0.211,0.020365544943912704,0,,0.0,9.5,0.0,0.0,0.0,0.0,-5.197523053665911,-0.001
1116,923445,4,2025-09-09,A,46.98857022792408,41-65,88918.91584895838,0-25%,1066109.2123930685,25-50%,2569709.101985089,>75%,8.5,17.75,9.8,1.1761530928457773,0.225,0.008959938142573128,0,,0.0,8.5,0.0,0.0,0.0,0.0,-5.197523053665911,-0.001
1117,887549,4,2025-09-09,A,94.81324404494164,>65,287216.14206172345,50-75%,32468174.66695951,>75%,3211914.4980495684,>75%,5.0,5.25,125.2,1.7628419513650098,0.05,0.000995077001622455,0,,0.0,5.0,0.0,0.0,0.0,0.0,-5.197523053665911,-0.001
1118,853555,4,2025-09-09,A,71.55502288822132,>65,1484163.925701377,>75%,29434047.564282987,>75%,4548104.480182371,>75%,8.75,2.0,56.3,3.0756289945323654,0.216,0.0034253076867961237,0,,0.0,8.75,0.0,0.0,0.0,0.0,-5.197523053665911,-0.001
1119,619543,4,2025-09-09,A,78.4846757504381,>65,112455.83274297231,25-50%,1667429.3855099326,50-75%,1197239.622217919,50-75%,4.75,5.75,5.0,1.1172623573867315,0.135,0.0024247011590638095,0,,0.0,4.75,0.0,0.0,0.0,0.0,-5.197523053665911,-0.001
1120,916392,4,2025-09-09,A,43.6158144232416,41-65,641755.6263650353,>75%,715140.7743397732,25-50%,163425.3989002576,25-50%,3.0,11.0,22.0,1.878091155701408,0.254,0.0430669780991046,0,,0.0,3.0,0.0,0.0,0.0,0.0,-5.197523053665911,-0.001
1121,185132,4,2025-09-09,A,23.170191295426736,18-40,303840.5346622566,50-75%,3521590.1793120354,50-75%,239973.43797737785,25-50%,8.25,10.75,12.4,0.6460889010399714,0.307,0.0810807325034437,0,,0.0,8.25,0.0,0.0,0.0,0.0,-5.197523053665911,-0.001
1122,971646,4,2025-09-09,A,44.34137925091888,41-65,809374.8413516746,>75%,2583097.518207751,50-75%,588641.6941076391,50-75%,10.25,10.75,24.0,11.318184621117062,0.227,0.027626814148889303,0,,0.0,10.25,0.0,0.0,0.0,0.0,-5.197523053665911,-0.001
1123,105959,4,2025-09-09,A,72.80857925817334,>65,3914492.433525007,>75%,153688982.6770722,>75%,4335268.52346126,>75%,3.5,12.0,63.9,0.3640590549887086,0.14,0.010428752727683043,0,,0.0,3.5,0.0,0.0,0.0,0.0,-5.197523053665911,-0.001
1124,375294,4,2025-09-09,A,81.02595419555762,>65,152900.74471072227,25-50%,1091121.3760504453,25-50%,1778487.650725683,>75%,11.75,8.25,35.8,6.909247060616786,0.14,0.0009086415881227257,0,,0.0,11.75,0.0,0.0,0.0,0.0,-5.197523053665911,-0.001
1125,265982,4,2025-09-09,A,65.18069069335756,41-65,551420.0880705751,>75%,2754579.598687,50-75%,6499982.913730256,>75%,5.25,6.25,19.0,2.098403210184492,0.17,0.006236951186373016,0,,0.0,5.25,0.0,0.0,0.0,0.0,-5.197523053665911,-0.001
1126,771153,4,2025-09-09,A,50.60387093446125,41-65,169678.93249040315,25-50%,461768.1245849488,25-50%,43843.22809364469,0-25%,3.25,10.5,14.5,4.303213742860547,0.215,0.02193605758461089,0,,0.0,3.25,0.0,0.0,0.0,0.0,-5.197523053665911,-0.001
1127,416224,4,2025-09-09,A,59.75837281129306,41-65,1205188.3601724547,>75%,217229635.38319924,>75%,7779904.894749115,>75%,11.25,4.25,1.4,0.1416541255242281,0.201,0.006063389589452767,0,,0.0,11.25,0.0,0.0,0.0,0.0,-5.197523053665911,-0.001
1128,452829,4,2025-09-09,A,69.95426370080084,>65,384735.7621699264,50-75%,740600.6215098576,25-50%,282821.4515016068,25-50%,6.5,8.75,18.2,2.7607196348914047,0.161,0.008190477099931457,0,,0.0,6.5,0.0,0.0,0.0,0.0,-5.197523053665911,-0.001
1129,626642,4,2025-09-09,A,56.39297592476489,41-65,227813.36007075696,50-75%,479170.6606181946,25-50%,135038.93508423908,25-50%,10.25,2.75,8.8,0.8607034859250988,0.197,0.008137276101655187,0,,0.0,10.25,0.0,0.0,0.0,0.0,-5.197523053665911,-0.001
1130,793256,4,2025-09-09,A,47.49380105631611,41-65,304766.58818086504,50-75%,224821.99878732543,0-25%,832012.3600546784,50-75%,2.0,12.5,10.2,0.988513020137586,0.23,0.019130935631734552,0,,0.0,2.0,0.0,0.0,0.0,0.0,-5.197523053665911,-0.001
1131,611292,4,2025-09-09,A,52.25810576695852,41-65,118456.17193487148,25-50%,750632.6137750873,25-50%,20107.978909238096,0-25%,9.5,12.75,3.9,3.4309726548263715,0.234,0.02136687585596012,0,,0.0,9.5,0.0,0.0,0.0,0.0,-5.197523053665911,-0.001
1132,240619,4,2025-09-09,A,32.835381382437554,18-40,367980.7225524107,50-75%,1340463.001296703,50-75%,2238547.8785322406,>75%,6.75,4.5,31.4,2.777486199513735,0.249,0.016134541619874352,0,,0.0,6.75,0.0,0.0,0.0,0.0,-5.197523053665911,-0.001
1133,857463,4,2025-09-09,A,65.3445437965412,41-65,219842.76894999875,50-75%,9826195.107722089,>75%,1913802.580359593,>75%,16.25,7.75,12.3,2.0037710896870324,0.143,0.002753370100195117,0,,0.0,16.25,0.0,0.0,0.0,0.0,-5.197523053665911,-0.001
1134,321758,4,2025-09-09,A,41.06662339921182,41-65,96396.83895887548,25-50%,247890.96750406627,0-25%,131671.84899644155,25-50%,13.0,12.5,30.5,4.681168517227053,0.254,0.010558523871374804,0,,0.0,13.0,0.0,0.0,0.0,0.0,-5.197523053665911,-0.001
1135,928196,4,2025-09-09,A,68.0352374349371,>65,4589724.69110124,>75%,22898475.713114228,>75%,999128.0108149388,50-75%,5.25,7.25,53.4,1.5709743532289828,0.16,0.01932285628231957,0,,0.0,5.25,0.0,0.0,0.0,0.0,-5.197523053665911,-0.001
1136,842511,4,2025-09-09,A,70.33777262181755,>65,413123.39119236753,50-75%,21749776.038954545,>75%,6735478.875108991,>75%,6.25,6.5,4.5,8.68277031618147,0.144,0.0036666339830610257,0,,0.0,6.25,0.0,0.0,0.0,0.0,-5.197523053665911,-0.001
1137,143561,4,2025-09-09,A,66.26459926905913,>65,115637.6740840194,25-50%,4030541.25182892,50-75%,1984464.5383090335,>75%,4.0,5.0,19.4,0.843801513512378,0.135,0.0039840367259348485,0,,0.0,4.0,0.0,0.0,0.0,0.0,-5.197523053665911,-0.001
1138,117082,4,2025-09-09,A,47.980843017043306,41-65,354211.077486556,50-75%,7083963.789741784,>75%,164803.34550546794,25-50%,9.25,10.0,29.4,5.27608084092356,0.251,0.024439352916624267,0,,0.0,9.25,0.0,0.0,0.0,0.0,-5.197523053665911,-0.001
1139,543628,4,2025-09-09,A,44.51353714035532,41-65,130800.811968551,25-50%,2674012.4720228766,50-75%,159062.9738342497,25-50%,8.5,5.75,7.9,4.574822421540344,0.23,0.010214945678252402,0,,0.0,8.5,0.0,0.0,0.0,0.0,-5.197523053665911,-0.001
1140,968591,4,2025-09-09,A,44.59995869097124,41-65,51017.80244693713,0-25%,52314.18004580914,0-25%,20947.83400131844,0-25%,7.0,6.25,64.3,3.3245066154935707,0.209,0.009670869663196571,0,,0.0,7.0,0.0,0.0,0.0,0.0,-5.197523053665911,-0.001
1141,373816,4,2025-09-09,A,61.68088896449802,41-65,191904.33979750963,50-75%,4256246.004049727,50-75%,728311.2986525599,50-75%,6.0,13.5,1.4,4.944254773140119,0.148,0.007297279160494362,0,,0.0,6.0,0.0,0.0,0.0,0.0,-5.197523053665911,-0.001
1142,339375,4,2025-09-09,A,55.38201766964366,41-65,280680.426412156,50-75%,786447.6463782145,25-50%,656167.9596818169,50-75%,4.25,4.75,5.0,4.307395271602072,0.182,0.012194662275665808,0,,0.0,4.25,0.0,0.0,0.0,0.0,-5.197523053665911,-0.001
1143,293795,4,2025-09-09,A,60.07275683539468,41-65,1580474.8650252824,>75%,4870179.332192158,50-75%,104082.78783277197,0-25%,8.25,5.5,12.6,4.860820920630818,0.189,0.01493974561090567,0,,0.0,8.25,0.0,0.0,0.0,0.0,-5.197523053665911,-0.001
1144,624208,4,2025-09-09,A,35.668344149296246,18-40,65933.99642247657,0-25%,15246.864046480045,0-25%,24814.39537472272,0-25%,4.5,7.5,65.7,7.381217435553303,0.253,0.028941855982033176,0,,0.0,4.5,0.0,0.0,0.0,0.0,-5.197523053665911,-0.001
1145,273874,4,2025-09-09,A,72.83405259387533,>65,71438.74961017934,0-25%,1647448.056817308,50-75%,7377465.687114206,>75%,10.0,4.25,19.5,4.602602778841967,0.159,0.000788883169851497,0,,0.0,10.0,0.0,0.0,0.0,0.0,-5.197523053665911,-0.001
1146,121562,4,2025-09-09,A,87.20984546028191,>65,84921.6118878951,0-25%,8620834.92805872,>75%,1157637.4703007394,50-75%,9.25,9.25,52.3,5.962312604026502,0.108,0.0005583856817724074,0,,0.0,9.25,0.0,0.0,0.0,0.0,-5.197523053665911,-0.001
1147,981757,4,2025-09-09,A,45.505581834746536,41-65,165802.23303924312,25-50%,2818112.6602763007,50-75%,940403.1705936204,50-75%,3.75,8.0,17.6,0.6561065991218018,0.227,0.015705865418139682,0,,0.0,3.75,0.0,0.0,0.0,0.0,-5.197523053665911,-0.001
1148,996759,4,2025-09-09,A,71.4970347415254,>65,281257.656178613,50-75%,3583459.8978041518,50-75%,3119161.365437044,>75%,7.25,3.75,37.9,4.980517505679574,0.166,0.001778135779274658,0,,0.0,7.25,0.0,0.0,0.0,0.0,-5.197523053665911,-0.001
1149,109313,4,2025-09-09,A,35.50870229323028,18-40,190118.16369476792,50-75%,242158.52843973876,0-25%,20534.145832903352,0-25%,1.5,4.25,60.8,6.721315208047414,0.252,0.04877816323066187,0,,0.0,1.5,0.0,0.0,0.0,0.0,-5.197523053665911,-0.001
1150,990768,4,2025-09-09,A,60.03984145314329,41-65,757280.4992673037,>75%,203682329.70290157,>75%,7614575.724868193,>75%,5.5,9.25,0.2,9.3257988167643,0.194,0.007762425443550462,0,,0.0,5.5,0.0,0.0,0.0,0.0,-5.197523053665911,-0.001
1151,698020,4,2025-09-09,A,50.644693998458784,41-65,252827.8028098773,50-75%,117880.7691701542,0-25%,68249.81129002856,0-25%,8.5,1.75,43.4,8.617018086050646,0.219,0.010126524261634243,0,,0.0,8.5,0.0,0.0,0.0,0.0,-5.197523053665911,-0.001
1152,142904,4,2025-09-09,A,67.93829310401262,>65,383950.130577966,50-75%,2834739.250996815,50-75%,1611494.141656329,50-75%,4.5,6.75,27.6,7.9501850444483,0.141,0.005330957025127441,0,,0.0,4.5,0.0,0.0,0.0,0.0,-5.197523053665911,-0.001
1153,732026,4,2025-09-09,A,71.70828388563145,>65,56674.845654678895,0-25%,201581.28641304927,0-25%,103655.84545870552,0-25%,6.25,9.75,32.6,3.2544305105486693,0.15,0.003874800747138682,0,,0.0,6.25,0.0,0.0,0.0,0.0,-5.197523053665911,-0.001
1154,516869,4,2025-09-09,A,31.66917662361817,18-40,179960.89613306374,25-50%,81703.86642376236,0-25%,51516.26498660767,0-25%,12.25,2.25,33.4,3.6540556650258464,0.276,0.027588863802144876,0,,0.0,12.25,0.0,0.0,0.0,0.0,-5.197523053665911,-0.001
1155,348166,4,2025-09-09,A,68.29892216887878,>65,1641221.978927226,>75%,31424299.4177922,>75%,862636.9045366024,50-75%,10.0,8.5,39.5,1.8765329503715076,0.125,0.006474246974457593,0,,0.0,10.0,0.0,0.0,0.0,0.0,-5.197523053665911,-0.001
1156,657326,4,2025-09-09,A,60.40648183449474,41-65,138196.80804489218,25-50%,3379477.671609652,50-75%,3243984.84760113,>75%,14.5,8.0,53.1,18.701599167996307,0.201,0.0015494605659262515,0,,0.0,14.5,0.0,0.0,0.0,0.0,-5.197523053665911,-0.001
1157,687724,4,2025-09-09,A,45.826298736713824,41-65,148716.9978377582,25-50%,1959512.8660017976,50-75%,1831680.9076430677,>75%,6.5,8.0,23.9,8.16036888320055,0.25,0.010438952371087233,0,,0.0,6.5,0.0,0.0,0.0,0.0,-5.197523053665911,-0.001
1158,413884,4,2025-09-09,A,36.61160688498574,18-40,59078.70264985802,0-25%,31185.241180798777,0-25%,63504.30110890497,0-25%,13.0,9.75,6.8,4.881564104775164,0.256,0.013041805689121715,0,,0.0,13.0,0.0,0.0,0.0,0.0,-5.197523053665911,-0.001
1159,542465,4,2025-09-09,A,49.23871789637952,41-65,67120.86351900871,0-25%,254139.5830750303,0-25%,39492.26128557837,0-25%,2.75,11.5,41.4,0.583486246413716,0.186,0.01672805660126213,0,,0.0,2.75,0.0,0.0,0.0,0.0,-5.197523053665911,-0.001
1160,201932,4,2025-09-09,A,55.87443843707622,41-65,112951.82858363847,25-50%,986835.1351658604,25-50%,178657.14634146763,25-50%,8.5,11.5,3.5,0.4432166940241805,0.193,0.011741169159069061,0,,0.0,8.5,0.0,0.0,0.0,0.0,-5.197523053665911,-0.001
1161,514589,4,2025-09-09,A,38.59291000797744,18-40,403969.9378668377,50-75%,4874679.905776777,50-75%,161837.6656000485,25-50%,13.0,9.0,30.6,1.4493357890840903,0.24,0.0230282875319817,0,,0.0,13.0,0.0,0.0,0.0,0.0,-5.197523053665911,-0.001
1162,280415,4,2025-09-09,A,76.74266538055443,>65,4460263.878415736,>75%,17519119.83327465,>75%,2009212.120903359,>75%,14.5,9.75,8.4,3.370090833963578,0.114,0.005584460024674311,0,,0.0,14.5,0.0,0.0,0.0,0.0,-5.197523053665911,-0.001
1163,879840,4,2025-09-09,A,67.26287179712472,>65,1049217.0437272245,>75%,2772348.615004815,50-75%,1489507.2601177916,50-75%,5.25,7.5,8.9,9.6702284702383,0.173,0.008659237239824613,0,,0.0,5.25,0.0,0.0,0.0,0.0,-5.197523053665911,-0.001
1164,724751,4,2025-09-09,A,63.64407376650036,41-65,279099.1272401111,50-75%,436977.06895433937,25-50%,519017.0922982849,50-75%,13.5,9.5,27.4,18.937099193934984,0.165,0.00280532940793773,0,,0.0,13.5,0.0,0.0,0.0,0.0,-5.197523053665911,-0.001
1165,191974,4,2025-09-09,A,61.22792810348164,41-65,175621.23984775745,25-50%,487031.0628377364,25-50%,721297.2106992146,50-75%,4.25,2.0,26.0,1.6671634478940185,0.196,0.003732831833731917,0,,0.0,4.25,0.0,0.0,0.0,0.0,-5.197523053665911,-0.001
1166,465719,4,2025-09-09,A,46.20639972573544,41-65,611740.0526724422,>75%,895983.0070412314,25-50%,2822337.4697441333,>75%,2.0,5.5,9.3,0.6777855633044255,0.206,0.021366959401933554,0,,0.0,2.0,0.0,0.0,0.0,0.0,-5.197523053665911,-0.001
1167,710098,4,2025-09-09,A,62.63460109049702,41-65,60251.716304663976,0-25%,235146.09633554172,0-25%,166027.34993489055,25-50%,3.75,1.75,39.1,4.498411083331053,0.204,0.002720850590566337,0,,0.0,3.75,0.0,0.0,0.0,0.0,-5.197523053665911,-0.001
1168,486562,4,2025-09-09,A,39.35057584211801,18-40,685507.1133915131,>75%,5067483.550924757,50-75%,218347.4472132949,25-50%,8.25,4.25,63.5,3.745752661660852,0.227,0.02310904301434001,0,,0.0,8.25,0.0,0.0,0.0,0.0,-5.197523053665911,-0.001
1169,505137,4,2025-09-09,A,70.00980454623834,>65,32235.11034713605,0-25%,61776.53547788085,0-25%,108544.51598701916,0-25%,10.0,11.5,34.4,4.7131397147250444,0.143,0.003133496466804676,0,,0.0,10.0,0.0,0.0,0.0,0.0,-5.197523053665911,-0.001
1170,100756,4,2025-09-09,A,63.32947595829812,41-65,1187821.562971602,>75%,7562561.700462141,>75%,419572.92789794126,25-50%,4.25,9.0,1.8,6.135617821644414,0.151,0.01624493308937289,0,,0.0,4.25,0.0,0.0,0.0,0.0,-5.197523053665911,-0.001
1171,156509,4,2025-09-09,A,73.39097470242274,>65,858386.4111223962,>75%,176718463.7032208,>75%,6493863.24615726,>75%,13.5,12.25,18.1,1.9991303493928616,0.16,0.0025201632030174485,0,,0.0,13.5,0.0,0.0,0.0,0.0,-5.197523053665911,-0.001
1172,358093,4,2025-09-09,A,66.97583027894945,>65,207504.55986736945,50-75%,778745.996900239,25-50%,2383781.226320074,>75%,9.0,1.75,53.7,0.2051681093175922,0.167,0.002267130466160949,0,,0.0,9.0,0.0,0.0,0.0,0.0,-5.197523053665911,-0.001
1173,573865,4,2025-09-09,A,59.793581259197765,41-65,73533.0160186879,0-25%,348348.27467825287,0-25%,1683682.4214501458,50-75%,5.0,3.75,6.0,2.453497052401697,0.149,0.00232110004950913,0,,0.0,5.0,0.0,0.0,0.0,0.0,-5.197523053665911,-0.001
1174,928056,4,2025-09-09,A,85.77720021291347,>65,781902.2481826838,>75%,8904558.611731088,>75%,7252296.455693258,>75%,8.5,9.75,30.9,0.4497879014868816,0.093,0.0025537544135533874,0,,0.0,8.5,0.0,0.0,0.0,0.0,-5.197523053665911,-0.001
1175,346047,4,2025-09-09,A,55.89332375528461,41-65,73646.30475063958,0-25%,370990.66121059336,25-50%,1135587.3087483812,50-75%,15.75,4.0,3.3,3.292902246160366,0.188,0.0030361047059311638,0,,0.0,15.75,0.0,0.0,0.0,0.0,-5.197523053665911,-0.001
1176,815622,4,2025-09-09,A,29.97147327298474,18-40,97684.9069539609,25-50%,153179.06087067892,0-25%,354745.48670931166,25-50%,8.25,4.75,57.6,0.969527905726114,0.301,0.015503686470090056,0,,0.0,8.25,0.0,0.0,0.0,0.0,-5.197523053665911,-0.001
1177,926844,4,2025-09-09,A,43.900050818806896,41-65,575841.1507812508,>75%,2141115.5096287816,50-75%,691276.9013651856,50-75%,11.25,10.75,0.3,1.6959900379650792,0.274,0.015905068430263493,1,2025-10-08,1.0,12.25,5758.411507812508,0.0,5758.411507812508,4.030888055468756,-1.1666349981971553,4.0298880554687555
1178,389684,4,2025-09-09,A,68.29038944977135,>65,123851.5953525414,25-50%,292430.9328410034,0-25%,9187.99761917784,0-25%,7.25,13.25,19.7,8.859201245523497,0.13,0.009810098177271544,0,,0.0,7.25,0.0,0.0,0.0,0.0,-5.197523053665911,-0.001
1179,567254,4,2025-09-09,A,58.86402014859419,41-65,128713.68371448004,25-50%,3313220.699368701,50-75%,1579622.1047096644,50-75%,3.75,8.5,15.8,0.8856168547082276,0.174,0.006414551165701338,0,,0.0,3.75,0.0,0.0,0.0,0.0,-5.197523053665911,-0.001
1180,493048,4,2025-09-09,A,55.60290421269291,41-65,59675.141558623,0-25%,576882.5485429124,25-50%,102834.3080207218,0-25%,4.5,11.0,5.7,0.325573824564827,0.215,0.010152117914745962,0,,0.0,4.5,0.0,0.0,0.0,0.0,-5.197523053665911,-0.001
1181,771888,4,2025-09-09,A,65.6688099008094,41-65,53364.10200256267,0-25%,165114.93664637528,0-25%,18406.58714866601,0-25%,9.0,4.0,2.9,1.2142319873477785,0.168,0.004191248677766407,0,,0.0,9.0,0.0,0.0,0.0,0.0,-5.197523053665911,-0.001
1182,865784,4,2025-09-09,A,47.595614597807405,41-65,9520477.83910358,>75%,39634984.08036488,>75%,2391158.1829499933,>75%,15.25,4.0,69.2,1.3826596915382292,0.225,0.029820830549049274,0,,0.0,15.25,0.0,0.0,0.0,0.0,-5.197523053665911,-0.001
1183,332229,4,2025-09-09,A,40.395704342818114,18-40,640118.0059318414,>75%,2567886.981032865,50-75%,346266.40870173473,25-50%,7.75,4.5,21.9,5.978930141496599,0.227,0.019820132067709488,0,,0.0,7.75,0.0,0.0,0.0,0.0,-5.197523053665911,-0.001
1184,633159,4,2025-09-09,A,61.90640460649608,41-65,60564.86919762113,0-25%,320031.6340449254,0-25%,88451.38350762922,0-25%,5.75,4.25,40.0,15.340023036201243,0.159,0.002465575904045573,0,,0.0,5.75,0.0,0.0,0.0,0.0,-5.197523053665911,-0.001
1185,278499,4,2025-09-09,A,91.4061073505722,>65,363667.6247584538,50-75%,16893103.08027597,>75%,4914795.244936413,>75%,7.0,4.5,13.2,0.9287094024478548,0.036,0.0007659049967837164,0,,0.0,7.0,0.0,0.0,0.0,0.0,-5.197523053665911,-0.001
1186,564567,4,2025-09-09,A,72.91726059940355,>65,139746.1871858219,25-50%,595377.3652634767,25-50%,754636.8970344634,50-75%,6.5,10.5,81.5,3.0222227810126205,0.134,0.003193095081583425,0,,0.0,6.5,0.0,0.0,0.0,0.0,-5.197523053665911,-0.001
1187,987817,4,2025-09-09,A,65.03644031753853,41-65,148943.48446787638,25-50%,42397748.38830159,>75%,2884491.6539699137,>75%,7.25,6.5,17.3,2.393155857888641,0.185,0.0021114409314585904,0,,0.0,7.25,0.0,0.0,0.0,0.0,-5.197523053665911,-0.001
1188,211531,4,2025-09-09,A,33.37327002458035,18-40,70808.96385860315,0-25%,191841.3801065589,0-25%,796954.7075522904,50-75%,2.5,5.75,89.8,2.4610638427366083,0.282,0.017069960831085754,0,,0.0,2.5,0.0,0.0,0.0,0.0,-5.197523053665911,-0.001
1189,152674,4,2025-09-09,A,64.99349284953328,41-65,190201.55454930651,50-75%,747905.449976606,25-50%,277926.03106194315,25-50%,7.25,8.75,9.2,1.153485983548833,0.19,0.008223997426032338,0,,0.0,7.25,0.0,0.0,0.0,0.0,-5.197523053665911,-0.001
1190,355667,4,2025-09-09,A,42.69866332526982,41-65,575197.4379880938,>75%,9639658.288754618,>75%,1346855.340346779,50-75%,7.25,6.75,47.6,2.966384448524029,0.252,0.012873959914046737,0,,0.0,7.25,0.0,0.0,0.0,0.0,-5.197523053665911,-0.001
1191,883936,4,2025-09-09,A,32.24879838293964,18-40,63488.27814056007,0-25%,265052.9194812014,0-25%,114288.30250742043,0-25%,6.0,9.5,83.8,1.759395905285949,0.232,0.026939962112121286,0,,0.0,6.0,0.0,0.0,0.0,0.0,-5.197523053665911,-0.001
1192,331750,4,2025-09-09,A,70.0526913507315,>65,178704.6420360675,25-50%,2900329.4733978063,50-75%,5707417.952884379,>75%,2.25,5.5,64.4,7.1427339497862805,0.16,0.0024597366408572086,0,,0.0,2.25,0.0,0.0,0.0,0.0,-5.197523053665911,-0.001
1193,468219,4,2025-09-09,A,84.15257436165105,>65,9497728.239319324,>75%,4970123.4581145365,50-75%,1041385.6660126066,50-75%,4.75,3.75,3.7,6.244351192090757,0.113,0.005802581559688362,0,,0.0,4.75,0.0,0.0,0.0,0.0,-5.197523053665911,-0.001
1194,797065,4,2025-09-09,A,80.0672122999264,>65,229805.8024854343,50-75%,4654028.489336367,50-75%,6756661.608902803,>75%,11.25,1.75,43.3,1.4150346281321684,0.132,0.0009630303901513477,0,,0.0,11.25,0.0,0.0,0.0,0.0,-5.197523053665911,-0.001
1195,505493,4,2025-09-09,A,40.02021179924588,18-40,205595.51304929543,50-75%,223099.30654216837,0-25%,490114.78249810287,25-50%,1.25,9.25,32.4,17.719807025996193,0.233,0.01655851364751544,0,,0.0,1.25,0.0,0.0,0.0,0.0,-5.197523053665911,-0.001
1196,144092,4,2025-09-09,A,53.578691000178,41-65,384986.742023126,50-75%,2814332.619243988,50-75%,470192.324345876,25-50%,4.5,5.75,6.5,5.177896681953104,0.202,0.016052361273860637,0,,0.0,4.5,0.0,0.0,0.0,0.0,-5.197523053665911,-0.001
1197,567139,4,2025-09-09,A,36.45469671997533,18-40,171387.45108032945,25-50%,853703.1854564345,25-50%,510964.2071616869,50-75%,2.5,9.25,17.5,0.9999465719439062,0.249,0.028228072750505817,0,,0.0,2.5,0.0,0.0,0.0,0.0,-5.197523053665911,-0.001
1198,548399,4,2025-09-09,A,51.67545600614972,41-65,74489.23715392093,0-25%,939454.4505053232,25-50%,52132.27275288718,0-25%,11.0,9.5,2.1,1.3841594239643056,0.189,0.007795888558983548,0,,0.0,11.0,0.0,0.0,0.0,0.0,-5.197523053665911,-0.001
1199,765377,4,2025-09-09,A,71.12707261777626,>65,2313292.714986602,>75%,1973014.120534432,50-75%,175020.59169404072,25-50%,5.75,5.5,11.3,3.90301264592617,0.12,0.009296832426335486,0,,0.0,5.75,0.0,0.0,0.0,0.0,-5.197523053665911,-0.001
1200,495997,4,2025-09-09,A,83.26845344090887,>65,101259.13871222244,25-50%,21127348.847960677,>75%,4192153.294520069,>75%,6.75,6.75,7.4,1.1161009783978288,0.089,0.0006872753632869423,0,,0.0,6.75,0.0,0.0,0.0,0.0,-5.197523053665911,-0.001
1201,493342,4,2025-09-09,A,45.956325629079714,41-65,108233.71211004202,25-50%,897554.3617946029,25-50%,421630.8093360627,25-50%,8.75,7.25,43.0,5.38583673194041,0.223,0.006454977287343989,0,,0.0,8.75,0.0,0.0,0.0,0.0,-5.197523053665911,-0.001
1202,804483,4,2025-09-09,A,35.892551452283705,18-40,76422.2693214422,0-25%,153987.64641191243,0-25%,93768.65896583964,0-25%,15.0,7.0,68.8,1.5047845961411466,0.252,0.013352467732630416,0,,0.0,15.0,0.0,0.0,0.0,0.0,-5.197523053665911,-0.001
1203,450459,4,2025-09-09,A,68.96478282636984,>65,501791.8313563407,50-75%,112687143.18087484,>75%,10031462.448604995,>75%,1.25,7.5,7.9,5.915020478036969,0.158,0.004176678659950032,0,,0.0,1.25,0.0,0.0,0.0,0.0,-5.197523053665911,-0.001
1204,247714,4,2025-09-09,A,74.5755116119755,>65,83950.0646722852,0-25%,1117990.8215603929,25-50%,61275.75082264831,0-25%,3.25,10.75,19.4,2.331465321459328,0.142,0.004698182299021779,0,,0.0,3.25,0.0,0.0,0.0,0.0,-5.197523053665911,-0.001
1205,411904,4,2025-09-09,A,60.75523489074152,41-65,899886.4965829861,>75%,23844433.82498736,>75%,2866404.032995949,>75%,6.75,4.5,0.8,3.3267812159528742,0.172,0.005833724154404276,0,,0.0,6.75,0.0,0.0,0.0,0.0,-5.197523053665911,-0.001
1206,469197,4,2025-09-09,A,74.86344206146737,>65,57291.32811201385,0-25%,440589.3459997916,25-50%,33957.682672452785,0-25%,6.5,2.25,16.0,1.166906273301531,0.11,0.0023162677970214895,0,,0.0,6.5,0.0,0.0,0.0,0.0,-5.197523053665911,-0.001
1207,728696,4,2025-09-09,A,72.04775829837618,>65,94039.92795973604,0-25%,2239128.186253869,50-75%,239537.529617788,25-50%,5.5,2.25,1.8,1.1620105167425112,0.148,0.0022251350814962148,0,,0.0,5.5,0.0,0.0,0.0,0.0,-5.197523053665911,-0.001
1208,909129,4,2025-09-09,A,54.51969990447691,41-65,107904.05012758008,25-50%,1105286.7722640077,25-50%,374501.158250859,25-50%,9.5,6.75,8.6,0.1401774436325821,0.197,0.005256448037038341,0,,0.0,9.5,0.0,0.0,0.0,0.0,-5.197523053665911,-0.001
1209,463217,4,2025-09-09,A,74.58922351271487,>65,124683.70775499073,25-50%,11979605.014919829,>75%,1995242.3426656784,>75%,11.0,11.25,25.2,1.7408949638145204,0.177,0.0026096601515994133,0,,0.0,11.0,0.0,0.0,0.0,0.0,-5.197523053665911,-0.001
1210,285518,4,2025-09-09,A,27.08103945231128,18-40,64249.35408229956,0-25%,35710.42174469891,0-25%,10583.758612395575,0-25%,11.75,5.25,58.4,1.6656334128792107,0.293,0.03121362765045916,0,,0.0,11.75,0.0,0.0,0.0,0.0,-5.197523053665911,-0.001
1211,518827,4,2025-09-09,A,74.95477792130646,>65,189563.6634183436,50-75%,546415.6330862301,25-50%,740551.9151571103,50-75%,2.0,12.0,53.0,7.280564856792045,0.115,0.0031456085902189456,0,,0.0,2.0,0.0,0.0,0.0,0.0,-5.197523053665911,-0.001
1212,953480,4,2025-09-09,A,54.432208117009786,41-65,243015.3625206768,50-75%,3804594.8829807374,50-75%,909799.0393288848,50-75%,14.25,6.0,74.9,0.4706000614693461,0.187,0.0053817474800772905,0,,0.0,14.25,0.0,0.0,0.0,0.0,-5.197523053665911,-0.001
1213,900158,4,2025-09-09,A,44.55908213551188,41-65,38678.96324682039,0-25%,440010.8091114967,25-50%,38349.40015629708,0-25%,5.5,8.5,4.1,0.5221096317221634,0.242,0.018063506594004814,1,2025-10-03,1.5,7.0,580.1844487023059,580.1844487023059,1160.3688974046117,0.8122582281832283,-4.3852648254826825,0.8112582281832283
1214,958311,4,2025-09-09,A,42.28493893969005,41-65,156612.1076006139,25-50%,556344.9070662522,25-50%,187838.99381762903,25-50%,10.75,7.5,12.8,6.386208305784844,0.252,0.011274906068927013,0,,0.0,10.75,0.0,0.0,0.0,0.0,-5.197523053665911,-0.001
1215,311485,4,2025-09-09,A,28.73119279657768,18-40,58841.861277549135,0-25%,60235.60892163737,0-25%,437711.7055857744,25-50%,4.5,14.25,35.8,4.212718891814735,0.262,0.024069428517296102,0,,0.0,4.5,0.0,0.0,0.0,0.0,-5.197523053665911,-0.001
1216,829450,4,2025-09-09,A,43.76990579678909,41-65,62650.655229759206,0-25%,188121.07453371547,0-25%,485074.304331248,25-50%,7.0,4.5,1.5,1.6592171857891431,0.249,0.0065704861665107726,0,,0.0,7.0,0.0,0.0,0.0,0.0,-5.197523053665911,-0.001
1217,114442,4,2025-09-09,A,69.08008005146752,>65,74426.71632446509,0-25%,2484840.1879393174,50-75%,82434.27557532178,0-25%,4.5,2.75,56.1,0.5754488775512545,0.132,0.0026815160240270335,0,,0.0,4.5,0.0,0.0,0.0,0.0,-5.197523053665911,-0.001
1218,697389,4,2025-09-09,A,58.33045706195728,41-65,525560.0004080443,>75%,9467136.229350025,>75%,403115.7060403965,25-50%,7.0,11.5,30.1,9.189210788293565,0.213,0.012930510069353975,0,,0.0,7.0,0.0,0.0,0.0,0.0,-5.197523053665911,-0.001
1219,815587,4,2025-09-09,A,70.59002733109965,>65,1368517.5161750072,>75%,6680218.319453534,>75%,2521654.2752078664,>75%,8.75,13.5,18.2,2.8386762624082182,0.148,0.00854593875145564,0,,0.0,8.75,0.0,0.0,0.0,0.0,-5.197523053665911,-0.001
1220,468376,4,2025-09-09,A,59.17452523222193,41-65,1540738.9212036252,>75%,28034956.18848484,>75%,3343273.20992234,>75%,7.0,8.0,38.5,3.41099294490383,0.221,0.014193333989257258,0,,0.0,7.0,0.0,0.0,0.0,0.0,-5.197523053665911,-0.001
1221,379880,4,2025-09-09,A,33.49660526129764,18-40,69112.78514172773,0-25%,670306.1812084556,25-50%,39419.52302424762,0-25%,6.75,3.75,0.9,0.7913218068576093,0.263,0.020253888723042054,0,,0.0,6.75,0.0,0.0,0.0,0.0,-5.197523053665911,-0.001
1222,672059,4,2025-09-09,A,68.543623873178,>65,77475.93454698726,0-25%,227968.19341932144,0-25%,179424.92944394267,25-50%,8.25,1.5,25.8,8.886692664113312,0.153,0.0020370463457056722,0,,0.0,8.25,0.0,0.0,0.0,0.0,-5.197523053665911,-0.001
1223,516445,4,2025-09-09,A,49.17493931089591,41-65,628697.6893208002,>75%,11067065.289433597,>75%,3624937.100831025,>75%,7.75,8.25,10.8,12.791766986587318,0.201,0.013023945424733452,0,,0.0,7.75,0.0,0.0,0.0,0.0,-5.197523053665911,-0.001
1224,897819,4,2025-09-09,A,42.44252230500086,41-65,86044.307515069,0-25%,284118.19610447105,0-25%,85506.48846204205,0-25%,5.5,11.5,20.2,6.588927191271631,0.21,0.019854952217416486,0,,0.0,5.5,0.0,0.0,0.0,0.0,-5.197523053665911,-0.001
1225,815625,4,2025-09-09,A,49.5247078534649,41-65,223191.89362062264,50-75%,123995.5400928278,0-25%,1498407.338886476,50-75%,12.0,3.75,65.6,0.2497316474710436,0.159,0.006099398588096292,0,,0.0,12.0,0.0,0.0,0.0,0.0,-5.197523053665911,-0.001
1226,520096,4,2025-09-09,A,52.112216875212496,41-65,274711.9848382684,50-75%,2631769.681057644,50-75%,1520748.3148139887,50-75%,5.25,7.0,22.4,0.1989834504884022,0.198,0.012687097220638294,0,,0.0,5.25,0.0,0.0,0.0,0.0,-5.197523053665911,-0.001
1227,499538,4,2025-09-09,A,68.99915423401359,>65,2945727.3956402526,>75%,53730363.61171879,>75%,13420099.563868672,>75%,6.0,6.0,20.1,1.4086631647390666,0.154,0.004658703064466712,0,,0.0,6.0,0.0,0.0,0.0,0.0,-5.197523053665911,-0.001
1228,959493,4,2025-09-09,A,65.25779634665973,41-65,38841.5206446996,0-25%,559842.3472823517,25-50%,485888.8368295452,25-50%,10.0,9.75,26.1,1.5064559902045054,0.144,0.0017186180341367597,0,,0.0,10.0,0.0,0.0,0.0,0.0,-5.197523053665911,-0.001
1229,116789,4,2025-09-09,A,32.3446331430318,18-40,117296.18378291416,25-50%,1359517.4310643373,50-75%,186796.27666034896,25-50%,15.5,7.0,28.0,3.478841864368956,0.286,0.017070403995011876,0,,0.0,15.5,0.0,0.0,0.0,0.0,-5.197523053665911,-0.001
1230,107731,4,2025-09-09,A,59.33619455296145,41-65,77137.69772786651,0-25%,289641.3489539513,0-25%,14979.0198514668,0-25%,12.75,12.0,10.9,2.283140095178688,0.187,0.006791049521844329,0,,0.0,12.75,0.0,0.0,0.0,0.0,-5.197523053665911,-0.001
1231,540318,4,2025-09-09,A,36.643328157793,18-40,615805.0329055531,>75%,2216768.42485892,50-75%,279011.5436996792,25-50%,4.75,8.0,7.1,4.632630238437636,0.214,0.05102376022480258,0,,0.0,4.75,0.0,0.0,0.0,0.0,-5.197523053665911,-0.001
1232,729909,4,2025-09-09,A,39.93708897948689,18-40,47407.64383557812,0-25%,382640.3717252107,25-50%,163642.46541595875,25-50%,3.5,8.25,65.7,1.8757447560108629,0.276,0.015514285761683018,0,,0.0,3.5,0.0,0.0,0.0,0.0,-5.197523053665911,-0.001
1233,251302,4,2025-09-09,A,58.27447945382084,41-65,216931.08352089228,50-75%,1000619.2117935813,25-50%,193822.2050128833,25-50%,6.5,8.5,39.1,0.629158139647577,0.149,0.0125922627968719,0,,0.0,6.5,0.0,0.0,0.0,0.0,-5.197523053665911,-0.001
1234,878610,4,2025-09-09,A,60.65769176222473,41-65,145831.09604230174,25-50%,1019716.2746272056,25-50%,95908.93178649212,0-25%,5.0,3.5,13.0,3.4708866004933965,0.159,0.005405011420688347,0,,0.0,5.0,0.0,0.0,0.0,0.0,-5.197523053665911,-0.001
1235,762798,4,2025-09-09,A,45.96349419511916,41-65,126219.7154481466,25-50%,2362385.053418477,50-75%,307477.5103809949,25-50%,3.5,11.0,18.1,7.110232926687994,0.226,0.014778597543522714,0,,0.0,3.5,0.0,0.0,0.0,0.0,-5.197523053665911,-0.001
1236,870933,4,2025-09-09,A,32.39802003917506,18-40,39443.26539889455,0-25%,96514.80007567572,0-25%,3663.130956183477,0-25%,7.75,4.5,38.6,2.2964840575793968,0.262,0.025043692711841356,0,,0.0,7.75,0.0,0.0,0.0,0.0,-5.197523053665911,-0.001
1237,288517,4,2025-09-09,A,54.59311649817653,41-65,198399.8688289094,50-75%,1378533.3298102485,50-75%,1543300.700642839,50-75%,15.0,9.0,3.4,6.753045551121395,0.202,0.004289118452074201,0,,0.0,15.0,0.0,0.0,0.0,0.0,-5.197523053665911,-0.001
1238,842862,4,2025-09-09,A,37.51385732698515,18-40,57234.80722422007,0-25%,155013.36031655688,0-25%,83142.57390538095,0-25%,4.25,11.75,7.7,6.617553362157904,0.203,0.02192114352564609,0,,0.0,4.25,0.0,0.0,0.0,0.0,-5.197523053665911,-0.001
1239,242864,4,2025-09-09,A,25.531946810174848,18-40,72690.71755888537,0-25%,374791.405703046,25-50%,16313.495039606274,0-25%,6.25,1.25,12.8,3.6656936149546526,0.24,0.03370549034820815,0,,0.0,6.25,0.0,0.0,0.0,0.0,-5.197523053665911,-0.001
1240,584945,4,2025-09-09,A,55.37021234250822,41-65,493188.0538616277,50-75%,354805.70974124206,0-25%,121526.87557456303,25-50%,9.25,2.75,14.1,10.161558074130957,0.184,0.009617476495445872,0,,0.0,9.25,0.0,0.0,0.0,0.0,-5.197523053665911,-0.001
1241,140592,4,2025-09-09,A,65.27720337403913,41-65,165227.2215276686,25-50%,743204.4455313457,25-50%,102477.24073586518,0-25%,7.75,4.75,4.8,1.7400377619803291,0.157,0.00473387958522477,0,,0.0,7.75,0.0,0.0,0.0,0.0,-5.197523053665911,-0.001
1242,473769,4,2025-09-09,A,62.77558549484553,41-65,76335.80592635393,0-25%,124018.36637697212,0-25%,10865.619559375637,0-25%,2.25,3.25,14.6,0.7257909599163571,0.124,0.012511976755264848,0,,0.0,2.25,0.0,0.0,0.0,0.0,-5.197523053665911,-0.001
1243,978755,4,2025-09-09,A,61.356091344740186,41-65,86467.56942546662,0-25%,972776.4356206934,25-50%,811257.6554009978,50-75%,8.5,4.25,96.6,8.265147299267959,0.189,0.0019431695393217817,0,,0.0,8.5,0.0,0.0,0.0,0.0,-5.197523053665911,-0.001
1244,122306,4,2025-09-09,A,57.91298186305279,41-65,146631.87623936738,25-50%,3835137.097773866,50-75%,1011875.1567834216,50-75%,1.75,2.75,9.2,11.121436253944246,0.155,0.006149902317564803,0,,0.0,1.75,0.0,0.0,0.0,0.0,-5.197523053665911,-0.001
1245,359195,4,2025-09-09,A,47.90270643860317,41-65,80430.50155875705,0-25%,514422.4123131663,25-50%,199521.12696259533,25-50%,6.5,8.25,0.9,4.526750739283805,0.224,0.013376099643730975,0,,0.0,6.5,0.0,0.0,0.0,0.0,-5.197523053665911,-0.001
1246,616901,4,2025-09-09,A,46.17923515123687,41-65,58640.63185211068,0-25%,246687.70546389557,0-25%,79132.47665225019,0-25%,6.0,4.75,11.4,3.38448450382435,0.187,0.00788803836912339,0,,0.0,6.0,0.0,0.0,0.0,0.0,-5.197523053665911,-0.001
1247,872739,4,2025-09-09,A,38.63189392656776,18-40,90324.56662690776,0-25%,847119.3955148908,25-50%,286149.9306464642,25-50%,7.75,11.25,8.7,0.4902574061807022,0.248,0.022472043947811993,0,,0.0,7.75,0.0,0.0,0.0,0.0,-5.197523053665911,-0.001
1248,201280,4,2025-09-09,A,28.27692105713556,18-40,565741.9084081935,>75%,3471369.7741249367,50-75%,12933186.014254425,>75%,7.5,4.0,18.3,9.253442029301246,0.312,0.014574893148908813,0,,0.0,7.5,0.0,0.0,0.0,0.0,-5.197523053665911,-0.001
1249,612759,4,2025-09-09,A,38.26244365441714,18-40,91957.7252992892,0-25%,45758.58228206104,0-25%,34443.60111301193,0-25%,11.5,8.25,9.3,0.7416797475568647,0.273,0.018327737613579694,1,2025-09-25,1.25,12.75,1149.4715662411152,0.0,1149.4715662411152,0.8046300963687807,-4.39289295729713,0.8036300963687807
1250,403155,4,2025-09-09,A,32.59602991854703,18-40,153176.89501414972,25-50%,351279.984180482,0-25%,38328.14959920776,0-25%,8.25,8.75,9.2,0.8369797425162868,0.233,0.057238112986732564,0,,0.0,8.25,0.0,0.0,0.0,0.0,-5.197523053665911,-0.001
1251,825369,4,2025-09-09,A,71.47358309744796,>65,896865.6434964553,>75%,29309707.096009538,>75%,2070241.078112264,>75%,3.25,13.25,1.2,7.70572344777519,0.127,0.006496391808633643,0,,0.0,3.25,0.0,0.0,0.0,0.0,-5.197523053665911,-0.001
1252,808231,4,2025-09-09,A,33.32429246741983,18-40,76488.06700509673,0-25%,115804.45376100102,0-25%,110268.19898260415,0-25%,9.75,13.5,41.7,13.953123031500445,0.243,0.02242017240385735,0,,0.0,9.75,0.0,0.0,0.0,0.0,-5.197523053665911,-0.001
1253,237939,4,2025-09-09,A,63.06199873437456,41-65,236404.86010168423,50-75%,795379.8762353075,25-50%,1127329.0433055616,50-75%,11.25,6.5,4.7,2.966121797075093,0.17,0.0035509190020308647,0,,0.0,11.25,0.0,0.0,0.0,0.0,-5.197523053665911,-0.001
1254,269157,4,2025-09-09,A,57.00195376015037,41-65,76150.80234424771,0-25%,782176.7130945987,25-50%,275183.3710729678,25-50%,6.0,11.75,3.8,4.333957001657449,0.199,0.007707341898805313,0,,0.0,6.0,0.0,0.0,0.0,0.0,-5.197523053665911,-0.001
1255,327179,4,2025-09-09,A,36.31691307246287,18-40,408809.181143909,50-75%,393266.63744273735,25-50%,278333.4622979779,25-50%,10.75,8.0,5.8,0.4258005629199669,0.27,0.02483696300817091,0,,0.0,10.75,0.0,0.0,0.0,0.0,-5.197523053665911,-0.001
1256,515664,4,2025-09-09,A,63.96414996966273,41-65,202276.30282413983,50-75%,3741150.6402639225,50-75%,583060.0811552723,50-75%,11.75,11.75,5.2,2.9056744643852754,0.162,0.0036633456994289177,0,,0.0,11.75,0.0,0.0,0.0,0.0,-5.197523053665911,-0.001
1257,987218,4,2025-09-09,A,37.58977423945182,18-40,124660.98176833177,25-50%,522849.9597106623,25-50%,498347.7530145202,50-75%,5.0,5.25,9.4,2.132010211510762,0.235,0.023129641101812343,0,,0.0,5.0,0.0,0.0,0.0,0.0,-5.197523053665911,-0.001
1258,930545,4,2025-09-09,A,75.14823543414981,>65,149211.24415493666,25-50%,5267715.141983471,50-75%,4394542.894110603,>75%,10.25,9.25,20.2,2.0452768904189584,0.166,0.0011582043488150193,0,,0.0,10.25,0.0,0.0,0.0,0.0,-5.197523053665911,-0.001
1259,531961,4,2025-09-09,A,54.99647332913392,41-65,84584.29927088888,0-25%,362012.6379879278,25-50%,239712.8137427853,25-50%,5.5,15.0,23.2,5.358055485688651,0.183,0.008621244423349146,0,,0.0,5.5,0.0,0.0,0.0,0.0,-5.197523053665911,-0.001
1260,806810,4,2025-09-09,A,51.43075336113876,41-65,2001936.448956259,>75%,9734736.79771219,>75%,378245.41089105216,25-50%,3.5,9.75,4.4,3.899047848862733,0.198,0.03929826856812134,0,,0.0,3.5,0.0,0.0,0.0,0.0,-5.197523053665911,-0.001
1261,337269,4,2025-09-09,A,60.23693784448034,41-65,90907.11345792736,0-25%,846700.2131289359,25-50%,1456475.7848711335,50-75%,13.5,12.5,74.8,9.299964828910571,0.191,0.001881949848524755,0,,0.0,13.5,0.0,0.0,0.0,0.0,-5.197523053665911,-0.001
1262,275457,4,2025-09-09,A,68.50883609241416,>65,184929.10165865257,50-75%,508946.9717351358,25-50%,558907.4947537357,50-75%,5.0,5.75,25.6,11.35101888244929,0.175,0.004370722715579001,0,,0.0,5.0,0.0,0.0,0.0,0.0,-5.197523053665911,-0.001
1263,857362,4,2025-09-09,A,66.00776105072609,>65,162075.4380785592,25-50%,1489377.3892088134,50-75%,47318.98708898073,0-25%,11.25,2.0,34.2,1.1295944267830835,0.138,0.005128429398774989,0,,0.0,11.25,0.0,0.0,0.0,0.0,-5.197523053665911,-0.001
1264,287816,4,2025-09-09,A,57.61280367535737,41-65,232661.58032401145,50-75%,2103952.341394708,50-75%,327684.82634421467,25-50%,5.0,6.75,52.3,14.146139788670544,0.184,0.008305129973541088,0,,0.0,5.0,0.0,0.0,0.0,0.0,-5.197523053665911,-0.001
1265,659616,4,2025-09-09,A,69.32429127644689,>65,249478.2832557689,50-75%,18659032.72336137,>75%,699444.9419377935,50-75%,7.25,10.25,33.8,1.5900332041919354,0.181,0.0057282290856923565,0,,0.0,7.25,0.0,0.0,0.0,0.0,-5.197523053665911,-0.001
1266,249165,4,2025-09-09,A,53.603676273859165,41-65,52531.41958901843,0-25%,194392.48642628535,0-25%,58060.10937308592,0-25%,14.25,9.0,12.0,2.0483532886293414,0.217,0.005717888404019178,0,,0.0,14.25,0.0,0.0,0.0,0.0,-5.197523053665911,-0.001
1267,629576,4,2025-09-09,A,35.229228915087035,18-40,72099.15317686657,0-25%,78905.62766012248,0-25%,45346.1746400931,0-25%,7.75,7.0,15.1,2.5663494427381397,0.259,0.017077933347894224,0,,0.0,7.75,0.0,0.0,0.0,0.0,-5.197523053665911,-0.001
1268,861518,4,2025-09-09,A,53.631830797105415,41-65,366153.45408236654,50-75%,768227.6902102709,25-50%,534964.2240137545,50-75%,9.5,8.0,18.5,1.3671462988277088,0.174,0.008245548733132388,0,,0.0,9.5,0.0,0.0,0.0,0.0,-5.197523053665911,-0.001
1269,729638,4,2025-09-09,A,85.45117420524342,>65,67606.99880829798,0-25%,2521066.607827416,50-75%,71414.1085726557,0-25%,10.0,3.5,13.0,7.66540399539619,0.118,0.0010567929307964113,0,,0.0,10.0,0.0,0.0,0.0,0.0,-5.197523053665911,-0.001
1270,382342,4,2025-09-09,A,64.46404434663879,41-65,63639.40405064292,0-25%,707550.0951275234,25-50%,46544.79814010494,0-25%,10.0,5.5,8.4,0.974428372738596,0.163,0.003906304461837092,0,,0.0,10.0,0.0,0.0,0.0,0.0,-5.197523053665911,-0.001
1271,213630,4,2025-09-09,A,48.58214206188791,41-65,37289.26926337967,0-25%,22855.255048284613,0-25%,6837.680713083788,0-25%,11.5,5.5,11.3,2.481235870311206,0.224,0.010016139040927961,0,,0.0,11.5,0.0,0.0,0.0,0.0,-5.197523053665911,-0.001
1272,115103,4,2025-09-09,A,82.59666570357982,>65,1822556.924397604,>75%,39453182.18110176,>75%,6231457.687695376,>75%,7.5,8.25,16.3,1.3515587934807634,0.105,0.004524416636094483,0,,0.0,7.5,0.0,0.0,0.0,0.0,-5.197523053665911,-0.001
1273,695686,4,2025-09-09,A,38.69995070682293,18-40,254531.7651446316,50-75%,2343448.4459773344,50-75%,1091280.5031538452,50-75%,16.0,7.75,2.9,2.147918426132813,0.234,0.012892195787651866,0,,0.0,16.0,0.0,0.0,0.0,0.0,-5.197523053665911,-0.001
1274,448123,4,2025-09-09,A,54.881745179628005,41-65,49495.7609086326,0-25%,405425.3626028127,25-50%,552889.1354401836,50-75%,6.75,11.5,35.8,1.898862511262813,0.193,0.006079122796842141,0,,0.0,6.75,0.0,0.0,0.0,0.0,-5.197523053665911,-0.001
1275,227053,4,2025-09-09,A,62.350448386152266,41-65,104713.66607210938,25-50%,1132939.8837630253,25-50%,724910.1982109506,50-75%,13.25,9.0,82.5,0.9265642339602332,0.165,0.002552141274683548,0,,0.0,13.25,0.0,0.0,0.0,0.0,-5.197523053665911,-0.001
1276,756557,4,2025-09-09,A,34.83607750517613,18-40,1251423.3577078504,>75%,323853.53496885335,0-25%,360918.5588402497,25-50%,6.5,11.25,8.7,1.306121671918798,0.253,0.07621512684345887,0,,0.0,6.5,0.0,0.0,0.0,0.0,-5.197523053665911,-0.001
1277,821432,4,2025-09-09,A,71.45226355698772,>65,203842.53529149137,50-75%,12832723.289524691,>75%,344430.9445012984,25-50%,11.5,12.5,36.2,0.2068204557151584,0.113,0.0056677521576239285,0,,0.0,11.5,0.0,0.0,0.0,0.0,-5.197523053665911,-0.001
1278,416805,4,2025-09-09,A,48.441965649631626,41-65,204347.8957314883,50-75%,474376.7047863937,25-50%,892336.653836432,50-75%,14.0,9.25,13.8,9.01088460732676,0.194,0.00617950037177145,0,,0.0,14.0,0.0,0.0,0.0,0.0,-5.197523053665911,-0.001
1279,723238,4,2025-09-09,A,45.80465604003738,41-65,89072.19623384866,0-25%,140770.40622634947,0-25%,52414.82527823994,0-25%,11.75,15.5,47.8,7.422043807226442,0.229,0.017571137519465506,0,,0.0,11.75,0.0,0.0,0.0,0.0,-5.197523053665911,-0.001
1280,900884,4,2025-09-09,A,54.90222927453637,41-65,1019128.9323624712,>75%,3191910.5580495787,50-75%,1647317.577923191,50-75%,9.5,8.75,0.6,0.7926683241919353,0.186,0.009949225513680689,0,,0.0,9.5,0.0,0.0,0.0,0.0,-5.197523053665911,-0.001
1281,494115,4,2025-09-09,A,70.1670061625316,>65,866439.5293315194,>75%,1784177.3188978238,50-75%,810408.0951938719,50-75%,3.25,4.75,81.6,8.674185312328794,0.152,0.006963674492237886,0,,0.0,3.25,0.0,0.0,0.0,0.0,-5.197523053665911,-0.001
1282,723253,4,2025-09-09,A,59.09687657973824,41-65,2678450.624359665,>75%,4441455.362361921,50-75%,373568.33316225297,25-50%,6.5,4.0,16.3,4.960526920322463,0.194,0.014798712432511891,0,,0.0,6.5,0.0,0.0,0.0,0.0,-5.197523053665911,-0.001
1283,721845,4,2025-09-09,A,48.871112780530034,41-65,99088.77408116074,25-50%,1449266.1163384214,50-75%,487169.2677220894,25-50%,6.25,5.75,30.1,2.197154357363662,0.212,0.005778209433761178,0,,0.0,6.25,0.0,0.0,0.0,0.0,-5.197523053665911,-0.001
1284,520966,4,2025-09-09,A,36.92407477112781,18-40,95245.09285584652,25-50%,38448.75230009071,0-25%,12876.569574499996,0-25%,7.5,2.75,32.9,2.6708188516299627,0.261,0.022363649216540434,0,,0.0,7.5,0.0,0.0,0.0,0.0,-5.197523053665911,-0.001
1285,772055,4,2025-09-09,A,59.12205293039723,41-65,103940.44028079306,25-50%,8134688.712159897,>75%,3867463.96212856,>75%,5.25,8.0,4.7,3.37475844527019,0.168,0.00455205721313143,0,,0.0,5.25,0.0,0.0,0.0,0.0,-5.197523053665911,-0.001
1286,954701,4,2025-09-09,A,57.82056628148716,41-65,635434.0653706741,>75%,18087089.620440457,>75%,2366819.5632801647,>75%,7.0,5.5,44.3,22.96892958510588,0.193,0.0033799735732863586,0,,0.0,7.0,0.0,0.0,0.0,0.0,-5.197523053665911,-0.001
1287,318158,4,2025-09-09,A,79.43973102276753,>65,129216.30167604,25-50%,3421428.796852979,50-75%,2124544.238711484,>75%,6.75,6.5,6.2,0.6852227886860248,0.135,0.0010929923175853856,0,,0.0,6.75,0.0,0.0,0.0,0.0,-5.197523053665911,-0.001
1288,101454,4,2025-09-09,A,38.29460423891282,18-40,161286.23077985138,25-50%,1947582.367362266,50-75%,2668616.532165876,>75%,8.75,4.25,23.1,3.461189277699478,0.247,0.00824773490599121,0,,0.0,8.75,0.0,0.0,0.0,0.0,-5.197523053665911,-0.001
1289,166898,4,2025-09-09,A,34.71833792386313,18-40,173707.61007485297,25-50%,163267.85148089178,0-25%,127751.19206783718,25-50%,6.75,7.0,105.3,4.482450422709721,0.252,0.03210836871242472,0,,0.0,6.75,0.0,0.0,0.0,0.0,-5.197523053665911,-0.001
1290,407384,4,2025-09-09,A,73.82002070685333,>65,49172.60735696343,0-25%,123736.17046420198,0-25%,26970.844963088795,0-25%,3.75,11.5,43.9,1.9720198815883971,0.117,0.004438539813225277,0,,0.0,3.75,0.0,0.0,0.0,0.0,-5.197523053665911,-0.001
1291,929547,4,2025-09-09,A,66.25658856042824,>65,81231.50932720213,0-25%,540642.8423340529,25-50%,26098.86255719128,0-25%,9.75,14.25,34.5,7.672908707531702,0.133,0.007197262668523751,0,,0.0,9.75,0.0,0.0,0.0,0.0,-5.197523053665911,-0.001
1292,105946,4,2025-09-09,A,48.603891797680376,41-65,3798141.768744777,>75%,24313019.33085559,>75%,2728866.01803614,>75%,8.25,7.25,29.6,1.6466928614716208,0.224,0.01996880285583081,0,,0.0,8.25,0.0,0.0,0.0,0.0,-5.197523053665911,-0.001
1293,996487,4,2025-09-09,A,31.063758756858228,18-40,67108.03322943267,0-25%,66022.99914023459,0-25%,243630.6344143716,25-50%,10.5,7.75,13.9,2.3405115444741877,0.245,0.01427121342094252,0,,0.0,10.5,0.0,0.0,0.0,0.0,-5.197523053665911,-0.001
1294,894694,4,2025-09-09,A,59.23645496720931,41-65,28883.90903342714,0-25%,66192.7799344607,0-25%,66309.68846285217,0-25%,5.75,5.0,26.0,2.417453962393476,0.163,0.003097017852407408,0,,0.0,5.75,0.0,0.0,0.0,0.0,-5.197523053665911,-0.001
1295,510938,4,2025-09-09,A,40.09593391710315,18-40,47115.44351272161,0-25%,238941.23296291265,0-25%,43722.73565563068,0-25%,6.25,5.0,85.8,12.56967705202134,0.22,0.0075733410758333525,0,,0.0,6.25,0.0,0.0,0.0,0.0,-5.197523053665911,-0.001
1296,564718,4,2025-09-09,A,58.59124846412614,41-65,29344.18349318368,0-25%,16729.00040971004,0-25%,6996.091608921636,0-25%,7.25,4.5,11.9,13.981050644014292,0.178,0.004054083720038706,0,,0.0,7.25,0.0,0.0,0.0,0.0,-5.197523053665911,-0.001
1297,579987,4,2025-09-09,A,42.22561585866753,41-65,6627322.432525498,>75%,152671332.2169539,>75%,8503969.874486595,>75%,4.0,7.25,10.1,3.418763769423093,0.222,0.052775739607663096,0,,0.0,4.0,0.0,0.0,0.0,0.0,-5.197523053665911,-0.001
1298,542336,4,2025-09-09,A,64.51790283795494,41-65,149623.107905386,25-50%,381820.0958950645,25-50%,30742.909283139397,0-25%,13.5,13.5,2.1,9.137460272347298,0.171,0.005115118343187917,0,,0.0,13.5,0.0,0.0,0.0,0.0,-5.197523053665911,-0.001
1299,114098,4,2025-09-09,A,69.66773414149363,>65,178452.1858430664,25-50%,8974440.903128233,>75%,5748817.001881758,>75%,9.25,13.75,43.7,6.434110221228216,0.151,0.0026566858539210725,0,,0.0,9.25,0.0,0.0,0.0,0.0,-5.197523053665911,-0.001
1300,444503,4,2025-09-09,A,48.835354356688256,41-65,341560.71803547774,50-75%,5779822.399330283,50-75%,2855277.984174288,>75%,8.25,9.75,113.7,6.474832082064985,0.225,0.0101987283789884,0,,0.0,8.25,0.0,0.0,0.0,0.0,-5.197523053665911,-0.001
1301,688423,4,2025-09-09,A,45.278004252658086,41-65,69575.22691918461,0-25%,76457.99142787785,0-25%,167090.66871526523,25-50%,8.75,7.75,78.3,1.0578931284835191,0.223,0.0070006422749883095,0,,0.0,8.75,0.0,0.0,0.0,0.0,-5.197523053665911,-0.001
1302,499358,4,2025-09-09,A,31.82383681425452,18-40,53454.496142136384,0-25%,44305.836789828645,0-25%,201082.80011035892,25-50%,3.5,7.25,53.7,8.315843267528713,0.292,0.020421706175804306,0,,0.0,3.5,0.0,0.0,0.0,0.0,-5.197523053665911,-0.001
1303,953935,4,2025-09-09,A,19.293203418659896,18-40,74913.65565457956,0-25%,56785.81169021291,0-25%,11231.968263290626,0-25%,13.25,6.0,147.1,0.8931104605096774,0.292,0.0412413159741423,0,,0.0,13.25,0.0,0.0,0.0,0.0,-5.197523053665911,-0.001
1304,943484,4,2025-09-09,A,50.00905524170431,41-65,158989.38051639474,25-50%,202850.2520889552,0-25%,24319.079081478398,0-25%,8.25,10.75,3.7,4.8807238208758745,0.228,0.025112588057466426,0,,0.0,8.25,0.0,0.0,0.0,0.0,-5.197523053665911,-0.001
1305,204755,4,2025-09-09,A,60.873437875811874,41-65,784086.8528328524,>75%,2528494.4657308115,50-75%,22465.26056185571,0-25%,8.5,3.25,42.9,6.128213079587907,0.171,0.013467634085059308,0,,0.0,8.5,0.0,0.0,0.0,0.0,-5.197523053665911,-0.001
1306,183018,4,2025-09-09,A,57.30506842831329,41-65,381805.927660934,50-75%,1407489.547427143,50-75%,530252.120089379,50-75%,5.75,6.75,85.9,1.5108598817324028,0.158,0.012095637418048437,0,,0.0,5.75,0.0,0.0,0.0,0.0,-5.197523053665911,-0.001
1307,338241,4,2025-09-09,A,53.63006455455245,41-65,192922.7225091429,50-75%,740731.8407407774,25-50%,24354.63017481658,0-25%,8.5,6.75,20.3,1.8372397321048943,0.227,0.01204115611539015,0,,0.0,8.5,0.0,0.0,0.0,0.0,-5.197523053665911,-0.001
1308,607984,4,2025-09-09,A,34.59722857314817,18-40,179560.3581718877,25-50%,392958.38129112136,25-50%,90005.32977964755,0-25%,4.75,14.75,21.5,2.9172967353682995,0.247,0.04316381863135536,0,,0.0,4.75,0.0,0.0,0.0,0.0,-5.197523053665911,-0.001
1309,923489,4,2025-09-09,A,39.23684672784604,18-40,98627.4016499176,25-50%,236800.1894558038,0-25%,620317.9086131834,50-75%,3.0,7.75,26.6,5.951552190114027,0.229,0.016147634577029474,0,,0.0,3.0,0.0,0.0,0.0,0.0,-5.197523053665911,-0.001
1310,600108,4,2025-09-09,A,54.19468247327796,41-65,153501.9750287748,25-50%,108305.07139055096,0-25%,139854.29086814166,25-50%,7.0,2.0,26.6,6.656739908713812,0.177,0.006329366729732762,0,,0.0,7.0,0.0,0.0,0.0,0.0,-5.197523053665911,-0.001
1311,559477,4,2025-09-09,A,40.4980577933609,18-40,66325.52230742697,0-25%,200323.8673611836,0-25%,236952.15373362217,25-50%,4.0,7.25,129.8,2.6049429574284027,0.238,0.013913581273038905,0,,0.0,4.0,0.0,0.0,0.0,0.0,-5.197523053665911,-0.001
1312,301027,4,2025-09-09,A,68.22121298877077,>65,45024.40955112218,0-25%,182376.127869196,0-25%,87376.45119702537,0-25%,5.25,9.75,55.9,11.5588730308177,0.125,0.0033547030982575107,0,,0.0,5.25,0.0,0.0,0.0,0.0,-5.197523053665911,-0.001
1313,892218,4,2025-09-09,A,59.95020060311564,41-65,97373.8255868184,25-50%,158756.16260639342,0-25%,50857.85212113452,0-25%,12.75,11.5,5.0,4.973499519236617,0.176,0.005276595830902694,0,,0.0,12.75,0.0,0.0,0.0,0.0,-5.197523053665911,-0.001
1314,620883,4,2025-09-09,A,49.79147053503032,41-65,118019.96691499624,25-50%,663173.5750434373,25-50%,134189.3121175808,25-50%,10.75,11.25,17.8,0.9615009702628928,0.197,0.016555650033578596,0,,0.0,10.75,0.0,0.0,0.0,0.0,-5.197523053665911,-0.001
1315,661213,4,2025-09-09,A,43.03759261311582,41-65,34580.928298035615,0-25%,19565.231007475988,0-25%,7053.022045145466,0-25%,4.75,10.75,72.8,0.4819620104403267,0.251,0.02335389432794347,0,,0.0,4.75,0.0,0.0,0.0,0.0,-5.197523053665911,-0.001
1316,621418,4,2025-09-09,A,53.36998067457517,41-65,125181.43801794144,25-50%,1418531.6387371556,50-75%,1265571.963752493,50-75%,10.75,4.75,22.5,5.295828556502715,0.188,0.0038869235696153944,0,,0.0,10.75,0.0,0.0,0.0,0.0,-5.197523053665911,-0.001
1317,684972,4,2025-09-09,A,73.56303292086734,>65,104426.14038590352,25-50%,525512.1128396719,25-50%,284058.248435688,25-50%,9.25,9.0,7.9,12.198783971749728,0.101,0.001553055574166584,0,,0.0,9.25,0.0,0.0,0.0,0.0,-5.197523053665911,-0.001
1318,635904,4,2025-09-09,A,62.11576327779402,41-65,326310.95312140044,50-75%,7251690.409757547,>75%,872829.3914311623,50-75%,3.75,12.5,2.0,2.544867129866082,0.185,0.009179833049035475,0,,0.0,3.75,0.0,0.0,0.0,0.0,-5.197523053665911,-0.001
1319,352421,4,2025-09-09,A,47.15844782055188,41-65,635688.1971796473,>75%,2894659.2723032204,50-75%,1040585.584274006,50-75%,7.0,6.75,9.4,1.36332004634669,0.22,0.012783279349458722,0,,0.0,7.0,0.0,0.0,0.0,0.0,-5.197523053665911,-0.001
1320,609234,4,2025-09-09,A,39.65923062491046,18-40,2940397.514205559,>75%,756000.2636669821,25-50%,690423.1665084474,50-75%,8.75,6.0,53.4,3.3741137432477912,0.279,0.03414964389726059,0,,0.0,8.75,0.0,0.0,0.0,0.0,-5.197523053665911,-0.001
1321,761962,4,2025-09-09,A,54.833834759525054,41-65,95900.93312416771,25-50%,374037.77295735694,25-50%,183757.7014705317,25-50%,9.25,6.75,16.6,7.580102134810454,0.215,0.00468399082529525,0,,0.0,9.25,0.0,0.0,0.0,0.0,-5.197523053665911,-0.001
1322,857514,4,2025-09-09,A,53.58172961623415,41-65,71090.97211102792,0-25%,417944.6238479775,25-50%,32443.06939751328,0-25%,4.5,8.75,41.8,2.710156026120308,0.183,0.013653010883278001,0,,0.0,4.5,0.0,0.0,0.0,0.0,-5.197523053665911,-0.001
1983,275867,4,2025-09-09,B,63.95840726452938,41-65,61561.760146935165,0-25%,1043154.99958454,25-50%,316630.6121048437,25-50%,14.75,6.25,66.6,16.82807196434915,0.181,0.0046736489881180005,0,,0.0,14.75,0.0,0.0,0.0,0.0,-5.197523053665911,-0.001
1984,845382,4,2025-09-09,B,54.5320152970749,41-65,185023.4474449954,50-75%,600473.3622087245,25-50%,115300.68253922588,0-25%,2.75,12.75,36.5,3.562509994499361,0.216,0.04368033190041821,0,,0.0,2.75,0.0,0.0,0.0,0.0,-5.197523053665911,-0.001
1985,112014,4,2025-09-09,B,37.32682790236292,18-40,10791152.013919326,>75%,79405315.79352093,>75%,3089195.417855431,>75%,1.75,10.75,45.2,6.003824781542349,0.215,0.2266297401274145,0,,0.0,1.75,0.0,0.0,0.0,0.0,-5.197523053665911,-0.001
1986,495233,4,2025-09-09,B,65.63506455618102,41-65,240916.53408757143,50-75%,568215.2922472365,25-50%,667874.9290673775,50-75%,10.0,10.75,8.9,5.370053226370741,0.206,0.01966144743474406,0,,0.0,10.0,0.0,0.0,0.0,0.0,-5.197523053665911,-0.001
1987,972336,4,2025-09-09,B,62.10467156337101,41-65,222044.3962134033,50-75%,748943.1364054803,25-50%,307591.3672008426,25-50%,14.75,10.75,21.8,8.621395131040359,0.133,0.01216147321760347,0,,0.0,14.75,0.0,0.0,0.0,0.0,-5.197523053665911,-0.001
1988,413210,4,2025-09-09,B,75.2483672012141,>65,72195.11448026623,0-25%,73450.26938091815,0-25%,194908.1708800194,25-50%,12.75,10.75,14.4,5.499775539623784,0.122,0.004662663611937139,0,,0.0,12.75,0.0,0.0,0.0,0.0,-5.197523053665911,-0.001
1989,694172,4,2025-09-09,B,41.11062207335444,41-65,1210286.2924627557,>75%,25163971.618015,>75%,6432953.884607836,>75%,7.0,9.25,10.2,1.16434921074503,0.248,0.08704483069389315,0,,0.0,7.0,0.0,0.0,0.0,0.0,-5.197523053665911,-0.001
1990,290822,4,2025-09-09,B,68.39458685171422,>65,123307.3129765395,25-50%,658199.9891553711,25-50%,2985954.677820816,>75%,10.25,7.0,9.1,10.892450604599007,0.164,0.0040414302130428615,0,,0.0,10.25,0.0,0.0,0.0,0.0,-5.197523053665911,-0.001
1991,850267,4,2025-09-09,B,61.42199583510846,41-65,79952.42973208457,0-25%,1530629.7244965406,50-75%,30448.696601554293,0-25%,4.5,4.5,39.4,2.7930020704556884,0.219,0.014902277612313223,0,,0.0,4.5,0.0,0.0,0.0,0.0,-5.197523053665911,-0.001
1992,871588,4,2025-09-09,B,63.00835121541614,41-65,70327.3689359736,0-25%,573457.0567603996,25-50%,126003.47524164437,25-50%,4.0,9.5,6.9,0.2070449619673097,0.209,0.021538135771620965,0,,0.0,4.0,0.0,0.0,0.0,0.0,-5.197523053665911,-0.001
1993,558067,4,2025-09-09,B,68.73922834186001,>65,122119.52371815844,25-50%,633527.8059840003,25-50%,597374.8480714737,50-75%,9.5,6.25,44.1,2.46712767353024,0.154,0.006482929644912005,0,,0.0,9.5,0.0,0.0,0.0,0.0,-5.197523053665911,-0.001
1994,963289,4,2025-09-09,B,73.76879642038644,>65,86040.20677922461,0-25%,389193.8045222413,25-50%,485852.0295974236,25-50%,6.25,2.75,46.0,1.319101802396046,0.158,0.004630558321650034,0,,0.0,6.25,0.0,0.0,0.0,0.0,-5.197523053665911,-0.001
1995,846104,4,2025-09-09,B,65.5160438528259,41-65,2461336.447978279,>75%,46849929.99440217,>75%,9736545.947175903,>75%,5.75,3.75,61.0,2.4785098712169424,0.155,0.014841108079713734,0,,0.0,5.75,0.0,0.0,0.0,0.0,-5.197523053665911,-0.001
1996,728167,4,2025-09-09,B,74.18121870543362,>65,174693.40343624385,25-50%,6720039.335082737,>75%,3707404.366556115,>75%,12.0,4.75,28.6,5.223895099825311,0.101,0.0037190649635047463,0,,0.0,12.0,0.0,0.0,0.0,0.0,-5.197523053665911,-0.001
1997,832921,4,2025-09-09,B,55.578901330670654,41-65,67941.94225580164,0-25%,237363.21548950957,0-25%,245477.1093251892,25-50%,6.75,3.75,9.0,24.36599833426057,0.17,0.007309588310099469,0,,0.0,6.75,0.0,0.0,0.0,0.0,-5.197523053665911,-0.001
1998,886538,4,2025-09-09,B,70.87559143167951,>65,495618.0802165159,50-75%,16600733.287720583,>75%,2585582.7922926717,>75%,4.5,8.0,44.0,6.676997150713978,0.134,0.013932259479749257,0,,0.0,4.5,0.0,0.0,0.0,0.0,-5.197523053665911,-0.001
1999,361794,4,2025-09-09,B,55.25974798286792,41-65,2874578.226383646,>75%,3467314.8924224377,50-75%,5801339.866041767,>75%,11.5,6.75,4.9,0.2057461272861218,0.19,0.03482631166512712,0,,0.0,11.5,0.0,0.0,0.0,0.0,-5.197523053665911,-0.001
2000,318269,4,2025-09-09,B,67.66476346355401,>65,67901.15895722376,0-25%,382651.2276132296,25-50%,34037.05541085359,0-25%,10.5,12.75,71.9,0.2686507624400259,0.176,0.019591859903321813,0,,0.0,10.5,0.0,0.0,0.0,0.0,-5.197523053665911,-0.001
2001,574305,4,2025-09-09,B,66.38169036304582,>65,77040.01012070334,0-25%,516090.3979969338,25-50%,155148.7653333022,25-50%,7.75,5.5,5.2,6.042874749891068,0.173,0.007920159798479556,0,,0.0,7.75,0.0,0.0,0.0,0.0,-5.197523053665911,-0.001
2002,286522,4,2025-09-09,B,84.15590519103017,>65,139086.83247287717,25-50%,1574165.017329689,50-75%,663592.4160359981,50-75%,7.75,8.5,37.8,12.733982669119468,0.127,0.0048035209927470585,0,,0.0,7.75,0.0,0.0,0.0,0.0,-5.197523053665911,-0.001
2003,295050,4,2025-09-09,B,65.39039307759053,41-65,4532526.885870232,>75%,16387488.903262522,>75%,891325.1460662091,50-75%,7.75,15.5,46.4,2.133656823728116,0.137,0.0652251861435559,0,,0.0,7.75,0.0,0.0,0.0,0.0,-5.197523053665911,-0.001
2004,818646,4,2025-09-09,B,76.90862727684323,>65,79127.0723281002,0-25%,832316.406926986,25-50%,316315.09579324233,25-50%,13.0,5.75,52.0,3.919329235232164,0.147,0.0038722386284683113,0,,0.0,13.0,0.0,0.0,0.0,0.0,-5.197523053665911,-0.001
2005,734305,4,2025-09-09,B,49.90986278743482,41-65,1857953.1847837933,>75%,6658045.847186362,>75%,6301835.351476815,>75%,5.0,4.75,26.6,2.3214118160889714,0.211,0.033610194532179456,0,,0.0,5.0,0.0,0.0,0.0,0.0,-5.197523053665911,-0.001
2006,171556,4,2025-09-09,B,64.26468252527538,41-65,80914.16702210708,0-25%,457337.46828061127,25-50%,113377.38539830263,0-25%,8.5,7.0,5.0,0.998863387543325,0.156,0.010941192332013204,0,,0.0,8.5,0.0,0.0,0.0,0.0,-5.197523053665911,-0.001
2007,177735,4,2025-09-09,B,62.18183179670499,41-65,1053554.722465011,>75%,8408110.026751922,>75%,6157456.586826993,>75%,4.0,7.25,0.9,11.362104611957314,0.165,0.023910407967985995,0,,0.0,4.0,0.0,0.0,0.0,0.0,-5.197523053665911,-0.001
2008,771612,4,2025-09-09,B,52.05697403373543,41-65,186330.15078321903,50-75%,1178180.0787186169,25-50%,2508685.8098002365,>75%,11.5,9.25,24.9,1.5665781284064872,0.214,0.013999175681443573,0,,0.0,11.5,0.0,0.0,0.0,0.0,-5.197523053665911,-0.001
2009,155376,4,2025-09-09,B,46.786051620218494,41-65,61214.60883881411,0-25%,25159.6761099702,0-25%,78542.49033708511,0-25%,4.75,7.0,32.0,4.466279792398345,0.203,0.042704109796775955,0,,0.0,4.75,0.0,0.0,0.0,0.0,-5.197523053665911,-0.001
2010,550953,4,2025-09-09,B,64.17005428896913,41-65,573048.0287815698,>75%,6395980.973938152,>75%,3035361.0768663613,>75%,5.75,9.5,44.2,4.654110698210448,0.145,0.021037429377655632,0,,0.0,5.75,0.0,0.0,0.0,0.0,-5.197523053665911,-0.001
2011,351070,4,2025-09-09,B,41.133235409596764,41-65,243573.8674940449,50-75%,333952.70425286755,0-25%,290950.8041373137,25-50%,10.5,1.5,4.1,2.154428055005779,0.273,0.043873889194396935,0,,0.0,10.5,0.0,0.0,0.0,0.0,-5.197523053665911,-0.001
2012,259571,4,2025-09-09,B,35.68827473084152,18-40,132222.1473985896,25-50%,991218.588007832,25-50%,294371.6316633703,25-50%,8.0,6.0,0.1,0.8695438440220163,0.226,0.04580582365261508,0,,0.0,8.0,0.0,0.0,0.0,0.0,-5.197523053665911,-0.001
2013,908573,4,2025-09-09,B,70.69391928796144,>65,96551.99002664047,25-50%,2056005.227142228,50-75%,524891.235904447,50-75%,4.5,3.0,29.0,2.400796896177491,0.135,0.005631100575132953,0,,0.0,4.5,0.0,0.0,0.0,0.0,-5.197523053665911,-0.001
2014,608759,4,2025-09-09,B,60.61277105760424,41-65,88606.06005062339,0-25%,1481273.3404687229,50-75%,271450.01794926065,25-50%,4.0,8.5,5.5,7.124039321018158,0.173,0.019182017809456924,0,,0.0,4.0,0.0,0.0,0.0,0.0,-5.197523053665911,-0.001
2015,146332,4,2025-09-09,B,40.2666564736976,18-40,135838.73123696138,25-50%,998706.5308029765,25-50%,5683609.941465533,>75%,6.0,4.25,17.8,1.916200911581492,0.276,0.0185111302805024,0,,0.0,6.0,0.0,0.0,0.0,0.0,-5.197523053665911,-0.001
2016,888803,4,2025-09-09,B,44.85575343257655,41-65,114409.2680092139,25-50%,399191.94598453154,25-50%,348682.98809612007,25-50%,6.75,9.0,4.9,0.0955578678982981,0.225,0.052200747283134966,0,,0.0,6.75,0.0,0.0,0.0,0.0,-5.197523053665911,-0.001
2017,801569,4,2025-09-09,B,41.22058533604381,41-65,97426.75414425916,25-50%,209182.38603462436,0-25%,921349.043554715,50-75%,9.0,3.5,33.5,0.9801944201950438,0.211,0.02246730083506403,0,,0.0,9.0,0.0,0.0,0.0,0.0,-5.197523053665911,-0.001
2018,378037,4,2025-09-09,B,38.36588317884536,18-40,88720.76875529088,0-25%,172787.47438961596,0-25%,34213.43352180798,0-25%,13.25,11.25,10.5,4.414585899879554,0.254,0.04810827962819345,0,,0.0,13.25,0.0,0.0,0.0,0.0,-5.197523053665911,-0.001
2019,303842,4,2025-09-09,B,71.75985038976333,>65,65458.03943570423,0-25%,6831090.621068454,>75%,181706.9244843514,25-50%,5.75,7.25,42.6,37.40391738948624,0.135,0.004555225796523852,0,,0.0,5.75,0.0,0.0,0.0,0.0,-5.197523053665911,-0.001
2020,229846,4,2025-09-09,B,52.97868413551414,41-65,70704.65892078988,0-25%,4792878.193963025,50-75%,1352143.782695728,50-75%,3.75,9.0,18.2,1.834044243699644,0.173,0.019997099547926233,0,,0.0,3.75,0.0,0.0,0.0,0.0,-5.197523053665911,-0.001
2021,738630,4,2025-09-09,B,37.278511773846,18-40,287082.7147559934,50-75%,2204844.4864891274,50-75%,3169168.9698218545,>75%,5.75,10.5,0.0,5.874114747596785,0.208,0.06109362336675548,0,,0.0,5.75,0.0,0.0,0.0,0.0,-5.197523053665911,-0.001
2022,772403,4,2025-09-09,B,47.72024717254996,41-65,188980.77497643727,50-75%,4441086.699475921,50-75%,581201.3875394079,50-75%,8.0,9.25,5.6,2.9009033659198318,0.191,0.04705364457306333,0,,0.0,8.0,0.0,0.0,0.0,0.0,-5.197523053665911,-0.001
2023,420463,4,2025-09-09,B,35.047174008367975,18-40,91721.14633740678,0-25%,121425.7847284692,0-25%,18546.64191915365,0-25%,11.5,8.5,20.0,2.185810684272953,0.268,0.06722356203682961,0,,0.0,11.5,0.0,0.0,0.0,0.0,-5.197523053665911,-0.001
2024,407576,4,2025-09-09,B,67.49645698101678,>65,224009.7224552005,50-75%,2896005.9098538617,50-75%,5830581.888670784,>75%,6.25,7.0,22.4,15.913580598443826,0.167,0.008105084075609743,0,,0.0,6.25,0.0,0.0,0.0,0.0,-5.197523053665911,-0.001
2025,233433,4,2025-09-09,B,48.29072582954341,41-65,286439.16033817735,50-75%,1354555.3938777852,50-75%,527834.6167607026,50-75%,5.75,7.0,23.4,10.644555701320453,0.226,0.04456468785758805,0,,0.0,5.75,0.0,0.0,0.0,0.0,-5.197523053665911,-0.001
2026,905911,4,2025-09-09,B,41.57737284059317,41-65,44207.02215572925,0-25%,42125.68783524302,0-25%,32018.72413094629,0-25%,2.75,5.25,40.9,4.7758968107778585,0.224,0.05638628432010087,0,,0.0,2.75,0.0,0.0,0.0,0.0,-5.197523053665911,-0.001
2027,546893,4,2025-09-09,B,74.72650949869342,>65,81265.29614882357,0-25%,2926323.0450841435,50-75%,136672.12302776542,25-50%,8.0,6.25,0.4,8.221878108841889,0.168,0.005233566083295158,0,,0.0,8.0,0.0,0.0,0.0,0.0,-5.197523053665911,-0.001
2028,266365,4,2025-09-09,B,36.42400642626449,18-40,5775160.807169521,>75%,28759446.693173643,>75%,1748888.648508514,>75%,3.5,9.5,28.7,0.3624469848922061,0.266,0.2395310186241881,1,2025-09-30,4.25,7.75,245444.33430470468,245444.33430470468,490888.66860940936,343.6220680265866,338.4245449729207,343.6210680265866
2029,474218,4,2025-09-09,B,50.769125214739056,41-65,94483.08485389172,0-25%,180019.72145489312,0-25%,92035.27970952656,0-25%,7.0,10.25,1.8,2.7047647170103533,0.17,0.04523272834359977,0,,0.0,7.0,0.0,0.0,0.0,0.0,-5.197523053665911,-0.001
2030,917158,4,2025-09-09,B,51.975780191949866,41-65,207005.73693004748,50-75%,1633860.8480212328,50-75%,153884.18946964658,25-50%,4.5,7.5,0.1,2.498996497597457,0.203,0.05365657268832076,0,,0.0,4.5,0.0,0.0,0.0,0.0,-5.197523053665911,-0.001
2031,818054,4,2025-09-09,B,86.2899682373053,>65,6931267.782778952,>75%,131720988.33048376,>75%,10123209.317698635,>75%,5.25,8.0,5.3,1.1697738511077858,0.1,0.018672540317734576,0,,0.0,5.25,0.0,0.0,0.0,0.0,-5.197523053665911,-0.001
2032,549773,4,2025-09-09,B,78.70818870706644,>65,223783.21416474404,50-75%,13785744.504876187,>75%,597339.8847438254,50-75%,4.25,10.25,30.9,3.581452567477968,0.101,0.010160613995706426,0,,0.0,4.25,0.0,0.0,0.0,0.0,-5.197523053665911,-0.001
2033,849210,4,2025-09-09,B,31.53048884462784,18-40,139127.38861258305,25-50%,301951.2772539377,0-25%,101624.41746085072,0-25%,7.5,10.5,5.2,2.523226908841492,0.29,0.1269386879250448,0,,0.0,7.5,0.0,0.0,0.0,0.0,-5.197523053665911,-0.001
2034,479419,4,2025-09-09,B,64.01107195484617,41-65,398236.8006196976,50-75%,70770092.62803657,>75%,999503.2772892034,50-75%,5.5,8.75,0.2,20.51785056776148,0.138,0.016945748671156932,0,,0.0,5.5,0.0,0.0,0.0,0.0,-5.197523053665911,-0.001
2035,119042,4,2025-09-09,B,73.06519713019763,>65,724400.5724502205,>75%,7831973.8060454335,>75%,536502.5762933549,50-75%,12.25,4.5,6.6,10.214346100247306,0.129,0.010310686772858737,0,,0.0,12.25,0.0,0.0,0.0,0.0,-5.197523053665911,-0.001
2036,780797,4,2025-09-09,B,23.246437317759653,18-40,88293.0521432123,0-25%,26199.682241957704,0-25%,14941.14263448254,0-25%,7.75,12.0,168.5,0.7543337147312368,0.271,0.1718094629079133,0,,0.0,7.75,0.0,0.0,0.0,0.0,-5.197523053665911,-0.001
2037,265126,4,2025-09-09,B,42.46684788592734,41-65,1584375.711727239,>75%,6189826.316732386,>75%,2315880.753830592,>75%,11.25,6.75,4.7,0.9480267155014775,0.278,0.05997021525850465,0,,0.0,11.25,0.0,0.0,0.0,0.0,-5.197523053665911,-0.001
2038,930686,4,2025-09-09,B,59.3657272741354,41-65,96917.09806843149,25-50%,371094.209713188,25-50%,135880.5528508113,25-50%,10.75,9.75,5.1,5.366101911127867,0.157,0.013032355801373312,0,,0.0,10.75,0.0,0.0,0.0,0.0,-5.197523053665911,-0.001
2039,986475,4,2025-09-09,B,70.89777861485574,>65,235163.32580001093,50-75%,4692163.727134992,50-75%,45626.327633378816,0-25%,11.5,11.5,98.1,0.9803929090083738,0.157,0.012634035709163965,0,,0.0,11.5,0.0,0.0,0.0,0.0,-5.197523053665911,-0.001
2040,496783,4,2025-09-09,B,45.19838427119512,41-65,184392.87936974285,50-75%,408428.8657929897,25-50%,846671.2298687024,50-75%,11.25,8.5,3.0,14.947754153157977,0.235,0.018573853179146473,0,,0.0,11.25,0.0,0.0,0.0,0.0,-5.197523053665911,-0.001
2041,831337,4,2025-09-09,B,63.0661381724856,41-65,267642.3025751052,50-75%,1524588.9607008528,50-75%,2696716.6593538844,>75%,5.5,7.0,1.3,10.053839746364677,0.186,0.015623575076563577,0,,0.0,5.5,0.0,0.0,0.0,0.0,-5.197523053665911,-0.001
2042,588052,4,2025-09-09,B,69.0445853048404,>65,318663.46751716774,50-75%,2906327.515567274,50-75%,902155.451511905,50-75%,4.5,15.75,15.3,0.2969954398920251,0.154,0.019656035174507307,0,,0.0,4.5,0.0,0.0,0.0,0.0,-5.197523053665911,-0.001
2043,379766,4,2025-09-09,B,67.78763747327564,>65,314745.3177466955,50-75%,33512597.50708176,>75%,629171.3386019982,50-75%,5.25,5.75,2.3,6.302157164284054,0.156,0.01988393785346471,0,,0.0,5.25,0.0,0.0,0.0,0.0,-5.197523053665911,-0.001
2044,693734,4,2025-09-09,B,71.80228799193156,>65,80045.54977429964,0-25%,390354.941693131,25-50%,220157.493196138,25-50%,8.5,3.25,17.5,11.623834987944006,0.154,0.004812639847018416,0,,0.0,8.5,0.0,0.0,0.0,0.0,-5.197523053665911,-0.001
2045,943080,4,2025-09-09,B,55.69078631103441,41-65,419421.8880138343,50-75%,348927.0911403071,0-25%,55325.90935859072,0-25%,4.25,6.0,39.7,7.998107930804682,0.178,0.060545807242570256,0,,0.0,4.25,0.0,0.0,0.0,0.0,-5.197523053665911,-0.001
2046,510401,4,2025-09-09,B,61.69469412133456,41-65,3130199.509087373,>75%,4539845.889766416,50-75%,1937061.8647909416,>75%,6.25,11.25,63.3,1.6319886817396283,0.169,0.05569681997129433,0,,0.0,6.25,0.0,0.0,0.0,0.0,-5.197523053665911,-0.001
2047,173933,4,2025-09-09,B,60.36223736426397,41-65,126203.78535928045,25-50%,1858811.2097862763,50-75%,949501.8842437484,50-75%,7.5,6.0,4.0,3.63733597498569,0.189,0.00953340640474444,0,,0.0,7.5,0.0,0.0,0.0,0.0,-5.197523053665911,-0.001
2048,282421,4,2025-09-09,B,63.09492747850763,41-65,234977.51708036324,50-75%,1771536.9529806597,50-75%,107975.51713873794,0-25%,7.75,6.75,53.7,12.52384140040708,0.179,0.012671496891562219,0,,0.0,7.75,0.0,0.0,0.0,0.0,-5.197523053665911,-0.001
2049,915980,4,2025-09-09,B,70.57656252697254,>65,77398.60357561555,0-25%,782271.0137481942,25-50%,1551042.8430343186,50-75%,11.25,6.5,25.4,3.3161456723650047,0.129,0.003991483923524556,0,,0.0,11.25,0.0,0.0,0.0,0.0,-5.197523053665911,-0.001
2050,922150,4,2025-09-09,B,51.67318845482252,41-65,345053.4704257914,50-75%,873065.8187719006,25-50%,2060308.1079112983,>75%,5.0,6.75,26.9,0.983461755449676,0.188,0.03854099302896122,0,,0.0,5.0,0.0,0.0,0.0,0.0,-5.197523053665911,-0.001
2051,684336,4,2025-09-09,B,73.2078092326887,>65,334098.6076301447,50-75%,34159486.3641911,>75%,11210100.25776043,>75%,7.75,5.0,0.7,5.328090792510317,0.096,0.004297549661335021,0,,0.0,7.75,0.0,0.0,0.0,0.0,-5.197523053665911,-0.001
2052,913949,4,2025-09-09,B,60.16112154325612,41-65,128359.3258383816,25-50%,11886839.871761745,>75%,130244.38163441846,25-50%,2.75,9.0,9.9,1.2090759803370734,0.163,0.030896443103294747,0,,0.0,2.75,0.0,0.0,0.0,0.0,-5.197523053665911,-0.001
2053,705759,4,2025-09-09,B,30.15517494189451,18-40,70023.30767629131,0-25%,18826.398132549333,0-25%,16912.81067194783,0-25%,7.0,4.0,90.4,9.378856178972685,0.273,0.05701475103497866,0,,0.0,7.0,0.0,0.0,0.0,0.0,-5.197523053665911,-0.001
2054,732041,4,2025-09-09,B,32.80042970761997,18-40,7741326.469173382,>75%,24698856.84987472,>75%,8113483.543597192,>75%,10.75,8.75,4.9,12.035608800616188,0.22,0.10706261787693254,0,,0.0,10.75,0.0,0.0,0.0,0.0,-5.197523053665911,-0.001
2055,853260,4,2025-09-09,B,39.27220803661056,18-40,45473.384361434335,0-25%,137993.56577614488,0-25%,455914.9410340775,25-50%,17.5,4.0,39.5,13.684085019980786,0.245,0.014936250071997831,0,,0.0,17.5,0.0,0.0,0.0,0.0,-5.197523053665911,-0.001
2056,474459,4,2025-09-09,B,33.31303001049202,18-40,5477127.717435927,>75%,2621250.942193089,50-75%,490339.91612670006,25-50%,9.5,13.25,45.9,13.213908266724593,0.286,0.24945074369921927,0,,0.0,9.5,0.0,0.0,0.0,0.0,-5.197523053665911,-0.001
2057,317863,4,2025-09-09,B,62.86193383767641,41-65,178325.52292819286,25-50%,1216894.7513381145,25-50%,15230.88005458293,0-25%,10.5,11.75,1.0,12.60108946760413,0.154,0.03782817706351336,0,,0.0,10.5,0.0,0.0,0.0,0.0,-5.197523053665911,-0.001
2058,515684,4,2025-09-09,B,45.20429162502373,41-65,283074.04140215693,50-75%,1629583.1892236257,50-75%,220012.61889817243,25-50%,13.25,12.75,50.8,1.5545145572340733,0.222,0.03769859433386605,0,,0.0,13.25,0.0,0.0,0.0,0.0,-5.197523053665911,-0.001
2059,164992,4,2025-09-09,B,52.00906811299912,41-65,44687.94976474833,0-25%,129233.46355179802,0-25%,145785.14793375702,25-50%,14.75,10.25,75.7,7.162756070971978,0.181,0.010994587289809036,0,,0.0,14.75,0.0,0.0,0.0,0.0,-5.197523053665911,-0.001
2060,382054,4,2025-09-09,B,20.13534563115616,18-40,86034.24636544718,0-25%,28803.913316946862,0-25%,4267.448107317701,0-25%,15.5,6.5,2.5,1.8666537754048296,0.315,0.177183990476082,1,2025-10-03,2.25,17.75,1935.7705432225614,0.0,1935.7705432225614,1.3550393802557932,-3.8424836734101175,1.3540393802557933
2061,979738,4,2025-09-09,B,71.89630574594145,>65,179382.80717999508,25-50%,1028102.5039993644,25-50%,111765.64951655564,0-25%,4.0,6.25,47.5,2.1439597938811765,0.179,0.01871720053139243,0,,0.0,4.0,0.0,0.0,0.0,0.0,-5.197523053665911,-0.001
2062,472474,4,2025-09-09,B,41.47966463463269,41-65,55838.027461574944,0-25%,14874.235460701231,0-25%,21859.118502710884,0-25%,6.5,8.75,6.7,4.5544224896117305,0.275,0.07237658046496573,0,,0.0,6.5,0.0,0.0,0.0,0.0,-5.197523053665911,-0.001
2063,545140,4,2025-09-09,B,62.49392943937693,41-65,1068287.3084198798,>75%,9385867.453874271,>75%,864847.2085892723,50-75%,11.25,11.0,23.4,0.7071895942334983,0.153,0.022851397009876404,0,,0.0,11.25,0.0,0.0,0.0,0.0,-5.197523053665911,-0.001
2064,437564,4,2025-09-09,B,47.90983432423941,41-65,198600.7270483856,50-75%,1779952.1351698404,50-75%,61126.065969249,0-25%,6.0,12.0,54.0,0.319308042711625,0.218,0.07357825560814651,0,,0.0,6.0,0.0,0.0,0.0,0.0,-5.197523053665911,-0.001
2065,374573,4,2025-09-09,B,79.71461359488387,>65,6517926.793254063,>75%,38897959.221549965,>75%,377816.488200562,25-50%,2.0,17.75,60.8,34.11026506767264,0.138,0.02024955627388299,0,,0.0,2.0,0.0,0.0,0.0,0.0,-5.197523053665911,-0.001
2066,444370,4,2025-09-09,B,53.889621383664426,41-65,2068299.790253412,>75%,23233444.851061348,>75%,4206036.044768557,>75%,3.75,11.5,132.9,8.569564578704359,0.196,0.04290403229741321,0,,0.0,3.75,0.0,0.0,0.0,0.0,-5.197523053665911,-0.001
2067,876474,4,2025-09-09,B,33.32328983151128,18-40,595776.7513439741,>75%,506547.69393802586,25-50%,113202.89481922625,0-25%,4.5,5.25,47.4,14.662889650084844,0.268,0.1423626957084949,0,,0.0,4.5,0.0,0.0,0.0,0.0,-5.197523053665911,-0.001
2068,153279,4,2025-09-09,B,56.5989017886908,41-65,363122.2304810756,50-75%,4855487.751550006,50-75%,1930502.306825874,>75%,5.75,13.25,3.1,7.749324142234667,0.183,0.027846637863115975,0,,0.0,5.75,0.0,0.0,0.0,0.0,-5.197523053665911,-0.001
2069,893883,4,2025-09-09,B,37.16333616765102,18-40,70244.47025052078,0-25%,24361.08273802473,0-25%,47260.48071865803,0-25%,9.5,14.25,19.4,5.920364690759238,0.219,0.07863679866072244,0,,0.0,9.5,0.0,0.0,0.0,0.0,-5.197523053665911,-0.001
2070,319240,4,2025-09-09,B,57.1145155382028,41-65,54370.55281334276,0-25%,339586.7160859223,0-25%,59288.75380687793,0-25%,5.75,7.25,33.9,14.769607852331244,0.213,0.020063963173686184,0,,0.0,5.75,0.0,0.0,0.0,0.0,-5.197523053665911,-0.001
2071,103814,4,2025-09-09,B,78.05396804992945,>65,739560.9675960153,>75%,24776466.54323424,>75%,3575462.1434553294,>75%,5.0,8.5,20.7,6.788345796888891,0.104,0.011272226181583357,0,,0.0,5.0,0.0,0.0,0.0,0.0,-5.197523053665911,-0.001
2072,905600,4,2025-09-09,B,59.73993450128479,41-65,142494.86263623898,25-50%,984957.1232001483,25-50%,199707.30674761877,25-50%,11.0,1.5,5.2,8.581663408697313,0.218,0.012831554267619371,0,,0.0,11.0,0.0,0.0,0.0,0.0,-5.197523053665911,-0.001
2073,777139,4,2025-09-09,B,57.12765765929887,41-65,128069.35823968369,25-50%,192203.08939916824,0-25%,22848.18660505585,0-25%,6.0,10.25,60.0,5.44184823263624,0.153,0.04234285883112905,0,,0.0,6.0,0.0,0.0,0.0,0.0,-5.197523053665911,-0.001
2074,501658,4,2025-09-09,B,66.64572106929968,>65,238758.70334525037,50-75%,6233899.779925153,>75%,4412889.988023368,>75%,8.25,16.75,22.5,4.209269212136488,0.164,0.012392377929854212,0,,0.0,8.25,0.0,0.0,0.0,0.0,-5.197523053665911,-0.001
2075,924235,4,2025-09-09,B,42.68437001123464,41-65,99080.06191319258,25-50%,415472.9772277575,25-50%,156899.01989299327,25-50%,2.0,4.0,13.4,4.637867527744766,0.234,0.056845823687570636,0,,0.0,2.0,0.0,0.0,0.0,0.0,-5.197523053665911,-0.001
2076,800905,4,2025-09-09,B,41.48447248853118,41-65,206691.80653405425,50-75%,1015318.9841704564,25-50%,794849.2042501695,50-75%,4.25,3.0,134.9,0.9306212732514304,0.255,0.025905802964092808,0,,0.0,4.25,0.0,0.0,0.0,0.0,-5.197523053665911,-0.001
2077,197564,4,2025-09-09,B,23.84442032703253,18-40,745286.048815359,>75%,13541725.713325568,>75%,788889.3617940145,50-75%,2.5,4.5,9.3,3.724749635667329,0.288,0.2159012310698107,0,,0.0,2.5,0.0,0.0,0.0,0.0,-5.197523053665911,-0.001
2078,490250,4,2025-09-09,B,39.09095982913544,18-40,755367.4244131914,>75%,5439334.001010141,50-75%,2681741.2660212675,>75%,3.5,10.75,34.2,5.894329357860113,0.201,0.08081255427457926,0,,0.0,3.5,0.0,0.0,0.0,0.0,-5.197523053665911,-0.001
2079,858772,4,2025-09-09,B,41.990181203910105,41-65,2821729.715638614,>75%,2765597.95679911,50-75%,9885018.577175057,>75%,2.5,5.0,44.4,0.934998215231422,0.226,0.10153638711085365,0,,0.0,2.5,0.0,0.0,0.0,0.0,-5.197523053665911,-0.001
2080,420927,4,2025-09-09,B,47.91472630953434,41-65,57960.52963888236,0-25%,260670.590106472,0-25%,73460.26581257541,0-25%,12.0,3.25,28.9,1.8121689460215236,0.179,0.021968174356333216,0,,0.0,12.0,0.0,0.0,0.0,0.0,-5.197523053665911,-0.001
2081,546493,4,2025-09-09,B,39.56205546223592,18-40,507062.7073253627,50-75%,3641903.1033221735,50-75%,2962934.284972493,>75%,8.5,9.25,27.5,6.8461713646124105,0.265,0.06518084682256856,0,,0.0,8.5,0.0,0.0,0.0,0.0,-5.197523053665911,-0.001
2082,131769,4,2025-09-09,B,51.610581817480494,41-65,51922.86530483851,0-25%,35529.223607861604,0-25%,19513.18978879503,0-25%,9.5,7.5,3.8,9.768548537243731,0.173,0.02002315448087238,0,,0.0,9.5,0.0,0.0,0.0,0.0,-5.197523053665911,-0.001
2083,707628,4,2025-09-09,B,75.48817141636597,>65,1148083.3435904088,>75%,1930131.2007279012,50-75%,4188178.508327012,>75%,5.75,6.25,3.3,0.933956997066572,0.146,0.01795803807351684,0,,0.0,5.75,0.0,0.0,0.0,0.0,-5.197523053665911,-0.001
2084,821586,4,2025-09-09,B,72.05445102369455,>65,65141.38745054869,0-25%,921366.2105610584,25-50%,475882.47741125,25-50%,5.5,7.25,17.0,27.053054821421654,0.174,0.004958443480595409,0,,0.0,5.5,0.0,0.0,0.0,0.0,-5.197523053665911,-0.001
2085,337931,4,2025-09-09,B,55.82806499001181,41-65,2304927.914451757,>75%,32254198.344776653,>75%,10169299.22722803,>75%,4.0,9.0,74.8,9.099420366630788,0.127,0.0374900531392588,0,,0.0,4.0,0.0,0.0,0.0,0.0,-5.197523053665911,-0.001
2086,957721,4,2025-09-09,B,20.277829919235348,18-40,125813.91020679128,25-50%,68235.66722809659,0-25%,11054.421296615228,0-25%,9.75,2.0,15.2,0.1781043492300673,0.275,0.17251339451470843,0,,0.0,9.75,0.0,0.0,0.0,0.0,-5.197523053665911,-0.001
2087,207668,4,2025-09-09,B,26.706433187360137,18-40,286511.832699507,50-75%,643528.0001943192,25-50%,12601.452721643336,0-25%,3.0,8.5,35.6,2.3993858766645157,0.283,0.2759228731656475,0,,0.0,3.0,0.0,0.0,0.0,0.0,-5.197523053665911,-0.001
2088,160970,4,2025-09-09,B,60.385542904974805,41-65,130488.25911606282,25-50%,603470.6201163047,25-50%,1190705.2574317912,50-75%,8.0,11.0,14.8,0.0917102887399121,0.194,0.01948220283194462,0,,0.0,8.0,0.0,0.0,0.0,0.0,-5.197523053665911,-0.001
2089,642752,4,2025-09-09,B,70.83427743359994,>65,393898.6708972958,50-75%,19857215.045422804,>75%,4959072.489129004,>75%,6.0,10.75,0.4,0.5671714594345322,0.163,0.013943791034918331,0,,0.0,6.0,0.0,0.0,0.0,0.0,-5.197523053665911,-0.001
2090,110625,4,2025-09-09,B,54.19140881576797,41-65,88675.03818230522,0-25%,764497.2478577938,25-50%,692182.8561580578,50-75%,8.25,6.0,69.7,2.989580559457784,0.192,0.010632140507752439,0,,0.0,8.25,0.0,0.0,0.0,0.0,-5.197523053665911,-0.001
2091,573308,4,2025-09-09,B,60.31356689415325,41-65,133980.7294919092,25-50%,883494.70279416,25-50%,799916.0070347299,50-75%,6.25,8.25,16.5,8.616508990123075,0.201,0.017374500030057038,0,,0.0,6.25,0.0,0.0,0.0,0.0,-5.197523053665911,-0.001
2092,945597,4,2025-09-09,B,60.68482029934549,41-65,465519.6099800856,50-75%,2888034.0587024,50-75%,1180506.5293865015,50-75%,9.0,4.5,109.8,4.694892822622859,0.192,0.01243987047823144,0,,0.0,9.0,0.0,0.0,0.0,0.0,-5.197523053665911,-0.001
2093,670487,4,2025-09-09,B,62.9585188722417,41-65,2427272.500676511,>75%,193608617.11683547,>75%,2918399.286596811,>75%,2.0,5.75,2.5,2.4793319957738404,0.219,0.04765348449401575,0,,0.0,2.0,0.0,0.0,0.0,0.0,-5.197523053665911,-0.001
2094,569868,4,2025-09-09,B,69.23014753888961,>65,106212.51198646046,25-50%,483526.9532391113,25-50%,57637.91497080387,0-25%,7.25,8.25,37.2,20.53275163455339,0.166,0.012687534842212864,0,,0.0,7.25,0.0,0.0,0.0,0.0,-5.197523053665911,-0.001
2095,674823,4,2025-09-09,B,34.151195436295886,18-40,413147.65296100505,50-75%,1343978.1139229813,50-75%,1633568.6722601997,50-75%,10.25,7.75,35.6,8.103577291811842,0.271,0.043542936595587986,0,,0.0,10.25,0.0,0.0,0.0,0.0,-5.197523053665911,-0.001
2096,916066,4,2025-09-09,B,54.45638092213578,41-65,163930.62444982945,25-50%,613756.1130904198,25-50%,381567.2395569928,25-50%,17.25,11.5,1.8,10.119004132864026,0.165,0.014949344178391314,0,,0.0,17.25,0.0,0.0,0.0,0.0,-5.197523053665911,-0.001
2097,534892,4,2025-09-09,B,50.668611084550015,41-65,255181.9007573145,50-75%,626612.2865092438,25-50%,243845.30205378824,25-50%,3.5,5.75,36.1,5.28016918607518,0.23,0.04943339884251616,0,,0.0,3.5,0.0,0.0,0.0,0.0,-5.197523053665911,-0.001
2098,176033,4,2025-09-09,B,32.51343627668504,18-40,101599.2188055103,25-50%,16878.19295759625,0-25%,150194.40542640083,25-50%,11.0,6.75,13.5,12.37100758683778,0.266,0.04061953069373249,0,,0.0,11.0,0.0,0.0,0.0,0.0,-5.197523053665911,-0.001
2099,110470,4,2025-09-09,B,41.4096809350772,41-65,86811.37375072589,0-25%,587573.3649461312,25-50%,112455.87507179944,0-25%,16.25,6.25,111.4,4.922539341832935,0.228,0.025876307415090383,0,,0.0,16.25,0.0,0.0,0.0,0.0,-5.197523053665911,-0.001
2100,951335,4,2025-09-09,B,45.373340612629455,41-65,683908.9258730226,>75%,4434213.1063999655,50-75%,387882.396630852,25-50%,10.0,8.25,14.4,0.4006847144550142,0.215,0.05306531309335325,0,,0.0,10.0,0.0,0.0,0.0,0.0,-5.197523053665911,-0.001
2101,446656,4,2025-09-09,B,47.65874377655574,41-65,171137.90786016002,25-50%,493218.1096288068,25-50%,540975.0489426984,50-75%,6.0,2.75,44.3,4.653248218789505,0.217,0.02085592873080286,0,,0.0,6.0,0.0,0.0,0.0,0.0,-5.197523053665911,-0.001
2102,460704,4,2025-09-09,B,79.75615437435786,>65,1327032.7958204874,>75%,67553608.18189281,>75%,6468969.910000485,>75%,6.0,6.25,87.4,0.9055338583388212,0.132,0.01189553964834297,0,,0.0,6.0,0.0,0.0,0.0,0.0,-5.197523053665911,-0.001
2103,941754,4,2025-09-09,B,51.0913750691155,41-65,373687.4464996313,50-75%,520322.5171055685,25-50%,74328.1145908912,0-25%,10.0,7.75,22.2,0.4280512535715138,0.172,0.0435038827733396,0,,0.0,10.0,0.0,0.0,0.0,0.0,-5.197523053665911,-0.001
2104,525102,4,2025-09-09,B,58.9074595324092,41-65,57942.49621474736,0-25%,569944.9413914942,25-50%,98346.5966526378,0-25%,13.75,2.25,24.9,7.827185155092167,0.14,0.010335444119749201,0,,0.0,13.75,0.0,0.0,0.0,0.0,-5.197523053665911,-0.001
2105,935690,4,2025-09-09,B,58.633320568306885,41-65,93917.05620204873,0-25%,246115.27186163497,0-25%,331537.61239479505,25-50%,1.5,14.5,3.1,13.986593051036742,0.16,0.017610002279902375,0,,0.0,1.5,0.0,0.0,0.0,0.0,-5.197523053665911,-0.001
2106,150320,4,2025-09-09,B,68.64572555360421,>65,157603.0040255669,25-50%,1801723.4567345995,50-75%,383649.4080619048,25-50%,12.5,5.75,46.0,0.2314547733378439,0.141,0.008452811126797482,0,,0.0,12.5,0.0,0.0,0.0,0.0,-5.197523053665911,-0.001
2107,517968,4,2025-09-09,B,76.48465916176633,>65,60378.48718822404,0-25%,477157.560087917,25-50%,808631.0514618268,50-75%,12.0,13.75,12.8,0.3661025258185928,0.135,0.0067493132830984594,0,,0.0,12.0,0.0,0.0,0.0,0.0,-5.197523053665911,-0.001
2108,103517,4,2025-09-09,B,60.51226603402522,41-65,38568.18961486343,0-25%,199533.7657423917,0-25%,57374.412626976766,0-25%,14.0,10.5,36.7,5.653058559823063,0.181,0.009262126724699237,0,,0.0,14.0,0.0,0.0,0.0,0.0,-5.197523053665911,-0.001
2109,291387,4,2025-09-09,B,38.660372491117606,18-40,54258.957849955776,0-25%,73487.89395933882,0-25%,10062.93138725454,0-25%,13.75,5.25,4.1,5.059425064044717,0.26,0.049717937795900814,0,,0.0,13.75,0.0,0.0,0.0,0.0,-5.197523053665911,-0.001
2110,957458,4,2025-09-09,B,33.198691095149414,18-40,80705.72361409142,0-25%,601927.2954502187,25-50%,35875.38691125772,0-25%,9.25,4.25,24.7,1.3088863445733083,0.238,0.06149628467621457,0,,0.0,9.25,0.0,0.0,0.0,0.0,-5.197523053665911,-0.001
2111,381706,4,2025-09-09,B,74.74570406045254,>65,108435.52641965542,25-50%,473863.7416253357,25-50%,4636648.31588072,>75%,8.5,1.75,30.1,6.231835326857829,0.106,0.0027131646051631554,0,,0.0,8.5,0.0,0.0,0.0,0.0,-5.197523053665911,-0.001
2112,261607,4,2025-09-09,B,70.55714599264908,>65,80258.94332284335,0-25%,2453414.267387024,50-75%,2501543.2678395733,>75%,3.5,12.0,26.3,8.851738724530206,0.119,0.0063255903972241675,0,,0.0,3.5,0.0,0.0,0.0,0.0,-5.197523053665911,-0.001
2113,812456,4,2025-09-09,B,68.5370985276061,>65,254602.3000164612,50-75%,56950202.92436235,>75%,1187936.7832443714,50-75%,6.5,12.0,15.6,3.3399588334974224,0.149,0.01597072376470827,0,,0.0,6.5,0.0,0.0,0.0,0.0,-5.197523053665911,-0.001
2114,103843,4,2025-09-09,B,50.46479293115575,41-65,130768.25305660052,25-50%,600653.550582895,25-50%,43366.69861694549,0-25%,7.0,10.0,52.6,1.5773949426778386,0.181,0.05732809925801086,0,,0.0,7.0,0.0,0.0,0.0,0.0,-5.197523053665911,-0.001
2115,414981,4,2025-09-09,B,75.10269226502929,>65,271962.3973102142,50-75%,13547778.851002852,>75%,3391068.9308874058,>75%,12.25,9.25,57.9,3.21057846571226,0.11,0.004358988631943522,0,,0.0,12.25,0.0,0.0,0.0,0.0,-5.197523053665911,-0.001
2116,389613,4,2025-09-09,B,66.37737058995411,>65,1021601.5884822758,>75%,2478104.9777262253,50-75%,995635.1083873856,50-75%,12.25,12.5,3.7,5.693543006554587,0.15,0.032408002811433245,0,,0.0,12.25,0.0,0.0,0.0,0.0,-5.197523053665911,-0.001
2117,962966,4,2025-09-09,B,57.99559612955566,41-65,180952.57356747112,25-50%,1284187.9162363189,50-75%,150668.8793718458,25-50%,9.0,10.0,25.9,4.078151147392542,0.169,0.03482393235105542,0,,0.0,9.0,0.0,0.0,0.0,0.0,-5.197523053665911,-0.001
2118,876437,4,2025-09-09,B,65.08577441819452,41-65,55991.85606775763,0-25%,206934.32531020005,0-25%,148405.18306814748,25-50%,5.5,4.75,2.7,8.461721326914379,0.167,0.007022098227570849,0,,0.0,5.5,0.0,0.0,0.0,0.0,-5.197523053665911,-0.001
2119,487342,4,2025-09-09,B,70.87674139215086,>65,147111.78430502542,25-50%,2904618.1992653506,50-75%,714376.6099341669,50-75%,3.5,9.0,37.6,18.88858322375362,0.165,0.008100877173109845,0,,0.0,3.5,0.0,0.0,0.0,0.0,-5.197523053665911,-0.001
2120,364267,4,2025-09-09,B,62.72172774614871,41-65,52750.825057926144,0-25%,545379.3429641518,25-50%,27303.944626106622,0-25%,3.75,9.5,27.1,0.7586565425788261,0.181,0.025418210827489185,0,,0.0,3.75,0.0,0.0,0.0,0.0,-5.197523053665911,-0.001
2121,398756,4,2025-09-09,B,45.82912554512981,41-65,82639.98716152659,0-25%,99822.36501886832,0-25%,214600.38373193223,25-50%,5.25,14.0,44.1,0.2320130280788344,0.204,0.044460574382923355,0,,0.0,5.25,0.0,0.0,0.0,0.0,-5.197523053665911,-0.001
2122,756413,4,2025-09-09,B,70.52335179148133,>65,275087.79891118367,50-75%,25102085.662787996,>75%,5527268.302292787,>75%,10.0,4.5,2.5,10.47813083990347,0.15,0.0046168569014391585,0,,0.0,10.0,0.0,0.0,0.0,0.0,-5.197523053665911,-0.001
2123,880670,4,2025-09-09,B,51.09347546355629,41-65,122985.63790051566,25-50%,338908.6761914274,0-25%,155804.7687111747,25-50%,3.25,7.25,12.1,12.817236396159627,0.186,0.034123495127594224,0,,0.0,3.25,0.0,0.0,0.0,0.0,-5.197523053665911,-0.001
2124,365415,4,2025-09-09,B,73.87306909437493,>65,126697.86340273338,25-50%,304057.9163185265,0-25%,1903061.449030492,>75%,5.25,6.5,9.4,6.252232966684291,0.125,0.007663812675046356,0,,0.0,5.25,0.0,0.0,0.0,0.0,-5.197523053665911,-0.001
2125,209210,4,2025-09-09,B,55.23481775466532,41-65,152353.54267004778,25-50%,890390.5653834288,25-50%,817507.2333352133,50-75%,15.75,11.75,7.9,2.31508559652166,0.182,0.01417433498360535,0,,0.0,15.75,0.0,0.0,0.0,0.0,-5.197523053665911,-0.001
2126,552525,4,2025-09-09,B,83.5234869087607,>65,239210.5797853639,50-75%,12548500.415968657,>75%,1086929.678020455,50-75%,6.75,3.75,1.6,0.8669930356653319,0.077,0.0041089988990251295,0,,0.0,6.75,0.0,0.0,0.0,0.0,-5.197523053665911,-0.001
2127,183386,4,2025-09-09,B,34.283621705608226,18-40,14957195.70322553,>75%,32930505.268297307,>75%,6851072.343840286,>75%,7.75,3.0,24.7,11.67232282177162,0.23,0.1301043499123377,1,2025-09-26,4.0,11.75,598287.8281290212,0.0,598287.8281290212,418.8014796903149,413.60395663664906,418.80047969031494
2128,445075,4,2025-09-09,B,83.68305768767398,>65,275130.575287176,50-75%,5319992.1288322825,50-75%,5983750.770117962,>75%,2.25,5.5,43.8,17.312030025013268,0.112,0.0036059026498543147,0,,0.0,2.25,0.0,0.0,0.0,0.0,-5.197523053665911,-0.001
2129,884420,4,2025-09-09,B,40.64480342410806,18-40,174082.88370397323,25-50%,1292551.839676722,50-75%,1026558.3460269712,50-75%,10.75,10.75,18.5,6.143794737924775,0.24,0.02627509407943211,0,,0.0,10.75,0.0,0.0,0.0,0.0,-5.197523053665911,-0.001
2130,742848,4,2025-09-09,B,73.21137631213172,>65,94154.49235047596,0-25%,642666.4004392731,25-50%,432199.42523651983,25-50%,1.25,3.5,25.7,2.883714771269521,0.164,0.010129731616336277,0,,0.0,1.25,0.0,0.0,0.0,0.0,-5.197523053665911,-0.001
2131,726132,4,2025-09-09,B,39.90867328601486,18-40,172823.11017052503,25-50%,1537024.6094020782,50-75%,3943057.343014637,>75%,8.75,6.5,33.2,1.079371717504421,0.274,0.022399172341172238,0,,0.0,8.75,0.0,0.0,0.0,0.0,-5.197523053665911,-0.001
2132,710951,4,2025-09-09,B,60.05879386900731,41-65,60318.31313614321,0-25%,1057085.5503774283,25-50%,13312.613432315164,0-25%,8.75,7.5,11.8,12.201492102344073,0.208,0.014111465680739193,0,,0.0,8.75,0.0,0.0,0.0,0.0,-5.197523053665911,-0.001
2133,854801,4,2025-09-09,B,37.13471518404881,18-40,121759.88443980852,25-50%,411114.9953856718,25-50%,64001.95456596866,0-25%,3.25,11.5,53.2,11.953932531153166,0.235,0.07546794050583228,0,,0.0,3.25,0.0,0.0,0.0,0.0,-5.197523053665911,-0.001
2134,111483,4,2025-09-09,B,25.81976777779609,18-40,451365.0265668549,50-75%,623347.721721265,25-50%,46246.08456583662,0-25%,3.75,3.0,10.5,2.568396573631552,0.268,0.1607734973934183,0,,0.0,3.75,0.0,0.0,0.0,0.0,-5.197523053665911,-0.001
2135,745660,4,2025-09-09,B,50.441101250808096,41-65,239179.2295273628,50-75%,2934583.386212701,50-75%,194720.99845654145,25-50%,6.0,8.0,13.5,10.446326142040826,0.17,0.04702113306636925,0,,0.0,6.0,0.0,0.0,0.0,0.0,-5.197523053665911,-0.001
2136,810168,4,2025-09-09,B,53.28354509209424,41-65,212223.93267402277,50-75%,1826819.886893624,50-75%,1349152.1216672792,50-75%,6.0,5.25,60.3,6.635402855596197,0.163,0.013083549308746162,0,,0.0,6.0,0.0,0.0,0.0,0.0,-5.197523053665911,-0.001
2137,653453,4,2025-09-09,B,22.46782027835041,18-40,142040.36326279727,25-50%,251703.26433471488,0-25%,20670.60017855535,0-25%,7.5,8.25,14.3,2.479700692813205,0.273,0.24478247069797934,0,,0.0,7.5,0.0,0.0,0.0,0.0,-5.197523053665911,-0.001
2138,518167,4,2025-09-09,B,30.31440053738081,18-40,63840.56931751491,0-25%,66084.52716487937,0-25%,34265.27489613985,0-25%,10.0,11.0,12.1,0.8194105835597367,0.254,0.12552500120876367,0,,0.0,10.0,0.0,0.0,0.0,0.0,-5.197523053665911,-0.001
2139,173945,4,2025-09-09,B,53.77687361686877,41-65,53907.95539371729,0-25%,261536.28203171425,0-25%,77666.04072263665,0-25%,12.5,6.0,32.4,0.7906509745758571,0.189,0.016009415633618733,0,,0.0,12.5,0.0,0.0,0.0,0.0,-5.197523053665911,-0.001
2140,342359,4,2025-09-09,B,34.791883990425326,18-40,337952.5923428989,50-75%,1560010.1844705725,50-75%,1508362.2445999037,50-75%,6.75,1.0,97.5,0.6296848552939847,0.277,0.04192909655386321,0,,0.0,6.75,0.0,0.0,0.0,0.0,-5.197523053665911,-0.001
2141,841839,4,2025-09-09,B,65.83753129022756,41-65,117370.36819626811,25-50%,339059.48632700235,0-25%,659120.7470313392,50-75%,9.5,6.75,14.6,8.673108943077311,0.153,0.006550854098438124,0,,0.0,9.5,0.0,0.0,0.0,0.0,-5.197523053665911,-0.001
2142,604778,4,2025-09-09,B,49.02516666678014,41-65,190979.82091857409,50-75%,974639.6775526576,25-50%,3680816.567528751,>75%,7.0,10.75,4.3,9.757260620441675,0.24,0.0254021894962919,0,,0.0,7.0,0.0,0.0,0.0,0.0,-5.197523053665911,-0.001
2143,155114,4,2025-09-09,B,30.101474849167595,18-40,105923.65401033848,25-50%,274819.92500617425,0-25%,129911.3236312516,25-50%,3.75,4.0,2.8,6.787472379275749,0.279,0.1059147262482543,0,,0.0,3.75,0.0,0.0,0.0,0.0,-5.197523053665911,-0.001
2144,774636,4,2025-09-09,B,31.54574394539156,18-40,102545.28166992424,25-50%,150774.53598307885,0-25%,104812.33983992063,0-25%,11.75,2.5,88.9,1.789899974659766,0.255,0.05144444719236107,0,,0.0,11.75,0.0,0.0,0.0,0.0,-5.197523053665911,-0.001
2145,110096,4,2025-09-09,B,23.1302639799663,18-40,346210.11949893914,50-75%,939792.3383115754,25-50%,585258.5352466402,50-75%,9.5,11.75,40.0,0.8009388045304937,0.314,0.1804235145733291,0,,0.0,9.5,0.0,0.0,0.0,0.0,-5.197523053665911,-0.001
2146,252983,4,2025-09-09,B,57.314304907037474,41-65,60149.37812603414,0-25%,289941.57690229855,0-25%,1190902.4398804004,50-75%,7.25,4.0,4.4,1.310657867303659,0.183,0.008107310056486645,0,,0.0,7.25,0.0,0.0,0.0,0.0,-5.197523053665911,-0.001
2147,808384,4,2025-09-09,B,70.26331027329552,>65,76885.04297689095,0-25%,1904725.4277252173,50-75%,480219.624056187,25-50%,5.75,6.75,38.1,3.760086860115567,0.119,0.01002674936419442,0,,0.0,5.75,0.0,0.0,0.0,0.0,-5.197523053665911,-0.001
2148,637065,4,2025-09-09,B,61.87036853841446,41-65,106354.41084041228,25-50%,90451.9921030496,0-25%,204761.4779153743,25-50%,3.25,5.25,53.5,20.552813440362826,0.186,0.013475093069108563,0,,0.0,3.25,0.0,0.0,0.0,0.0,-5.197523053665911,-0.001
2149,454641,4,2025-09-09,B,41.9172897012156,41-65,122720.2626242564,25-50%,180348.1703063057,0-25%,624886.5328527747,50-75%,5.75,9.25,26.5,1.7138982596267698,0.179,0.0505719588479209,0,,0.0,5.75,0.0,0.0,0.0,0.0,-5.197523053665911,-0.001
2150,917290,4,2025-09-09,B,64.5755179987496,41-65,193842.1591445356,50-75%,2716701.7770031914,50-75%,378485.46372053056,25-50%,9.25,12.5,8.5,0.8478347296517115,0.166,0.023873520966670666,0,,0.0,9.25,0.0,0.0,0.0,0.0,-5.197523053665911,-0.001
2151,887045,4,2025-09-09,B,44.749990545128405,41-65,485663.1408750741,50-75%,516936.6159160817,25-50%,1355966.1488048185,50-75%,11.75,4.25,17.2,0.4384210863064169,0.201,0.03616122325677896,0,,0.0,11.75,0.0,0.0,0.0,0.0,-5.197523053665911,-0.001
2152,170652,4,2025-09-09,B,65.84931893696898,41-65,116594.76671530172,25-50%,976988.5972638234,25-50%,232594.4693997288,25-50%,5.75,15.0,44.5,7.718149967805733,0.145,0.015687238784000104,0,,0.0,5.75,0.0,0.0,0.0,0.0,-5.197523053665911,-0.001
2153,532555,4,2025-09-09,B,55.47232113005933,41-65,10806071.08841928,>75%,25332400.33252944,>75%,696114.8953874414,50-75%,14.5,5.0,33.5,2.2926832969060165,0.18,0.08363972575577874,0,,0.0,14.5,0.0,0.0,0.0,0.0,-5.197523053665911,-0.001
2154,247642,4,2025-09-09,B,66.48289141139269,>65,35748.058520000326,0-25%,369042.6861321769,25-50%,96252.84244206893,0-25%,4.5,12.5,11.4,9.085821386377049,0.144,0.011373843990947879,0,,0.0,4.5,0.0,0.0,0.0,0.0,-5.197523053665911,-0.001
2155,528365,4,2025-09-09,B,53.59269889469914,41-65,284570.26663135283,50-75%,451497.0376157144,25-50%,53684.693458737805,0-25%,12.25,5.0,5.7,6.399192852466316,0.168,0.03281849347562442,0,,0.0,12.25,0.0,0.0,0.0,0.0,-5.197523053665911,-0.001
2156,307995,4,2025-09-09,B,37.21321772273905,18-40,68461.92511641244,0-25%,48709.71815416394,0-25%,44088.79792010473,0-25%,6.75,8.5,15.7,16.10589288938181,0.241,0.06237480990333133,0,,0.0,6.75,0.0,0.0,0.0,0.0,-5.197523053665911,-0.001
2157,297626,4,2025-09-09,B,58.91541877666209,41-65,126172.04386232296,25-50%,1567964.5543973264,50-75%,1869773.5745855183,>75%,7.75,3.75,119.5,0.4302512846575095,0.145,0.007598318310757085,0,,0.0,7.75,0.0,0.0,0.0,0.0,-5.197523053665911,-0.001
2158,735179,4,2025-09-09,B,29.22380184747845,18-40,97671.57473283066,25-50%,203522.91248968747,0-25%,17890.509299478337,0-25%,10.0,7.25,119.2,0.6508249519568883,0.255,0.07859415847433396,0,,0.0,10.0,0.0,0.0,0.0,0.0,-5.197523053665911,-0.001
2159,218655,4,2025-09-09,B,62.33476995345267,41-65,488956.28292901936,50-75%,9382319.17617423,>75%,1302422.820449826,50-75%,8.75,5.25,17.8,6.318061667592477,0.207,0.01322173126378518,0,,0.0,8.75,0.0,0.0,0.0,0.0,-5.197523053665911,-0.001
2160,840658,4,2025-09-09,B,55.940061086048544,41-65,168044.05229250298,25-50%,1924018.980371378,50-75%,68064.5228086209,0-25%,11.5,7.25,0.4,1.1066978902076756,0.115,0.025540001554287255,0,,0.0,11.5,0.0,0.0,0.0,0.0,-5.197523053665911,-0.001
2161,646187,4,2025-09-09,B,88.72969307015198,>65,154176.33642875,25-50%,883568.8831867962,25-50%,339724.8100042744,25-50%,6.0,9.5,119.0,17.742912039182485,0.087,0.0034557682903008477,0,,0.0,6.0,0.0,0.0,0.0,0.0,-5.197523053665911,-0.001
2162,121328,4,2025-09-09,B,54.54703927040339,41-65,364925.65246125526,50-75%,12593045.879910842,>75%,2697408.546774835,>75%,14.25,6.25,22.4,5.110729626642189,0.18,0.014984171145462959,0,,0.0,14.25,0.0,0.0,0.0,0.0,-5.197523053665911,-0.001
2163,847796,4,2025-09-09,B,31.392958569002325,18-40,372463.7007341904,50-75%,810187.5298858292,25-50%,78585.57585070701,0-25%,11.75,4.0,30.5,1.223406966044037,0.314,0.10501395185556923,1,2025-09-09,3.5,15.25,13036.229525696666,0.0,13036.229525696666,9.125360667987668,3.9278376143217573,9.124360667987668
2164,629408,4,2025-09-09,B,40.99410694160959,18-40,128565.8780324562,25-50%,333722.36052026344,0-25%,6150.54503058499,0-25%,4.75,6.5,56.2,1.8703045305565784,0.232,0.12873540275343479,0,,0.0,4.75,0.0,0.0,0.0,0.0,-5.197523053665911,-0.001
2165,975207,4,2025-09-09,B,52.361196622256855,41-65,334400.2275388622,50-75%,157410.72052587094,0-25%,1434391.7470232472,50-75%,7.75,11.25,0.9,8.741265585055933,0.231,0.03457003787938714,0,,0.0,7.75,0.0,0.0,0.0,0.0,-5.197523053665911,-0.001
2166,936396,4,2025-09-09,B,70.74444285911106,>65,540452.7925023298,>75%,34847994.06438628,>75%,228344.84199936863,25-50%,15.25,6.25,22.7,2.824454857926648,0.103,0.014302953953814337,0,,0.0,15.25,0.0,0.0,0.0,0.0,-5.197523053665911,-0.001
2167,798299,4,2025-09-09,B,63.47766058655782,41-65,166847.99381635632,25-50%,3751552.680297237,50-75%,6465501.010871883,>75%,9.5,8.25,8.8,3.097240367396414,0.186,0.006079910487119457,0,,0.0,9.5,0.0,0.0,0.0,0.0,-5.197523053665911,-0.001
2168,777540,4,2025-09-09,B,50.3033016395413,41-65,117648.05463752558,25-50%,136596.13393952954,0-25%,92697.1591462228,0-25%,5.75,6.75,38.2,0.4849963164211207,0.208,0.049801639393522376,0,,0.0,5.75,0.0,0.0,0.0,0.0,-5.197523053665911,-0.001
2169,310078,4,2025-09-09,B,36.84246911776495,18-40,150240.39871436814,25-50%,26582.689725081436,0-25%,11840.12916317454,0-25%,6.75,10.5,8.0,3.0057761370161065,0.216,0.15337125934557294,0,,0.0,6.75,0.0,0.0,0.0,0.0,-5.197523053665911,-0.001
2170,867487,4,2025-09-09,B,46.07333507665809,41-65,132737.25561893286,25-50%,516759.5831699248,25-50%,106257.32935304334,0-25%,5.25,5.25,15.0,3.115523900161836,0.235,0.03155583713134973,0,,0.0,5.25,0.0,0.0,0.0,0.0,-5.197523053665911,-0.001
2171,959323,4,2025-09-09,B,60.70629000517506,41-65,113517.12664094592,25-50%,633407.0378311988,25-50%,153173.12448113927,25-50%,8.0,11.0,29.1,3.169500499068193,0.188,0.025289316694345837,0,,0.0,8.0,0.0,0.0,0.0,0.0,-5.197523053665911,-0.001
2172,304612,4,2025-09-09,B,62.3157978058085,41-65,38121.77181343146,0-25%,253475.8912560027,0-25%,123051.85758939064,25-50%,8.25,9.0,39.2,7.502356183366701,0.165,0.013442623312552832,0,,0.0,8.25,0.0,0.0,0.0,0.0,-5.197523053665911,-0.001
2173,696703,4,2025-09-09,B,55.2276836593579,41-65,3027409.175924087,>75%,52158120.17197065,>75%,4215928.627641539,>75%,12.25,12.0,57.1,0.3142764213732893,0.205,0.03436265999313303,0,,0.0,12.25,0.0,0.0,0.0,0.0,-5.197523053665911,-0.001
2174,356039,4,2025-09-09,B,44.45243415233882,41-65,362019.8408929919,50-75%,2528526.7955235145,50-75%,4285539.626486532,>75%,7.25,11.5,14.9,8.621506326437402,0.21,0.040696372316253095,0,,0.0,7.25,0.0,0.0,0.0,0.0,-5.197523053665911,-0.001
2175,859978,4,2025-09-09,B,76.55785795692073,>65,657778.5760223758,>75%,56930961.09823426,>75%,1483356.5984455897,50-75%,13.25,6.25,8.3,12.572170441188002,0.101,0.006238464377233018,0,,0.0,13.25,0.0,0.0,0.0,0.0,-5.197523053665911,-0.001
2176,297407,4,2025-09-09,B,75.66858402447158,>65,127815.12696710802,25-50%,785454.7938744721,25-50%,817594.15381958,50-75%,6.5,11.0,100.1,5.863877433100593,0.097,0.007112496328747421,0,,0.0,6.5,0.0,0.0,0.0,0.0,-5.197523053665911,-0.001
2177,820108,4,2025-09-09,B,58.68750696661285,41-65,740720.0348016686,>75%,92120018.68274304,>75%,4368095.201844048,>75%,10.0,14.75,2.1,0.3636625638780417,0.17,0.03437771259305668,0,,0.0,10.0,0.0,0.0,0.0,0.0,-5.197523053665911,-0.001
2178,336122,4,2025-09-09,B,60.79756948014304,41-65,204822.9785151076,50-75%,2896381.1794640534,50-75%,5929577.168043694,>75%,8.75,9.25,3.2,16.363399273446827,0.204,0.011171027268915178,0,,0.0,8.75,0.0,0.0,0.0,0.0,-5.197523053665911,-0.001
2179,341250,4,2025-09-09,B,76.18060122783017,>65,235728.92335890303,50-75%,12694990.48394856,>75%,2457584.248044776,>75%,7.75,7.25,10.6,4.852205515973017,0.098,0.004392028784822042,0,,0.0,7.75,0.0,0.0,0.0,0.0,-5.197523053665911,-0.001
2180,820692,4,2025-09-09,B,48.77608995654627,41-65,56481.65833827646,0-25%,311573.41834689595,0-25%,90205.93823812265,0-25%,10.25,9.75,29.5,1.746707888469363,0.184,0.019923268668726644,0,,0.0,10.25,0.0,0.0,0.0,0.0,-5.197523053665911,-0.001
2181,148717,4,2025-09-09,B,44.58727019460162,41-65,1048268.7517418412,>75%,16590541.261468982,>75%,1149385.2578308685,50-75%,9.0,5.5,36.3,9.11951039568364,0.219,0.04076483638288297,0,,0.0,9.0,0.0,0.0,0.0,0.0,-5.197523053665911,-0.001
2182,864589,4,2025-09-09,B,82.26719097572598,>65,71943.41082907285,0-25%,4135218.961119486,50-75%,791986.6324824282,50-75%,10.75,2.5,49.3,10.05141641281187,0.119,0.0019942526531196605,0,,0.0,10.75,0.0,0.0,0.0,0.0,-5.197523053665911,-0.001
2183,378210,4,2025-09-09,B,46.34185136222054,41-65,1021216.3470996378,>75%,49247235.50008499,>75%,582404.4903018274,50-75%,8.5,12.0,17.8,0.6237575750063471,0.24,0.10310769299217362,0,,0.0,8.5,0.0,0.0,0.0,0.0,-5.197523053665911,-0.001
2184,177862,4,2025-09-09,B,68.42843054637267,>65,37650.542064514,0-25%,82858.39474249672,0-25%,472722.2968849285,25-50%,9.25,1.5,5.9,2.877785584533677,0.151,0.004426196224569338,0,,0.0,9.25,0.0,0.0,0.0,0.0,-5.197523053665911,-0.001
2185,852871,4,2025-09-09,B,68.67643889617018,>65,128198.60951210656,25-50%,1956539.0301093257,50-75%,963156.797120642,50-75%,7.5,8.0,10.8,10.56325306202679,0.109,0.01038279369438962,0,,0.0,7.5,0.0,0.0,0.0,0.0,-5.197523053665911,-0.001
2186,470578,4,2025-09-09,B,69.7732101735372,>65,178301.3121751817,25-50%,1385042.684660938,50-75%,1618663.8461778825,50-75%,6.75,3.5,31.5,4.1853833419822575,0.141,0.0057357591221255215,0,,0.0,6.75,0.0,0.0,0.0,0.0,-5.197523053665911,-0.001
2187,998439,4,2025-09-09,B,54.09584839026179,41-65,173951.69226057015,25-50%,504340.2285920748,25-50%,188952.17066121552,25-50%,5.5,6.0,126.9,5.401200737168282,0.165,0.031375469101850115,0,,0.0,5.5,0.0,0.0,0.0,0.0,-5.197523053665911,-0.001
2188,966496,4,2025-09-09,B,31.04807410261452,18-40,207788.2846876289,50-75%,1420574.75447909,50-75%,1501613.2861803258,50-75%,10.75,3.25,7.8,4.114646571589211,0.243,0.0448395313242828,0,,0.0,10.75,0.0,0.0,0.0,0.0,-5.197523053665911,-0.001
2189,338501,4,2025-09-09,B,50.0726067296997,41-65,101770.85485468124,25-50%,95355.68327094284,0-25%,22512.47962602913,0-25%,9.0,4.25,106.9,6.02985563416392,0.23,0.025033895321320068,1,2025-10-06,2.75,11.75,2798.698508503734,0.0,2798.698508503734,1.9590889559526141,-3.238434097713297,1.9580889559526142
2190,378770,4,2025-09-09,B,54.69344591488902,41-65,325482.8312254042,50-75%,1957757.3927649255,50-75%,2656449.459588501,>75%,3.5,8.25,73.9,4.774797951036605,0.217,0.025510564388717065,0,,0.0,3.5,0.0,0.0,0.0,0.0,-5.197523053665911,-0.001
2191,358128,4,2025-09-09,B,41.15379751595536,41-65,587989.3795538542,>75%,655507.1029390795,25-50%,1797777.5327946737,>75%,7.75,2.5,88.7,3.5293779079388417,0.24,0.0355072403443518,0,,0.0,7.75,0.0,0.0,0.0,0.0,-5.197523053665911,-0.001
2192,249452,4,2025-09-09,B,68.00218415171658,>65,2073537.0891425975,>75%,26395278.015060253,>75%,3927148.699385904,>75%,10.75,10.75,9.4,1.6098105613270284,0.146,0.01678405540721957,0,,0.0,10.75,0.0,0.0,0.0,0.0,-5.197523053665911,-0.001
2193,160964,4,2025-09-09,B,88.98393442136356,>65,360455.2556064788,50-75%,50048121.28097594,>75%,1609223.3716046012,50-75%,10.75,5.0,25.9,1.9673175925008155,0.104,0.003171948270532483,0,,0.0,10.75,0.0,0.0,0.0,0.0,-5.197523053665911,-0.001
2194,384686,4,2025-09-09,B,55.551321231430975,41-65,123276.22164788532,25-50%,723714.8525666151,25-50%,262244.91736619,25-50%,10.0,7.25,11.0,2.4738096024420355,0.183,0.016121374626640532,0,,0.0,10.0,0.0,0.0,0.0,0.0,-5.197523053665911,-0.001
2195,503396,4,2025-09-09,B,51.87087838223643,41-65,560479.1829580594,>75%,2119770.9417175185,50-75%,1721982.2057909449,50-75%,7.0,2.25,78.9,2.8654004456647044,0.178,0.021457897038342052,0,,0.0,7.0,0.0,0.0,0.0,0.0,-5.197523053665911,-0.001
2196,293349,4,2025-09-09,B,69.28518438014275,>65,164681.81952771771,25-50%,13656154.99244118,>75%,436453.1873941537,25-50%,6.25,6.5,6.9,4.841774950984428,0.17,0.015510005718772387,0,,0.0,6.25,0.0,0.0,0.0,0.0,-5.197523053665911,-0.001
2197,546694,4,2025-09-09,B,42.14629436138387,41-65,204139.0516800183,50-75%,195568.4111920744,0-25%,248522.8139468204,25-50%,6.25,5.5,124.6,0.544111254566235,0.192,0.03294343437838489,0,,0.0,6.25,0.0,0.0,0.0,0.0,-5.197523053665911,-0.001
2198,990670,4,2025-09-09,B,52.0846488689794,41-65,38769.88903554126,0-25%,857218.6804939962,25-50%,26257.657504519502,0-25%,6.0,9.5,65.8,4.636177139987257,0.197,0.031950415376820085,0,,0.0,6.0,0.0,0.0,0.0,0.0,-5.197523053665911,-0.001
2199,214006,4,2025-09-09,B,56.34640286045336,41-65,45387.22104761045,0-25%,55977.12525350953,0-25%,5549.94516163008,0-25%,8.25,3.0,17.0,10.15815116275376,0.2,0.018895145125264932,0,,0.0,8.25,0.0,0.0,0.0,0.0,-5.197523053665911,-0.001
2200,244661,4,2025-09-09,B,61.36445596019108,41-65,698379.6828380025,>75%,771212.1947069668,25-50%,806967.8978735701,50-75%,6.0,5.75,93.8,9.575744618562958,0.165,0.014234779330752907,0,,0.0,6.0,0.0,0.0,0.0,0.0,-5.197523053665911,-0.001
2201,734364,4,2025-09-09,B,38.02624931690852,18-40,154410.77318858955,25-50%,188527.62167179343,0-25%,10897.932567662165,0-25%,4.25,7.75,35.7,3.519688629968694,0.27,0.14096774573541213,0,,0.0,4.25,0.0,0.0,0.0,0.0,-5.197523053665911,-0.001
2202,667441,4,2025-09-09,B,52.57886457947081,41-65,175251.6351404734,25-50%,79728.88662997182,0-25%,234540.3488797565,25-50%,6.5,7.5,8.4,1.2662405746293812,0.168,0.04512133696476496,0,,0.0,6.5,0.0,0.0,0.0,0.0,-5.197523053665911,-0.001
2203,407992,4,2025-09-09,B,80.49108115684908,>65,74478.19714055178,0-25%,416631.9478654978,25-50%,19225.901359594223,0-25%,10.25,5.5,20.0,4.7112747729662825,0.137,0.006077730237477697,0,,0.0,10.25,0.0,0.0,0.0,0.0,-5.197523053665911,-0.001
2204,104616,4,2025-09-09,B,74.41270713350328,>65,154026.18244746377,25-50%,1235828.6112394012,50-75%,620193.0557761341,50-75%,2.5,7.75,30.4,8.234116071912979,0.091,0.009462392161458695,0,,0.0,2.5,0.0,0.0,0.0,0.0,-5.197523053665911,-0.001
2205,209906,4,2025-09-09,B,53.30826806895673,41-65,38233.30194243006,0-25%,65201.56810924046,0-25%,206852.4761069257,25-50%,10.5,8.75,20.7,2.1002860111730906,0.201,0.011306173669571382,0,,0.0,10.5,0.0,0.0,0.0,0.0,-5.197523053665911,-0.001
2206,734547,4,2025-09-09,B,26.142092893509123,18-40,170297.81929486536,25-50%,195925.00742132985,0-25%,33377.632623587204,0-25%,8.75,5.75,15.1,4.604422181056421,0.271,0.1103592170214783,1,2025-10-01,2.5,11.25,4257.445482371634,0.0,4257.445482371634,2.9802118376601445,-2.217311216005766,2.9792118376601446
2207,241639,4,2025-09-09,B,62.28154577263474,41-65,1138262.3711129385,>75%,11791311.67435184,>75%,2161170.4397909557,>75%,11.5,1.25,2.6,3.086122378426948,0.182,0.01914008399658366,0,,0.0,11.5,0.0,0.0,0.0,0.0,-5.197523053665911,-0.001
2208,410776,4,2025-09-09,B,46.640330191907005,41-65,101664.87149849506,25-50%,495329.0382425501,25-50%,55087.22789418914,0-25%,8.25,4.0,19.2,2.903225892951665,0.223,0.031413332249426995,0,,0.0,8.25,0.0,0.0,0.0,0.0,-5.197523053665911,-0.001
2209,621295,4,2025-09-09,B,79.18447920977161,>65,96499.5034467635,25-50%,1172037.6436222976,25-50%,277436.5992516068,25-50%,12.75,9.5,18.2,0.908428569536341,0.103,0.004476989288052515,0,,0.0,12.75,0.0,0.0,0.0,0.0,-5.197523053665911,-0.001
2210,271796,4,2025-09-09,B,70.82864685283242,>65,190206.0617697505,50-75%,3195512.567496176,50-75%,368580.25505850674,25-50%,6.5,9.0,10.9,4.142881815239683,0.168,0.01600648251309714,0,,0.0,6.5,0.0,0.0,0.0,0.0,-5.197523053665911,-0.001
2211,503017,4,2025-09-09,B,28.74691708081867,18-40,347624.8173514513,50-75%,1319296.8361596582,50-75%,76454.0189682124,0-25%,3.5,6.5,33.0,0.1984622157370803,0.276,0.21100474738915634,0,,0.0,3.5,0.0,0.0,0.0,0.0,-5.197523053665911,-0.001
2212,794146,4,2025-09-09,B,35.332565454267126,18-40,2006644.919128354,>75%,9337236.338820305,>75%,491334.744237241,25-50%,5.5,4.75,6.1,1.5750317058232188,0.239,0.12304531128518079,1,2025-09-16,3.25,8.75,65215.959871671505,0.0,65215.959871671505,45.651171910170056,40.453648856504145,45.65017191017006
2213,385118,4,2025-09-09,B,70.36451501672673,>65,102816.25659708172,25-50%,485398.69552671054,25-50%,3820433.2377004703,>75%,4.0,8.5,19.0,1.2852354900368612,0.111,0.007965310929671987,0,,0.0,4.0,0.0,0.0,0.0,0.0,-5.197523053665911,-0.001
2214,109376,4,2025-09-09,B,56.73968859663832,41-65,1759921.190289281,>75%,4544855.670260597,50-75%,1998441.148437076,>75%,6.75,8.0,55.6,7.660676933140614,0.175,0.048479498421153955,0,,0.0,6.75,0.0,0.0,0.0,0.0,-5.197523053665911,-0.001
2215,528870,4,2025-09-09,B,54.260351343217536,41-65,1268909.1083296945,>75%,36513311.77273575,>75%,11410058.06765197,>75%,8.75,16.5,6.5,1.7272563137641452,0.223,0.04193360341257315,0,,0.0,8.75,0.0,0.0,0.0,0.0,-5.197523053665911,-0.001
2216,333899,4,2025-09-09,B,51.7134103951147,41-65,207966.87482855236,50-75%,380499.8815047096,25-50%,1206491.9578159684,50-75%,8.75,11.75,20.2,4.644708832240479,0.226,0.032199476083609735,0,,0.0,8.75,0.0,0.0,0.0,0.0,-5.197523053665911,-0.001
2217,864415,4,2025-09-09,B,78.38403535912354,>65,259149.15706742223,50-75%,20631901.41592687,>75%,5121630.883049231,>75%,9.75,7.5,28.3,4.457896108617881,0.11,0.0033983348777746896,0,,0.0,9.75,0.0,0.0,0.0,0.0,-5.197523053665911,-0.001
2218,447483,4,2025-09-09,B,55.72550472415311,41-65,316207.80935898883,50-75%,1123012.671956146,25-50%,15462.687017445924,0-25%,7.25,7.0,23.1,6.324392087608927,0.194,0.03899736221133059,0,,0.0,7.25,0.0,0.0,0.0,0.0,-5.197523053665911,-0.001
2219,618837,4,2025-09-09,B,76.4264899945456,>65,306389.2671494073,50-75%,2084588.3240918696,50-75%,979997.8645860576,50-75%,3.25,7.25,66.0,0.2491312124790365,0.137,0.011882323501478461,0,,0.0,3.25,0.0,0.0,0.0,0.0,-5.197523053665911,-0.001
2220,895188,4,2025-09-09,B,66.7733681417028,>65,386553.6223715412,50-75%,25521175.582137417,>75%,2531008.537985336,>75%,5.25,8.5,11.1,0.6212014718302464,0.149,0.019149347849626207,0,,0.0,5.25,0.0,0.0,0.0,0.0,-5.197523053665911,-0.001
2221,417308,4,2025-09-09,B,59.92559086419495,41-65,104835.48890445608,25-50%,321289.64065635746,0-25%,9842.663013621452,0-25%,7.5,9.5,14.6,2.814050027303589,0.189,0.04721763177090272,0,,0.0,7.5,0.0,0.0,0.0,0.0,-5.197523053665911,-0.001
2222,154303,4,2025-09-09,B,61.27059245228946,41-65,1974867.8621469692,>75%,19294548.56206327,>75%,1337052.7654349362,50-75%,13.0,6.75,2.3,11.401570728905604,0.158,0.023038942930866668,0,,0.0,13.0,0.0,0.0,0.0,0.0,-5.197523053665911,-0.001
2223,687932,4,2025-09-09,B,51.08832997425277,41-65,62778.91173772315,0-25%,108684.4883092094,0-25%,7084.193198035574,0-25%,6.75,9.75,28.0,6.609642344846916,0.206,0.0555448122689305,0,,0.0,6.75,0.0,0.0,0.0,0.0,-5.197523053665911,-0.001
2224,791456,4,2025-09-09,B,70.10835975374447,>65,144311.15070913444,25-50%,174657.72323172577,0-25%,11007.357625501412,0-25%,7.0,4.5,3.0,12.029073979611612,0.168,0.013284161810591751,0,,0.0,7.0,0.0,0.0,0.0,0.0,-5.197523053665911,-0.001
2225,578824,4,2025-09-09,B,56.23942738472697,41-65,35759.84209610527,0-25%,22841.73252893092,0-25%,8172.563367205403,0-25%,3.75,8.5,88.2,5.501040131136829,0.187,0.030246175390205784,0,,0.0,3.75,0.0,0.0,0.0,0.0,-5.197523053665911,-0.001
2226,389787,4,2025-09-09,B,57.22054278613805,41-65,61498.08343588262,0-25%,299067.1244098455,0-25%,91490.19433400928,0-25%,4.5,8.0,143.4,14.740531233600244,0.206,0.01542141979632801,0,,0.0,4.5,0.0,0.0,0.0,0.0,-5.197523053665911,-0.001
2227,589304,4,2025-09-09,B,53.770764823287735,41-65,240296.7538194172,50-75%,561071.7568097941,25-50%,180550.64880494692,25-50%,3.25,12.25,15.5,4.615940785896898,0.172,0.04673614292518542,0,,0.0,3.25,0.0,0.0,0.0,0.0,-5.197523053665911,-0.001
2228,133569,4,2025-09-09,B,40.66465376792008,18-40,2648462.089001748,>75%,2361169.782769097,50-75%,669433.0942883079,50-75%,9.0,1.75,15.5,2.785224779408165,0.234,0.09710678547563131,0,,0.0,9.0,0.0,0.0,0.0,0.0,-5.197523053665911,-0.001
2229,306357,4,2025-09-09,B,67.27680716128886,>65,195678.50846135305,50-75%,2708005.5397431613,50-75%,2751576.983110056,>75%,4.25,6.25,3.3,0.2888042250580462,0.187,0.013987073224475169,0,,0.0,4.25,0.0,0.0,0.0,0.0,-5.197523053665911,-0.001
2230,651344,4,2025-09-09,B,61.80277218996186,41-65,249809.2562793296,50-75%,6015519.647256455,>75%,252260.76575111703,25-50%,6.25,11.75,17.9,3.902829011285724,0.178,0.03030138625998297,0,,0.0,6.25,0.0,0.0,0.0,0.0,-5.197523053665911,-0.001
2231,788446,4,2025-09-09,B,77.28127192241935,>65,1949006.870982238,>75%,34065179.217439055,>75%,1927006.079220994,>75%,8.75,2.5,19.6,4.488779944864534,0.121,0.010933879089439352,0,,0.0,8.75,0.0,0.0,0.0,0.0,-5.197523053665911,-0.001
2232,660159,4,2025-09-09,B,64.15171335781689,41-65,171377.8072463485,25-50%,2285693.217054656,50-75%,112428.20568692737,0-25%,6.25,13.75,20.6,0.4202951992358733,0.129,0.029596092224940418,0,,0.0,6.25,0.0,0.0,0.0,0.0,-5.197523053665911,-0.001
2233,979172,4,2025-09-09,B,60.82546825807843,41-65,281206.934641362,50-75%,120388.38713796787,0-25%,98016.81148423534,0-25%,2.5,8.25,9.9,2.8723316402964856,0.202,0.04254488641588703,0,,0.0,2.5,0.0,0.0,0.0,0.0,-5.197523053665911,-0.001
2234,859474,4,2025-09-09,B,51.31483002375201,41-65,876964.0420940864,>75%,3308020.7267571064,50-75%,395224.88813811,25-50%,6.25,8.25,50.9,6.877403976962712,0.196,0.06770440457320308,1,2025-10-09,3.75,10.0,32886.15157852824,17539.28084188173,50425.43242040997,35.297802694286986,30.10027964062108,35.29680269428699
2235,988768,4,2025-09-09,B,54.6258064633775,41-65,41261.0625078321,0-25%,22638.21585042481,0-25%,8825.10865237803,0-25%,5.25,2.25,64.1,4.69393670033317,0.203,0.01863989799646491,0,,0.0,5.25,0.0,0.0,0.0,0.0,-5.197523053665911,-0.001
2236,983243,4,2025-09-09,B,19.436776191481385,18-40,936680.4032239332,>75%,511839.99712130905,25-50%,692622.6006957132,50-75%,11.0,1.25,80.1,0.4817618402668125,0.294,0.15557299179164502,0,,0.0,11.0,0.0,0.0,0.0,0.0,-5.197523053665911,-0.001
2237,664640,4,2025-09-09,B,70.72036018694305,>65,942207.0285405144,>75%,2353598.5851391465,50-75%,633758.3269865314,50-75%,6.75,8.25,3.4,4.800261268756851,0.119,0.028485366580070455,0,,0.0,6.75,0.0,0.0,0.0,0.0,-5.197523053665911,-0.001
2238,609652,4,2025-09-09,B,53.010471011858975,41-65,187159.791134088,50-75%,618533.9433215581,25-50%,408025.96517760615,25-50%,10.25,5.25,9.2,8.342778295480592,0.203,0.017273665924268263,0,,0.0,10.25,0.0,0.0,0.0,0.0,-5.197523053665911,-0.001
2239,221094,4,2025-09-09,B,61.75377351988751,41-65,70883.42900597528,0-25%,1283967.4571923935,50-75%,2985987.6051158267,>75%,4.5,9.5,6.8,3.3109370980271646,0.175,0.010725819259786846,0,,0.0,4.5,0.0,0.0,0.0,0.0,-5.197523053665911,-0.001
2240,351770,4,2025-09-09,B,52.50377513898639,41-65,41394.025135606105,0-25%,239775.68105124249,0-25%,69899.19221307631,0-25%,7.0,2.5,42.8,1.5817252740759409,0.191,0.014947691629714942,0,,0.0,7.0,0.0,0.0,0.0,0.0,-5.197523053665911,-0.001
2241,361101,4,2025-09-09,B,53.88512381130016,41-65,50051.49786321475,0-25%,282245.7463518744,0-25%,60664.460093092704,0-25%,9.0,4.75,9.6,2.4399307596374795,0.191,0.016337939230620005,0,,0.0,9.0,0.0,0.0,0.0,0.0,-5.197523053665911,-0.001
2242,284693,4,2025-09-09,B,63.40763138406456,41-65,177660.25072772952,25-50%,36405259.18315037,>75%,1154995.7582581623,50-75%,3.0,11.25,29.2,3.71851288364814,0.217,0.01711896152314177,0,,0.0,3.0,0.0,0.0,0.0,0.0,-5.197523053665911,-0.001
2243,662036,4,2025-09-09,B,36.19323040351845,18-40,570017.1468604665,>75%,505943.96145240485,25-50%,96654.07115832849,0-25%,11.0,11.25,6.0,6.944600203362098,0.232,0.16159567052638585,0,,0.0,11.0,0.0,0.0,0.0,0.0,-5.197523053665911,-0.001
2244,524542,4,2025-09-09,B,44.56610250554309,41-65,156063.74468566757,25-50%,153150.48841974317,0-25%,583090.2161582755,50-75%,7.0,11.25,6.0,2.557798731348886,0.22,0.05090788502066394,0,,0.0,7.0,0.0,0.0,0.0,0.0,-5.197523053665911,-0.001
2245,482060,4,2025-09-09,B,71.8582575997516,>65,127584.85942748404,25-50%,3023324.526466932,50-75%,1082599.7563375905,50-75%,14.5,14.0,77.8,4.034095111342286,0.129,0.00445261979717848,0,,0.0,14.5,0.0,0.0,0.0,0.0,-5.197523053665911,-0.001
2246,469328,4,2025-09-09,B,61.82444940166464,41-65,406919.97315850167,50-75%,5638949.230076199,50-75%,1265899.4541329292,50-75%,4.25,9.5,25.1,0.669316133274473,0.19,0.028200455398452066,0,,0.0,4.25,0.0,0.0,0.0,0.0,-5.197523053665911,-0.001
2247,461654,4,2025-09-09,B,52.89437284153792,41-65,439318.6790854663,50-75%,552851.859199096,25-50%,106069.40735179986,0-25%,1.5,3.0,25.7,0.6794297121545294,0.167,0.07521771248171086,0,,0.0,1.5,0.0,0.0,0.0,0.0,-5.197523053665911,-0.001
2248,648404,4,2025-09-09,B,53.6876660240817,41-65,168926.79197178318,25-50%,275322.36773883546,0-25%,268373.9738312817,25-50%,9.75,6.25,14.5,0.3267285746037554,0.216,0.02112438426709316,0,,0.0,9.75,0.0,0.0,0.0,0.0,-5.197523053665911,-0.001
2249,486524,4,2025-09-09,B,75.09318400123003,>65,327262.2050515926,50-75%,8906859.76127333,>75%,654922.0241158566,50-75%,10.0,6.5,3.4,11.716138866269905,0.118,0.006106507628933688,0,,0.0,10.0,0.0,0.0,0.0,0.0,-5.197523053665911,-0.001
2250,501237,4,2025-09-09,B,62.64430262090822,41-65,82433.4223271964,0-25%,225953.6980448196,0-25%,339106.19078225846,25-50%,3.25,10.0,7.9,0.2212684827914589,0.164,0.018926421206325504,0,,0.0,3.25,0.0,0.0,0.0,0.0,-5.197523053665911,-0.001
2251,300415,4,2025-09-09,B,74.78055149711322,>65,1815064.1807929056,>75%,37224094.8475382,>75%,4962362.92563917,>75%,7.5,11.75,1.4,5.237174291371919,0.099,0.01971184833560697,0,,0.0,7.5,0.0,0.0,0.0,0.0,-5.197523053665911,-0.001
2252,826058,4,2025-09-09,B,78.59360727816625,>65,43314.04272536486,0-25%,67328.52002198336,0-25%,5781.837507257297,0-25%,7.0,11.75,1.8,6.149444637176098,0.087,0.013634850514678491,0,,0.0,7.0,0.0,0.0,0.0,0.0,-5.197523053665911,-0.001
2253,726545,4,2025-09-09,B,39.30666856123061,18-40,5610060.428499602,>75%,25899668.839198302,>75%,13280808.461214686,>75%,11.0,2.75,22.0,0.2487887152903687,0.245,0.08038955123929263,0,,0.0,11.0,0.0,0.0,0.0,0.0,-5.197523053665911,-0.001
2254,440750,4,2025-09-09,B,43.32424673375538,41-65,518261.43136210256,>75%,2998928.8181827557,50-75%,2678656.832196083,>75%,9.0,11.5,0.4,4.72181031154262,0.211,0.06219459048454178,0,,0.0,9.0,0.0,0.0,0.0,0.0,-5.197523053665911,-0.001
2255,559014,4,2025-09-09,B,66.63606204953035,>65,5218884.057711436,>75%,73345198.77567169,>75%,7520400.808369251,>75%,13.25,5.75,32.1,5.208249112798752,0.148,0.020331699777385512,0,,0.0,13.25,0.0,0.0,0.0,0.0,-5.197523053665911,-0.001
2256,225920,4,2025-09-09,B,31.0869536374571,18-40,122662.78159890398,25-50%,235986.3717833272,0-25%,199835.29704605497,25-50%,5.75,7.25,50.9,0.7528178744310694,0.296,0.10359520142868488,0,,0.0,5.75,0.0,0.0,0.0,0.0,-5.197523053665911,-0.001
2257,688504,4,2025-09-09,B,53.05406190501582,41-65,5385964.905799689,>75%,186074899.9039519,>75%,1471817.4028192752,50-75%,9.75,5.75,16.6,1.0255228775382912,0.168,0.06438626442871014,0,,0.0,9.75,0.0,0.0,0.0,0.0,-5.197523053665911,-0.001
2258,977773,4,2025-09-09,B,75.32831587063599,>65,299193.9644301198,50-75%,82230931.97384523,>75%,927293.6968448304,50-75%,5.75,9.25,83.6,0.8331777096548489,0.134,0.01196341768822113,0,,0.0,5.75,0.0,0.0,0.0,0.0,-5.197523053665911,-0.001
2259,520168,4,2025-09-09,B,45.86907363420128,41-65,57414.49609733386,0-25%,95351.5929372898,0-25%,22975.02590729528,0-25%,10.5,12.75,18.4,16.24454446093931,0.243,0.04344293180935998,0,,0.0,10.5,0.0,0.0,0.0,0.0,-5.197523053665911,-0.001
2260,304312,4,2025-09-09,B,44.610205793760095,41-65,97359.71504546356,25-50%,727263.7444118578,25-50%,158275.94279324534,25-50%,6.25,7.5,10.4,14.731285461457547,0.262,0.040471756455980744,0,,0.0,6.25,0.0,0.0,0.0,0.0,-5.197523053665911,-0.001
2261,773119,4,2025-09-09,B,72.70001929292025,>65,133486.0319612694,25-50%,2301031.8032909418,50-75%,6421448.709119096,>75%,13.5,2.25,27.1,3.265583335414456,0.128,0.003327608652463327,0,,0.0,13.5,0.0,0.0,0.0,0.0,-5.197523053665911,-0.001
2262,722000,4,2025-09-09,B,60.36857865321695,41-65,88438.9758547271,0-25%,475791.706042298,25-50%,34759.43491829183,0-25%,6.5,13.25,3.5,2.625886474253372,0.172,0.033816523705812666,0,,0.0,6.5,0.0,0.0,0.0,0.0,-5.197523053665911,-0.001
2263,790356,4,2025-09-09,B,83.06431975866877,>65,352351.1884276462,50-75%,10810635.089365847,>75%,6963790.529123707,>75%,3.0,14.0,96.9,0.8075002119059795,0.079,0.005464062178340057,0,,0.0,3.0,0.0,0.0,0.0,0.0,-5.197523053665911,-0.001
2264,937604,4,2025-09-09,B,65.54678277861349,41-65,70819.5249482639,0-25%,564218.9841850826,25-50%,51597.75719628409,0-25%,1.25,5.5,38.6,1.9072614939485104,0.162,0.020783959433927978,0,,0.0,1.25,0.0,0.0,0.0,0.0,-5.197523053665911,-0.001
2265,429379,4,2025-09-09,B,77.12748007018313,>65,119112.48210277328,25-50%,4857768.066802929,50-75%,1219188.501468592,50-75%,8.25,7.5,20.3,1.6006796835103,0.134,0.0038530499978086563,0,,0.0,8.25,0.0,0.0,0.0,0.0,-5.197523053665911,-0.001
2266,666517,4,2025-09-09,B,36.26395879869891,18-40,137561.39819229866,25-50%,161175.99063861923,0-25%,82788.27220811107,0-25%,3.5,3.0,43.2,4.7336514642251135,0.228,0.04953473417102177,1,2025-10-08,2.25,5.75,3095.13145932672,0.0,3095.13145932672,2.1665920215287042,-3.0309310321372065,2.1655920215287043
2267,924612,4,2025-09-09,B,29.09472261495165,18-40,129168.32447419528,25-50%,58328.21290639184,0-25%,42381.441380092096,0-25%,8.5,13.5,4.9,5.465829638838303,0.282,0.15200024910060506,0,,0.0,8.5,0.0,0.0,0.0,0.0,-5.197523053665911,-0.001
2268,687322,4,2025-09-09,B,56.17966478431643,41-65,125568.01941264322,25-50%,1268002.9061686264,50-75%,751701.2742206096,50-75%,4.75,4.0,49.5,3.9555314255894727,0.172,0.01117877655202434,0,,0.0,4.75,0.0,0.0,0.0,0.0,-5.197523053665911,-0.001
2269,826081,4,2025-09-09,B,66.9774533075282,>65,123336.29152446798,25-50%,938007.398648622,25-50%,441315.2614341072,25-50%,7.5,9.25,72.4,2.258651887217917,0.173,0.014333548067672201,0,,0.0,7.5,0.0,0.0,0.0,0.0,-5.197523053665911,-0.001
2270,834144,4,2025-09-09,B,71.73334203167373,>65,45360.39963437128,0-25%,231250.8307179093,0-25%,4650332.630008641,>75%,5.0,9.75,12.0,9.893954604541635,0.131,0.0040639414451495645,0,,0.0,5.0,0.0,0.0,0.0,0.0,-5.197523053665911,-0.001
2271,627622,4,2025-09-09,B,47.71826643556152,41-65,619683.5877681796,>75%,6296722.299915305,>75%,26509.58332686006,0-25%,7.0,8.75,18.8,1.628365228750961,0.232,0.14182245084544437,0,,0.0,7.0,0.0,0.0,0.0,0.0,-5.197523053665911,-0.001
2272,572483,4,2025-09-09,B,28.24286684479093,18-40,120072.25543718175,25-50%,16321.184942060729,0-25%,177297.71801485168,25-50%,7.5,11.25,15.0,3.7225706703515535,0.257,0.11927802770021662,0,,0.0,7.5,0.0,0.0,0.0,0.0,-5.197523053665911,-0.001
2273,859138,4,2025-09-09,B,59.05808404327256,41-65,349593.1977064972,50-75%,1905280.0475224587,50-75%,1414663.575798745,50-75%,3.75,9.25,4.4,3.469961476643884,0.179,0.028750906089468405,0,,0.0,3.75,0.0,0.0,0.0,0.0,-5.197523053665911,-0.001
2274,732158,4,2025-09-09,B,78.31542461174183,>65,302035.51573083014,50-75%,2770392.597858999,50-75%,715303.4176414129,50-75%,9.25,7.25,42.6,2.947181175029698,0.114,0.005666124006126571,0,,0.0,9.25,0.0,0.0,0.0,0.0,-5.197523053665911,-0.001
2275,496372,4,2025-09-09,B,39.64635121629998,18-40,54565.41562095954,0-25%,102430.97533868915,0-25%,10581.391914736558,0-25%,5.25,5.25,70.5,4.709300678069711,0.251,0.041698790534064764,0,,0.0,5.25,0.0,0.0,0.0,0.0,-5.197523053665911,-0.001
2276,643369,4,2025-09-09,B,64.77999568323246,41-65,95740.88199120996,25-50%,211763.48136240707,0-25%,27215.338969170338,0-25%,11.25,10.5,44.1,4.321217630674318,0.171,0.013312716869278537,0,,0.0,11.25,0.0,0.0,0.0,0.0,-5.197523053665911,-0.001
2277,826574,4,2025-09-09,B,56.65588989798496,41-65,56708.82001399109,0-25%,181930.04031356928,0-25%,31701.92342009393,0-25%,6.25,13.75,18.0,7.585929850687356,0.215,0.029463658232269704,0,,0.0,6.25,0.0,0.0,0.0,0.0,-5.197523053665911,-0.001
2278,770996,4,2025-09-09,B,67.17788844320388,>65,1574106.5742640365,>75%,1234412.3023524669,25-50%,241226.10907111983,25-50%,10.25,4.75,8.7,1.9682415445692796,0.183,0.02810000386563912,0,,0.0,10.25,0.0,0.0,0.0,0.0,-5.197523053665911,-0.001
2279,153066,4,2025-09-09,B,72.78646444152497,>65,244518.3542389468,50-75%,21244988.97285018,>75%,810518.8631713339,50-75%,6.0,4.0,62.4,2.022630996288221,0.14,0.00653154803256284,0,,0.0,6.0,0.0,0.0,0.0,0.0,-5.197523053665911,-0.001
2280,461507,4,2025-09-09,B,85.94919270857356,>65,451875.5126629168,50-75%,138777837.93813437,>75%,2619829.468611489,>75%,8.0,6.25,57.9,2.423641763345227,0.1,0.0033998290448364146,0,,0.0,8.0,0.0,0.0,0.0,0.0,-5.197523053665911,-0.001
2281,776258,4,2025-09-09,B,50.91451404920527,41-65,561559.9334631767,>75%,345112.3641316548,0-25%,880245.8295816788,50-75%,3.75,13.25,16.1,3.5728596834244604,0.195,0.05623135394301518,0,,0.0,3.75,0.0,0.0,0.0,0.0,-5.197523053665911,-0.001
2282,782960,4,2025-09-09,B,70.63423819212194,>65,50794.82089611486,0-25%,269556.2850258058,0-25%,221919.8079385244,25-50%,9.0,4.25,58.4,4.961223208470516,0.108,0.004547888342634134,0,,0.0,9.0,0.0,0.0,0.0,0.0,-5.197523053665911,-0.001
2283,972124,4,2025-09-09,B,50.42099181238648,41-65,63912.18611005833,0-25%,116851.17833081326,0-25%,50374.380168451535,0-25%,6.5,2.75,18.5,21.33815250427978,0.217,0.01378020637017067,0,,0.0,6.5,0.0,0.0,0.0,0.0,-5.197523053665911,-0.001
2284,881428,4,2025-09-09,B,79.35400620466869,>65,156813.8028436338,25-50%,20110824.730941523,>75%,2333628.765885139,>75%,6.25,4.75,58.7,0.7339606783444222,0.135,0.0031865830382546002,0,,0.0,6.25,0.0,0.0,0.0,0.0,-5.197523053665911,-0.001
2285,785667,4,2025-09-09,B,66.51729562009118,>65,1176243.9427949784,>75%,10451440.078508733,>75%,4509399.503899668,>75%,4.75,7.75,15.7,22.848625787745416,0.142,0.01578139838763577,0,,0.0,4.75,0.0,0.0,0.0,0.0,-5.197523053665911,-0.001
2286,245919,4,2025-09-09,B,73.8811477311674,>65,3530921.3666176414,>75%,55539070.47042672,>75%,3379158.486495281,>75%,14.5,10.75,7.8,13.489142810212384,0.187,0.012143384190254226,0,,0.0,14.5,0.0,0.0,0.0,0.0,-5.197523053665911,-0.001
2287,316081,4,2025-09-09,B,45.65004254370812,41-65,50229.98569763206,0-25%,109068.35346772747,0-25%,69327.08920182871,0-25%,4.5,6.5,15.9,14.408521304193505,0.189,0.034517813014329615,0,,0.0,4.5,0.0,0.0,0.0,0.0,-5.197523053665911,-0.001
2288,988061,4,2025-09-09,B,41.6480938670034,41-65,157284.87155992936,25-50%,643796.094727455,25-50%,1594109.0327683245,50-75%,11.0,3.25,36.4,0.8870042319646514,0.247,0.023939909221366955,0,,0.0,11.0,0.0,0.0,0.0,0.0,-5.197523053665911,-0.001
2289,914136,4,2025-09-09,B,57.950515020958605,41-65,255058.38737757903,50-75%,3265683.183495106,50-75%,2831496.3972854186,>75%,10.0,8.0,33.8,4.537270103368453,0.194,0.010611826245527632,0,,0.0,10.0,0.0,0.0,0.0,0.0,-5.197523053665911,-0.001
2290,218507,4,2025-09-09,B,63.26464481520957,41-65,90978.54697167056,0-25%,2348324.6975288074,50-75%,135301.6417504476,25-50%,5.75,8.0,36.2,1.2003442723085676,0.191,0.021540425796821607,0,,0.0,5.75,0.0,0.0,0.0,0.0,-5.197523053665911,-0.001
2291,234061,4,2025-09-09,B,51.66575717597502,41-65,152349.31615734537,25-50%,185139.00729439003,0-25%,124635.39388189372,25-50%,13.75,6.0,14.8,7.890164035904564,0.184,0.021829482502545114,0,,0.0,13.75,0.0,0.0,0.0,0.0,-5.197523053665911,-0.001
2292,692184,4,2025-09-09,B,60.33233838177284,41-65,75699.03266232809,0-25%,92771.25120069296,0-25%,47234.96434170262,0-25%,15.25,6.0,59.9,6.768817913341363,0.171,0.01214002066546838,0,,0.0,15.25,0.0,0.0,0.0,0.0,-5.197523053665911,-0.001
2293,142401,4,2025-09-09,B,72.68042459288519,>65,194303.41827870472,50-75%,15703802.146346323,>75%,1703854.463814525,50-75%,10.5,4.75,19.0,20.204785597893203,0.158,0.003481827921602529,0,,0.0,10.5,0.0,0.0,0.0,0.0,-5.197523053665911,-0.001
2294,162221,4,2025-09-09,B,75.68768676878118,>65,546709.0537432148,>75%,4560808.576019625,50-75%,126879.66683465964,25-50%,9.0,8.75,44.7,1.186759487108947,0.11,0.012715778852577797,0,,0.0,9.0,0.0,0.0,0.0,0.0,-5.197523053665911,-0.001
2295,216310,4,2025-09-09,B,45.88833535881285,41-65,122788.28872323583,25-50%,362039.84125703375,25-50%,31928.323955112,0-25%,8.25,11.75,2.2,0.586697703015467,0.241,0.0830959462056848,0,,0.0,8.25,0.0,0.0,0.0,0.0,-5.197523053665911,-0.001
2296,428148,4,2025-09-09,B,45.87017139257773,41-65,481856.52023586334,50-75%,1952713.950919265,50-75%,510244.70607465954,50-75%,7.75,10.75,38.0,13.073389211188232,0.249,0.0574726493845528,0,,0.0,7.75,0.0,0.0,0.0,0.0,-5.197523053665911,-0.001
2297,384622,4,2025-09-09,B,62.90174367737293,41-65,5680459.619174573,>75%,109681140.12596203,>75%,996834.6255666128,50-75%,9.75,12.75,30.2,1.9073307007726876,0.156,0.08143654539698673,0,,0.0,9.75,0.0,0.0,0.0,0.0,-5.197523053665911,-0.001
2298,491276,4,2025-09-09,B,77.80760175263661,>65,4104598.42331412,>75%,128080376.47641504,>75%,8026555.297826973,>75%,5.25,6.0,66.6,4.346588928734223,0.136,0.019526049976293366,0,,0.0,5.25,0.0,0.0,0.0,0.0,-5.197523053665911,-0.001
2299,814960,4,2025-09-09,B,62.91783537651644,41-65,7136029.1862307,>75%,61127862.62439956,>75%,5978527.527528957,>75%,11.75,10.75,21.5,3.603886128687354,0.159,0.031183514933095905,0,,0.0,11.75,0.0,0.0,0.0,0.0,-5.197523053665911,-0.001
2300,776766,4,2025-09-09,B,64.87662505673474,41-65,179328.00799366724,25-50%,8486568.181834342,>75%,310171.0287008607,25-50%,6.5,6.5,9.5,0.8661563960158422,0.165,0.0119834888368697,0,,0.0,6.5,0.0,0.0,0.0,0.0,-5.197523053665911,-0.001
2301,188311,4,2025-09-09,B,38.23620218792041,18-40,678649.1096334825,>75%,3451098.69399105,50-75%,2135063.08741664,>75%,5.25,13.5,1.2,7.425486128060631,0.255,0.08651860490234665,0,,0.0,5.25,0.0,0.0,0.0,0.0,-5.197523053665911,-0.001
2302,669115,4,2025-09-09,B,28.46781741532876,18-40,87404.98647756808,0-25%,325223.7456601347,0-25%,129989.15622155451,25-50%,11.0,7.5,31.3,6.4894932114258825,0.316,0.053228055576176755,0,,0.0,11.0,0.0,0.0,0.0,0.0,-5.197523053665911,-0.001
2303,691512,4,2025-09-09,B,50.56238213079553,41-65,809979.4107124888,>75%,28865817.431973662,>75%,8328441.573285659,>75%,7.5,6.75,16.2,9.673974047020335,0.219,0.018272311983462627,0,,0.0,7.5,0.0,0.0,0.0,0.0,-5.197523053665911,-0.001
2304,745231,4,2025-09-09,B,74.25961266425858,>65,83090.43504469274,0-25%,2656008.657652277,50-75%,106095.24142797948,0-25%,5.0,3.75,23.6,5.559849825203844,0.118,0.005836317581391815,0,,0.0,5.0,0.0,0.0,0.0,0.0,-5.197523053665911,-0.001
2305,335056,4,2025-09-09,B,55.87584550066991,41-65,107922.168207574,25-50%,625883.5133410953,25-50%,1683089.7487995543,50-75%,5.75,7.0,44.0,6.542052080358149,0.205,0.016750372650360404,0,,0.0,5.75,0.0,0.0,0.0,0.0,-5.197523053665911,-0.001
2306,295674,4,2025-09-09,B,52.67272885233853,41-65,212144.14959483984,50-75%,3075003.8917392227,50-75%,6708523.775181687,>75%,3.75,4.75,49.3,4.074572730932992,0.198,0.0205296741900829,0,,0.0,3.75,0.0,0.0,0.0,0.0,-5.197523053665911,-0.001
2307,429629,4,2025-09-09,B,67.33841416510745,>65,132242.2738398058,25-50%,12964534.161192505,>75%,1624591.3827165228,50-75%,11.75,3.75,5.7,13.189116287540038,0.157,0.004772459747161742,0,,0.0,11.75,0.0,0.0,0.0,0.0,-5.197523053665911,-0.001
2308,314980,4,2025-09-09,B,41.38936222773823,41-65,77552.19137170879,0-25%,329251.99290125776,0-25%,43277.90402528495,0-25%,6.25,5.5,30.3,4.406154040578236,0.253,0.0359459142009191,0,,0.0,6.25,0.0,0.0,0.0,0.0,-5.197523053665911,-0.001
2309,413191,4,2025-09-09,B,76.87987749314006,>65,2549406.042104256,>75%,137692974.55236876,>75%,10271879.6950368,>75%,12.5,8.75,0.5,0.8049709866857417,0.091,0.00992614861318513,0,,0.0,12.5,0.0,0.0,0.0,0.0,-5.197523053665911,-0.001
2310,608689,4,2025-09-09,B,69.2719814903369,>65,74755.99553028753,0-25%,6082010.072307745,>75%,909857.647862274,50-75%,9.75,10.0,25.2,3.0820232498109874,0.134,0.009453529878404162,0,,0.0,9.75,0.0,0.0,0.0,0.0,-5.197523053665911,-0.001
2311,456254,4,2025-09-09,B,73.00202734229478,>65,2773871.6668015216,>75%,88002953.5047748,>75%,6148788.833729127,>75%,9.25,8.75,18.6,2.058750195198026,0.155,0.013068111647344718,0,,0.0,9.25,0.0,0.0,0.0,0.0,-5.197523053665911,-0.001
2312,889725,4,2025-09-09,B,60.56715447710207,41-65,1292114.8637169576,>75%,117355173.01950257,>75%,5805951.683905564,>75%,10.5,7.75,27.1,8.993935260283171,0.178,0.014616844773203023,0,,0.0,10.5,0.0,0.0,0.0,0.0,-5.197523053665911,-0.001
2313,967822,4,2025-09-09,B,37.00942255667778,18-40,1029262.9839908372,>75%,1515236.8051049977,50-75%,72310.44913620627,0-25%,4.5,4.0,15.0,0.7663496413867585,0.209,0.12802083949351067,0,,0.0,4.5,0.0,0.0,0.0,0.0,-5.197523053665911,-0.001
2314,792927,4,2025-09-09,B,50.58894742074336,41-65,1145219.8352346169,>75%,2199496.03562686,50-75%,630718.8792267317,50-75%,13.5,2.75,30.4,1.5529194352263067,0.219,0.043615319965116583,0,,0.0,13.5,0.0,0.0,0.0,0.0,-5.197523053665911,-0.001
2315,905939,4,2025-09-09,B,70.92524163471876,>65,431093.7494103937,50-75%,3797899.7065348392,50-75%,1971039.0359574708,>75%,14.0,3.5,15.7,6.801087863816616,0.176,0.007372356577907825,0,,0.0,14.0,0.0,0.0,0.0,0.0,-5.197523053665911,-0.001
2316,182167,4,2025-09-09,B,68.57801395318113,>65,66158.13707405263,0-25%,188501.04485659115,0-25%,103532.1533252743,0-25%,10.0,11.25,24.0,6.94117618418696,0.111,0.013553785283183802,0,,0.0,10.0,0.0,0.0,0.0,0.0,-5.197523053665911,-0.001
2317,311450,4,2025-09-09,B,27.243000635486847,18-40,31990.281597220102,0-25%,31421.33317652719,0-25%,5081.739796667286,0-25%,3.75,2.25,41.1,8.935970754051018,0.278,0.06741002025500137,0,,0.0,3.75,0.0,0.0,0.0,0.0,-5.197523053665911,-0.001
2318,806967,4,2025-09-09,B,82.45138657933556,>65,609218.9116598312,>75%,11874632.628731225,>75%,1267353.4545991856,50-75%,3.5,7.25,8.4,1.636531465660464,0.087,0.012146227174423674,0,,0.0,3.5,0.0,0.0,0.0,0.0,-5.197523053665911,-0.001
2319,537899,4,2025-09-09,B,69.11063992220029,>65,132332.5143146203,25-50%,471925.92655407713,25-50%,765648.5819248104,50-75%,5.25,8.0,37.9,0.2931914295843361,0.166,0.013263797792892388,0,,0.0,5.25,0.0,0.0,0.0,0.0,-5.197523053665911,-0.001
2320,318738,4,2025-09-09,B,61.01637097833331,41-65,1783258.9416494009,>75%,12046677.72917022,>75%,3921384.763687714,>75%,9.0,10.0,18.4,2.017396342651423,0.142,0.04237785075378825,0,,0.0,9.0,0.0,0.0,0.0,0.0,-5.197523053665911,-0.001
2321,722269,4,2025-09-09,B,73.49823168541432,>65,34734.70578620802,0-25%,53402.57042650069,0-25%,22162.41652254344,0-25%,7.5,7.25,25.5,9.96490786097581,0.135,0.005199521574800905,0,,0.0,7.5,0.0,0.0,0.0,0.0,-5.197523053665911,-0.001
2322,591809,4,2025-09-09,B,72.27479103027495,>65,110368.43991059525,25-50%,1469845.660943956,50-75%,177654.900271338,25-50%,5.0,6.75,5.4,1.721100956357392,0.126,0.014797824206223565,0,,0.0,5.0,0.0,0.0,0.0,0.0,-5.197523053665911,-0.001
2323,457828,4,2025-09-09,B,68.82944715435957,>65,125071.3034737985,25-50%,547448.8398226593,25-50%,240026.84402892287,25-50%,8.5,5.0,54.6,1.4092631527394883,0.157,0.008002927986355136,0,,0.0,8.5,0.0,0.0,0.0,0.0,-5.197523053665911,-0.001
2324,110951,4,2025-09-09,B,62.18479589877491,41-65,119735.89958897149,25-50%,11476126.069191497,>75%,420390.9161965368,25-50%,6.75,2.75,33.7,5.920959959112277,0.204,0.009034294692320817,0,,0.0,6.75,0.0,0.0,0.0,0.0,-5.197523053665911,-0.001
2325,366477,4,2025-09-09,B,57.06701773633213,41-65,909442.6692545968,>75%,14750598.432529844,>75%,933109.7791799288,50-75%,7.5,6.25,23.2,8.498788174974875,0.188,0.022638388001836363,0,,0.0,7.5,0.0,0.0,0.0,0.0,-5.197523053665911,-0.001
2326,520155,4,2025-09-09,B,73.67442567911388,>65,420536.14631451096,50-75%,66362702.45722835,>75%,9390330.38922642,>75%,7.25,9.5,65.7,1.1690425592273317,0.151,0.009359132722088102,0,,0.0,7.25,0.0,0.0,0.0,0.0,-5.197523053665911,-0.001
2327,142404,4,2025-09-09,B,59.11704804756474,41-65,85448.59655834084,0-25%,342672.5011838691,0-25%,783879.406338151,50-75%,8.0,1.5,30.8,11.588609613969934,0.214,0.006925533929405712,0,,0.0,8.0,0.0,0.0,0.0,0.0,-5.197523053665911,-0.001
2328,920568,4,2025-09-09,B,27.241346107362546,18-40,321115.59193426813,50-75%,2431490.574388712,50-75%,1620366.5389153592,50-75%,9.5,9.5,7.6,2.134045579425748,0.275,0.0665846343319418,0,,0.0,9.5,0.0,0.0,0.0,0.0,-5.197523053665911,-0.001
2329,442608,4,2025-09-09,B,57.90804099623135,41-65,5536742.590149247,>75%,25204148.90050925,>75%,6389575.213895622,>75%,9.75,10.25,7.2,0.1670638455034602,0.197,0.07590166030151935,0,,0.0,9.75,0.0,0.0,0.0,0.0,-5.197523053665911,-0.001
2330,903902,4,2025-09-09,B,61.13140570136282,41-65,75395.61184666658,0-25%,741530.2745390978,25-50%,165903.8553824956,25-50%,4.25,9.25,10.0,0.7824441618218191,0.192,0.0224927866458079,0,,0.0,4.25,0.0,0.0,0.0,0.0,-5.197523053665911,-0.001
2331,851736,4,2025-09-09,B,65.27075550244247,41-65,128072.34345189226,25-50%,410414.06869742967,25-50%,483520.8334768389,25-50%,12.25,11.75,61.4,0.6482707810121764,0.184,0.008344573100807044,0,,0.0,12.25,0.0,0.0,0.0,0.0,-5.197523053665911,-0.001
2332,431597,4,2025-09-09,B,59.566480061855685,41-65,142877.8704399528,25-50%,745848.6593590544,25-50%,294201.35927762004,25-50%,13.25,9.75,12.3,2.769145500228238,0.172,0.013582069129103017,0,,0.0,13.25,0.0,0.0,0.0,0.0,-5.197523053665911,-0.001
2333,745424,4,2025-09-09,B,63.745417356162,41-65,607351.5981020206,>75%,4012610.384073409,50-75%,2348935.5336161046,>75%,2.25,8.0,4.7,14.44498109118331,0.152,0.019749461373798988,0,,0.0,2.25,0.0,0.0,0.0,0.0,-5.197523053665911,-0.001
2334,539811,4,2025-09-09,B,48.83532163891148,41-65,1962708.1645494,>75%,27194518.686266284,>75%,5666408.98276134,>75%,11.25,9.25,17.4,4.099965987377465,0.246,0.03615365878851006,0,,0.0,11.25,0.0,0.0,0.0,0.0,-5.197523053665911,-0.001
2335,889171,4,2025-09-09,B,58.60691812249657,41-65,3354742.3644146384,>75%,102546946.03499624,>75%,9797477.881624447,>75%,8.5,13.25,66.7,2.7702455970003697,0.145,0.04582291891921675,0,,0.0,8.5,0.0,0.0,0.0,0.0,-5.197523053665911,-0.001
2336,329976,4,2025-09-09,B,66.30637652377965,>65,187180.353000741,50-75%,4589726.814846002,50-75%,476518.62539729214,25-50%,9.75,4.75,2.8,1.333597352789957,0.143,0.010368641379930604,0,,0.0,9.75,0.0,0.0,0.0,0.0,-5.197523053665911,-0.001
2337,190873,4,2025-09-09,B,73.21643006306924,>65,88984.59240517097,0-25%,161528.8574125533,0-25%,18232.894806491586,0-25%,7.0,8.5,43.4,2.783925674887533,0.129,0.01900712505122314,0,,0.0,7.0,0.0,0.0,0.0,0.0,-5.197523053665911,-0.001
2338,260123,4,2025-09-09,B,58.331340545967166,41-65,185236.05730805497,50-75%,1093776.4047972728,25-50%,724782.1778009105,50-75%,12.75,11.5,7.0,6.280743078573072,0.193,0.012307886497556545,0,,0.0,12.75,0.0,0.0,0.0,0.0,-5.197523053665911,-0.001
2339,784616,4,2025-09-09,B,67.2262367363598,>65,917798.73623299,>75%,1858901.627773595,50-75%,2847534.5387185365,>75%,3.25,13.25,38.0,2.046778597186969,0.207,0.024244334733267137,0,,0.0,3.25,0.0,0.0,0.0,0.0,-5.197523053665911,-0.001
2340,558412,4,2025-09-09,B,73.98185714562239,>65,278130.76015185216,50-75%,1223477.1780619302,25-50%,837667.4659162248,50-75%,13.0,14.25,11.3,2.1879342693322976,0.084,0.014159087049250977,0,,0.0,13.0,0.0,0.0,0.0,0.0,-5.197523053665911,-0.001
2341,190109,4,2025-09-09,B,61.5072501453149,41-65,39124.78954252317,0-25%,299033.98731760384,0-25%,155469.3454605664,25-50%,15.25,9.0,3.3,9.758748796679452,0.165,0.006878880931751601,0,,0.0,15.25,0.0,0.0,0.0,0.0,-5.197523053665911,-0.001
2342,892226,4,2025-09-09,B,58.23374687346998,41-65,194583.1328692356,50-75%,398681.5808043317,25-50%,422359.0753695607,25-50%,8.5,11.0,1.7,0.6917438315584667,0.205,0.032479885696547785,0,,0.0,8.5,0.0,0.0,0.0,0.0,-5.197523053665911,-0.001
2343,786441,4,2025-09-09,B,77.74010628253723,>65,200426.58413003795,50-75%,6322610.718742644,>75%,593286.5391810478,50-75%,9.25,6.75,82.2,1.6021109964938591,0.107,0.004849702641388643,0,,0.0,9.25,0.0,0.0,0.0,0.0,-5.197523053665911,-0.001
2344,416660,4,2025-09-09,B,69.98694457575476,>65,3458212.065662407,>75%,16303492.433936233,>75%,820340.0414810869,50-75%,6.75,8.75,13.8,18.63952506192352,0.162,0.03394553329001137,0,,0.0,6.75,0.0,0.0,0.0,0.0,-5.197523053665911,-0.001
2345,652679,4,2025-09-09,B,54.96777445259635,41-65,201874.87880877088,50-75%,831888.3427636006,25-50%,1059418.5782220552,50-75%,7.25,7.5,35.3,4.398321482096429,0.185,0.027202582680996824,0,,0.0,7.25,0.0,0.0,0.0,0.0,-5.197523053665911,-0.001
2346,422129,4,2025-09-09,B,89.9970677160547,>65,93476.86660834306,0-25%,6015983.657037928,>75%,357462.961206179,25-50%,2.0,5.25,8.0,7.71955642778326,0.065,0.004148199155439717,0,,0.0,2.0,0.0,0.0,0.0,0.0,-5.197523053665911,-0.001
2347,721881,4,2025-09-09,B,53.25530505480581,41-65,96889.46017564696,25-50%,176505.92807664516,0-25%,149568.16106034836,25-50%,6.0,4.5,15.8,3.805515249122464,0.16,0.01762082420553279,0,,0.0,6.0,0.0,0.0,0.0,0.0,-5.197523053665911,-0.001
2348,660398,4,2025-09-09,B,31.75397497819816,18-40,1697142.7552204856,>75%,2118189.6132512204,50-75%,206080.35630274445,25-50%,6.0,8.0,45.0,3.5249497526623186,0.25,0.24971132632263424,0,,0.0,6.0,0.0,0.0,0.0,0.0,-5.197523053665911,-0.001
2349,621145,4,2025-09-09,B,47.54608444670323,41-65,43668.71669002423,0-25%,46119.76124876223,0-25%,27984.581737476023,0-25%,6.5,12.5,17.8,26.39562485762313,0.215,0.026679475642730967,0,,0.0,6.5,0.0,0.0,0.0,0.0,-5.197523053665911,-0.001
2350,564818,4,2025-09-09,B,44.20140521034301,41-65,218038.43311993123,50-75%,150071.17045637706,0-25%,12229.81405574556,0-25%,7.5,5.5,0.8,1.7126117192173036,0.244,0.0710725423380376,0,,0.0,7.5,0.0,0.0,0.0,0.0,-5.197523053665911,-0.001
2351,292012,4,2025-09-09,B,44.480933112425326,41-65,130076.36676252668,25-50%,281574.5258351593,0-25%,154453.472506809,25-50%,13.75,9.0,2.1,9.704367864624787,0.203,0.027244253353305495,0,,0.0,13.75,0.0,0.0,0.0,0.0,-5.197523053665911,-0.001
2352,467096,4,2025-09-09,B,47.91783205838597,41-65,189490.9990951719,50-75%,1023224.5575574172,25-50%,124616.94884389792,25-50%,10.75,7.0,18.8,7.636921788754168,0.207,0.028802257035584727,0,,0.0,10.75,0.0,0.0,0.0,0.0,-5.197523053665911,-0.001
2353,719068,4,2025-09-09,B,45.06949473134301,41-65,3074186.3718029014,>75%,3046763.8603359563,50-75%,5578586.542873388,>75%,9.0,5.75,3.8,2.549875318358651,0.2,0.05601708679460694,0,,0.0,9.0,0.0,0.0,0.0,0.0,-5.197523053665911,-0.001
2354,846158,4,2025-09-09,B,79.36182981173953,>65,282540.3679549103,50-75%,8898106.99372288,>75%,3904412.52356634,>75%,6.25,8.0,1.9,9.48169764721927,0.137,0.006603753611126209,0,,0.0,6.25,0.0,0.0,0.0,0.0,-5.197523053665911,-0.001
2355,528282,4,2025-09-09,B,27.165921270023755,18-40,168095.07362634048,25-50%,501977.176454972,25-50%,152324.21827744972,25-50%,4.75,9.0,0.6,0.876025526479946,0.278,0.15951528461377942,0,,0.0,4.75,0.0,0.0,0.0,0.0,-5.197523053665911,-0.001
2356,673682,4,2025-09-09,B,76.44260863210633,>65,279359.2014107511,50-75%,4143958.0187746375,50-75%,1245790.6825918618,50-75%,13.0,4.0,16.1,7.99859227688728,0.146,0.004949934827258305,0,,0.0,13.0,0.0,0.0,0.0,0.0,-5.197523053665911,-0.001
2357,206549,4,2025-09-09,B,70.12211356226479,>65,206692.5594987604,50-75%,5529853.205093453,50-75%,1582206.407132839,50-75%,8.0,12.25,17.8,0.4987634979368005,0.134,0.013538925175382596,0,,0.0,8.0,0.0,0.0,0.0,0.0,-5.197523053665911,-0.001
2358,171717,4,2025-09-09,B,64.99045766992154,41-65,211225.28516985432,50-75%,278957.5977432567,0-25%,29481.35431464427,0-25%,9.75,4.0,73.3,3.760349145892495,0.145,0.017454667392179157,0,,0.0,9.75,0.0,0.0,0.0,0.0,-5.197523053665911,-0.001
2359,796447,4,2025-09-09,B,72.71624262853541,>65,211126.9630553873,50-75%,926618.2121272024,25-50%,364365.9080868832,25-50%,8.0,4.5,45.2,1.216145717086026,0.144,0.00773417472761826,0,,0.0,8.0,0.0,0.0,0.0,0.0,-5.197523053665911,-0.001
2360,713497,4,2025-09-09,B,25.967188752858195,18-40,69203.28288922603,0-25%,61673.71654635095,0-25%,27230.717627151367,0-25%,15.5,4.5,3.6,3.500030447385858,0.274,0.08482375409445725,0,,0.0,15.5,0.0,0.0,0.0,0.0,-5.197523053665911,-0.001
2361,392116,4,2025-09-09,B,40.884791747210286,18-40,108277.37332542434,25-50%,220064.72802291493,0-25%,19828.563021014477,0-25%,10.0,4.0,8.7,8.909498807938643,0.224,0.04674579594513505,0,,0.0,10.0,0.0,0.0,0.0,0.0,-5.197523053665911,-0.001
2362,908719,4,2025-09-09,B,65.08054744283578,41-65,118848.84012560164,25-50%,2193574.279282547,50-75%,224082.653921975,25-50%,13.25,5.75,53.2,5.321085457411912,0.173,0.00871864918370122,0,,0.0,13.25,0.0,0.0,0.0,0.0,-5.197523053665911,-0.001
2363,997745,4,2025-09-09,B,57.24118286362457,41-65,170613.80317716973,25-50%,5492321.915878646,50-75%,893762.3443264802,50-75%,7.25,9.25,10.8,0.6606723663653864,0.208,0.027005460163639635,0,,0.0,7.25,0.0,0.0,0.0,0.0,-5.197523053665911,-0.001
2364,577206,4,2025-09-09,B,67.859415314398,>65,166338.83762552234,25-50%,65737836.96614973,>75%,363807.55988918943,25-50%,12.25,11.5,69.0,11.103833177195916,0.159,0.006615952678180734,0,,0.0,12.25,0.0,0.0,0.0,0.0,-5.197523053665911,-0.001
2365,123476,4,2025-09-09,B,56.61436456376988,41-65,1127430.5325175484,>75%,910439.25821157,25-50%,38615.202190216376,0-25%,3.75,7.25,31.8,1.3108583148208812,0.224,0.11019456539640955,0,,0.0,3.75,0.0,0.0,0.0,0.0,-5.197523053665911,-0.001
2366,527562,4,2025-09-09,B,70.4696161888651,>65,161506.5922464744,25-50%,449522.0164569422,25-50%,504304.2908533326,50-75%,13.5,6.0,1.1,5.611565757428395,0.11,0.007020016191078022,0,,0.0,13.5,0.0,0.0,0.0,0.0,-5.197523053665911,-0.001
2367,614609,4,2025-09-09,B,72.05853405266144,>65,108139.14384015558,25-50%,2775619.8755401187,50-75%,109538.44365693183,0-25%,9.75,9.5,22.3,0.2021957742743356,0.119,0.008335475425993737,0,,0.0,9.75,0.0,0.0,0.0,0.0,-5.197523053665911,-0.001
2368,241459,4,2025-09-09,B,50.79917446204777,41-65,165807.74170442767,25-50%,334993.1588330252,0-25%,92178.66323066666,0-25%,4.25,5.75,3.5,3.4647521771964933,0.231,0.055902234760250684,0,,0.0,4.25,0.0,0.0,0.0,0.0,-5.197523053665911,-0.001
2369,335407,4,2025-09-09,B,55.49580981998766,41-65,60372.85408292127,0-25%,1251613.5331317792,50-75%,305946.904969387,25-50%,6.0,11.0,18.6,1.7127254941538606,0.177,0.022760076345003252,0,,0.0,6.0,0.0,0.0,0.0,0.0,-5.197523053665911,-0.001
2370,111788,4,2025-09-09,B,78.14709734420015,>65,509384.0272267439,50-75%,47574635.63689612,>75%,3136408.858211292,>75%,8.25,8.75,5.5,4.453291891390347,0.112,0.010728005176550494,0,,0.0,8.25,0.0,0.0,0.0,0.0,-5.197523053665911,-0.001
2371,815762,4,2025-09-09,B,58.78612242011622,41-65,105759.36182641335,25-50%,262512.77392986894,0-25%,99324.01557771872,0-25%,6.75,11.5,0.7,8.796453934290378,0.2,0.0272447961284203,0,,0.0,6.75,0.0,0.0,0.0,0.0,-5.197523053665911,-0.001
2372,329081,4,2025-09-09,B,58.18219648593388,41-65,35965.45899347503,0-25%,11746.84136174608,0-25%,18209.59034602253,0-25%,7.0,15.75,1.8,8.091369861818679,0.208,0.025819977667294856,0,,0.0,7.0,0.0,0.0,0.0,0.0,-5.197523053665911,-0.001
2373,667640,4,2025-09-09,B,45.26296291829665,41-65,418488.2739682031,50-75%,15888407.222608456,>75%,3064254.5962883937,>75%,3.5,10.5,33.7,6.088111385622957,0.208,0.045764005553521794,0,,0.0,3.5,0.0,0.0,0.0,0.0,-5.197523053665911,-0.001
2374,304276,4,2025-09-09,B,62.936334489466425,41-65,45857.73738362256,0-25%,27895.04873686412,0-25%,412812.9828219014,25-50%,5.0,7.0,70.6,4.206714286261333,0.157,0.011069012128536775,0,,0.0,5.0,0.0,0.0,0.0,0.0,-5.197523053665911,-0.001
2375,613934,4,2025-09-09,B,55.407624162893896,41-65,117921.04160615834,25-50%,4550045.460547232,50-75%,1725651.540186416,50-75%,12.25,5.25,7.6,1.2212141909455267,0.196,0.010990087822928575,0,,0.0,12.25,0.0,0.0,0.0,0.0,-5.197523053665911,-0.001
2376,504054,4,2025-09-09,B,68.09108045832677,>65,61030.213698577805,0-25%,29960.549005138884,0-25%,27957.730710507796,0-25%,4.75,4.75,30.2,3.674648414466601,0.176,0.009631481722458226,1,2025-09-19,2.5,7.25,1525.7553424644452,0.0,1525.7553424644452,1.0680287397251118,-4.129494313940799,1.067028739725112
2377,624602,4,2025-09-09,B,56.223996498130205,41-65,2486558.1925833244,>75%,2036577.2132675336,50-75%,571095.8775160443,50-75%,12.75,12.5,12.8,3.186511197958513,0.193,0.04671267354981286,1,2025-10-05,3.25,16.0,80813.14125895804,0.0,80813.14125895804,56.56919888127064,51.371675827604726,56.56819888127064
2378,851770,4,2025-09-09,B,53.351575490256536,41-65,236111.7321945844,50-75%,3926526.608295125,50-75%,716330.7115227458,50-75%,12.25,3.75,4.8,1.3703381899536495,0.161,0.01994913293977619,0,,0.0,12.25,0.0,0.0,0.0,0.0,-5.197523053665911,-0.001
2379,894957,4,2025-09-09,B,72.42821005997823,>65,250739.45250274768,50-75%,20239149.458039623,>75%,339274.1811499936,25-50%,4.25,11.5,9.4,3.4374436094849847,0.181,0.017311817325226308,0,,0.0,4.25,0.0,0.0,0.0,0.0,-5.197523053665911,-0.001
2380,818630,4,2025-09-09,B,67.49792986306967,>65,2429328.734215255,>75%,58827046.113016576,>75%,2143803.771742538,>75%,12.25,5.5,48.9,16.02175772117158,0.132,0.013557148205860924,0,,0.0,12.25,0.0,0.0,0.0,0.0,-5.197523053665911,-0.001
2381,943857,4,2025-09-09,B,63.51024418443963,41-65,148168.0573639526,25-50%,3447529.585620642,50-75%,2396663.095832142,>75%,11.0,5.75,32.9,1.0214264728989828,0.188,0.007186077078518671,0,,0.0,11.0,0.0,0.0,0.0,0.0,-5.197523053665911,-0.001
2382,283485,4,2025-09-09,B,49.19876419521598,41-65,103806.84917645298,25-50%,296344.4749220634,0-25%,549629.8034998555,50-75%,11.75,6.5,114.9,9.179315447134831,0.258,0.012026862242213129,0,,0.0,11.75,0.0,0.0,0.0,0.0,-5.197523053665911,-0.001
2383,452063,4,2025-09-09,B,74.73479804765434,>65,173287.7297725928,25-50%,3389248.3580478937,50-75%,429829.6394689763,25-50%,11.25,2.75,79.0,8.288761241705545,0.114,0.004831614065464014,0,,0.0,11.25,0.0,0.0,0.0,0.0,-5.197523053665911,-0.001
2384,735279,4,2025-09-09,B,43.24539666350353,41-65,633330.5439928122,>75%,1819884.760043579,50-75%,907797.2890146306,50-75%,14.75,9.5,23.0,4.250721004779841,0.221,0.04270267067880424,0,,0.0,14.75,0.0,0.0,0.0,0.0,-5.197523053665911,-0.001
2385,981598,4,2025-09-09,B,39.6624208494256,18-40,615626.1222017,>75%,7224480.762481034,>75%,2592206.5436068354,>75%,9.25,11.25,9.3,10.839757384583775,0.274,0.06800473692474582,0,,0.0,9.25,0.0,0.0,0.0,0.0,-5.197523053665911,-0.001
2386,667918,4,2025-09-09,B,77.55200112453282,>65,222361.1083141732,50-75%,2492209.688051255,50-75%,1629152.8488772004,50-75%,8.5,2.75,21.4,4.889104966723192,0.106,0.004273210857278256,0,,0.0,8.5,0.0,0.0,0.0,0.0,-5.197523053665911,-0.001
2387,219415,4,2025-09-09,B,32.7504095917242,18-40,65915.4717631015,0-25%,81897.02347156715,0-25%,96565.46872737791,0-25%,5.25,13.0,27.5,5.584148361756631,0.259,0.08087346607266195,0,,0.0,5.25,0.0,0.0,0.0,0.0,-5.197523053665911,-0.001
2388,840513,4,2025-09-09,B,50.6093832842169,41-65,72843.41406163332,0-25%,42644.75397769059,0-25%,296128.7397901041,25-50%,9.0,4.25,37.9,2.264798481614946,0.189,0.01523989647937235,0,,0.0,9.0,0.0,0.0,0.0,0.0,-5.197523053665911,-0.001
2389,323705,4,2025-09-09,B,36.22949721167617,18-40,224582.5790607404,50-75%,4006158.34026004,50-75%,786706.3894631879,50-75%,11.25,5.5,9.3,0.4734449650990905,0.225,0.04497372739845801,0,,0.0,11.25,0.0,0.0,0.0,0.0,-5.197523053665911,-0.001
2390,654179,4,2025-09-09,B,38.59695113491964,18-40,244730.2864125114,50-75%,12109626.78654538,>75%,2124760.08249436,>75%,13.5,7.0,7.4,2.594658797512682,0.21,0.032094933283341176,0,,0.0,13.5,0.0,0.0,0.0,0.0,-5.197523053665911,-0.001
2391,298896,4,2025-09-09,B,59.8004570158868,41-65,229736.36518455663,50-75%,824424.4743303991,25-50%,1688075.0487730294,50-75%,10.25,11.75,4.6,9.04406391084052,0.159,0.01939930480167701,0,,0.0,10.25,0.0,0.0,0.0,0.0,-5.197523053665911,-0.001
2392,855020,4,2025-09-09,B,53.22557414084154,41-65,41194.96744198784,0-25%,27110.93606913896,0-25%,13371.566103581785,0-25%,6.0,4.5,9.5,2.266891156207986,0.223,0.02161245167724345,0,,0.0,6.0,0.0,0.0,0.0,0.0,-5.197523053665911,-0.001
2393,650576,4,2025-09-09,B,24.56199668172322,18-40,140960.60398408954,25-50%,22808.181542971204,0-25%,62954.946908290825,0-25%,5.5,4.75,13.8,0.7434284761965007,0.234,0.10627029776983624,0,,0.0,5.5,0.0,0.0,0.0,0.0,-5.197523053665911,-0.001
2394,317613,4,2025-09-09,B,29.220414871172924,18-40,86934.73462038308,0-25%,49630.8362387554,0-25%,110984.3768682228,0-25%,5.5,10.0,43.7,5.417052423879006,0.266,0.10074135196719006,0,,0.0,5.5,0.0,0.0,0.0,0.0,-5.197523053665911,-0.001
2395,129762,4,2025-09-09,B,86.04702820618779,>65,223562.0038681543,50-75%,43965220.27053239,>75%,5789690.815063913,>75%,11.5,4.25,42.2,3.985260543797554,0.08,0.0020709412510241864,0,,0.0,11.5,0.0,0.0,0.0,0.0,-5.197523053665911,-0.001
2396,910493,4,2025-09-09,B,63.4890092297115,41-65,31091.854414289533,0-25%,48386.256157937605,0-25%,366851.8669835706,25-50%,9.75,10.75,1.8,2.903578132728009,0.137,0.011062466968551616,0,,0.0,9.75,0.0,0.0,0.0,0.0,-5.197523053665911,-0.001
2397,245471,4,2025-09-09,B,72.83204430256589,>65,199813.28149920373,50-75%,2932663.3610553606,50-75%,2917224.1603058064,>75%,6.5,6.75,0.1,14.274286719221127,0.123,0.0074749463113991665,0,,0.0,6.5,0.0,0.0,0.0,0.0,-5.197523053665911,-0.001
2398,420419,4,2025-09-09,B,72.52848538600969,>65,124407.01501543648,25-50%,500795.5200009492,25-50%,904064.4031754594,50-75%,6.75,9.5,33.5,5.292342790533962,0.118,0.009339386629276105,0,,0.0,6.75,0.0,0.0,0.0,0.0,-5.197523053665911,-0.001
2399,587691,4,2025-09-09,B,80.81005646842462,>65,707574.4035167837,>75%,33014350.024953343,>75%,4965930.014255355,>75%,3.25,8.0,4.0,4.144015657212396,0.098,0.00990587031519379,0,,0.0,3.25,0.0,0.0,0.0,0.0,-5.197523053665911,-0.001
2400,323073,4,2025-09-09,B,52.407805513086295,41-65,3616837.788756039,>75%,9544291.497926038,>75%,2763922.852576704,>75%,3.5,4.5,12.1,4.273309646691038,0.184,0.0880570573851736,0,,0.0,3.5,0.0,0.0,0.0,0.0,-5.197523053665911,-0.001
2401,813936,4,2025-09-09,B,57.14174120110977,41-65,61711.1572888126,0-25%,93219.7657998547,0-25%,55966.24296455898,0-25%,11.75,5.0,8.7,1.941699117139136,0.161,0.015696973087461617,0,,0.0,11.75,0.0,0.0,0.0,0.0,-5.197523053665911,-0.001
2402,324141,4,2025-09-09,B,71.8373614290988,>65,125412.2112826457,25-50%,5554634.008680555,50-75%,433561.9991942009,25-50%,9.5,4.25,7.0,0.1148084458278361,0.158,0.006881495877973559,0,,0.0,9.5,0.0,0.0,0.0,0.0,-5.197523053665911,-0.001
2403,987434,4,2025-09-09,B,82.81364050119177,>65,58457.46607124728,0-25%,477407.8395181281,25-50%,154424.6344165333,25-50%,5.75,6.0,1.1,2.530055981659733,0.109,0.006737952368939449,0,,0.0,5.75,0.0,0.0,0.0,0.0,-5.197523053665911,-0.001
2404,688072,4,2025-09-09,B,45.79707826562504,41-65,370129.019099621,50-75%,1220013.4711736098,25-50%,916374.1533227824,50-75%,11.0,9.75,10.4,1.6284672568942786,0.217,0.032744621348218844,0,,0.0,11.0,0.0,0.0,0.0,0.0,-5.197523053665911,-0.001
2405,456502,4,2025-09-09,B,59.601860002865166,41-65,124451.52950634732,25-50%,10852120.953807132,>75%,1512202.6640527528,50-75%,3.0,12.75,0.4,4.165534624881067,0.185,0.017526314494360252,0,,0.0,3.0,0.0,0.0,0.0,0.0,-5.197523053665911,-0.001
2406,262055,4,2025-09-09,B,38.09742261690957,18-40,291707.02819612366,50-75%,923686.161986106,25-50%,492748.87197350746,25-50%,7.0,3.0,11.7,11.724091062032056,0.222,0.03833854000066057,0,,0.0,7.0,0.0,0.0,0.0,0.0,-5.197523053665911,-0.001
2407,574851,4,2025-09-09,B,59.1462542403462,41-65,104656.24013822788,25-50%,740325.1654549788,25-50%,116613.35178929428,0-25%,5.0,9.25,61.9,2.2969684216714663,0.183,0.02678332899944356,0,,0.0,5.0,0.0,0.0,0.0,0.0,-5.197523053665911,-0.001
2408,149670,4,2025-09-09,B,49.58542104093627,41-65,685816.13850016,>75%,2073835.5238673408,50-75%,1141826.469054144,50-75%,11.5,2.75,59.4,0.4641171555003625,0.149,0.03153958167211096,0,,0.0,11.5,0.0,0.0,0.0,0.0,-5.197523053665911,-0.001
2409,710955,4,2025-09-09,B,42.41117692684141,41-65,217899.6825342461,50-75%,543192.838581868,25-50%,1613025.4488277235,50-75%,11.25,4.25,94.6,0.4958090500986746,0.231,0.02380370655459405,0,,0.0,11.25,0.0,0.0,0.0,0.0,-5.197523053665911,-0.001
2410,144922,4,2025-09-09,B,67.57323800252816,>65,373585.6704115955,50-75%,1762455.758546979,50-75%,837747.0622423199,50-75%,2.25,12.25,36.9,2.731294834176402,0.154,0.020752470982022302,0,,0.0,2.25,0.0,0.0,0.0,0.0,-5.197523053665911,-0.001
2411,400001,4,2025-09-09,B,57.51793559246311,41-65,90720.07605167537,0-25%,346746.388860156,0-25%,1218346.70306528,50-75%,6.25,4.25,78.3,0.7424916820853895,0.206,0.008353432927960059,0,,0.0,6.25,0.0,0.0,0.0,0.0,-5.197523053665911,-0.001
2412,767255,4,2025-09-09,B,62.40628517955411,41-65,61492.363572236274,0-25%,189099.58015426664,0-25%,28483.490294136973,0-25%,2.75,17.0,3.8,0.3221540489130021,0.17,0.02891477976662104,0,,0.0,2.75,0.0,0.0,0.0,0.0,-5.197523053665911,-0.001
2413,203792,4,2025-09-09,B,92.1400181630317,>65,491142.97862809134,50-75%,137870191.721183,>75%,4510276.55453545,>75%,7.25,8.75,55.3,2.8335890859765147,0.069,0.004544569303683592,0,,0.0,7.25,0.0,0.0,0.0,0.0,-5.197523053665911,-0.001
2414,946585,4,2025-09-09,B,53.5644232617419,41-65,86166.93541547049,0-25%,883848.8438782537,25-50%,897153.5811625082,50-75%,9.75,6.25,23.4,3.731706022372432,0.214,0.011029715790767822,0,,0.0,9.75,0.0,0.0,0.0,0.0,-5.197523053665911,-0.001
2415,969623,4,2025-09-09,B,60.23759945891906,41-65,226339.87950955585,50-75%,5876303.461377636,>75%,4653344.607599494,>75%,13.75,2.5,20.1,1.539810767028343,0.179,0.008931146892765812,0,,0.0,13.75,0.0,0.0,0.0,0.0,-5.197523053665911,-0.001
2416,741804,4,2025-09-09,B,83.66604382880513,>65,167245.4786534227,25-50%,8316717.304464223,>75%,3123174.4762912053,>75%,10.75,3.75,19.3,3.138158566677871,0.095,0.0025199043788051113,0,,0.0,10.75,0.0,0.0,0.0,0.0,-5.197523053665911,-0.001
2417,866368,4,2025-09-09,B,68.63523877287213,>65,73656.71213469807,0-25%,1260867.032745357,50-75%,738489.795037544,50-75%,5.5,6.0,44.0,8.737851278666335,0.148,0.008479163849660498,0,,0.0,5.5,0.0,0.0,0.0,0.0,-5.197523053665911,-0.001
2418,493447,4,2025-09-09,B,50.8051764482811,41-65,454388.527301082,50-75%,5449852.792365857,50-75%,2162792.5343603506,>75%,6.0,7.5,0.5,16.6304330118263,0.185,0.03213183577188512,0,,0.0,6.0,0.0,0.0,0.0,0.0,-5.197523053665911,-0.001
2419,974000,4,2025-09-09,B,34.78305634949792,18-40,214518.9790204198,50-75%,765151.4484475994,25-50%,1821116.4323525464,>75%,2.25,3.5,33.2,5.7716320376673975,0.272,0.06435253755852467,1,2025-09-24,2.5,4.75,5362.974475510495,2681.4872377552474,8044.461713265742,5.63112319928602,0.43360014562010907,5.63012319928602
2420,472689,4,2025-09-09,B,80.57687078693758,>65,258568.99154333747,50-75%,13373459.061754694,>75%,2474929.080392272,>75%,3.5,9.25,36.6,1.9802380141218845,0.122,0.007435682469916595,0,,0.0,3.5,0.0,0.0,0.0,0.0,-5.197523053665911,-0.001
2421,394848,4,2025-09-09,B,24.91722403083688,18-40,904629.907944704,>75%,791359.8004466845,25-50%,125234.78509430905,25-50%,15.75,14.5,13.2,0.1185219838289663,0.271,0.18795723205432113,0,,0.0,15.75,0.0,0.0,0.0,0.0,-5.197523053665911,-0.001
2422,865841,4,2025-09-09,B,48.71480120602919,41-65,376114.2859430416,50-75%,24102123.30019929,>75%,2767393.5746282856,>75%,10.75,3.0,81.2,14.961969823298968,0.208,0.014046101582241802,0,,0.0,10.75,0.0,0.0,0.0,0.0,-5.197523053665911,-0.001
2423,191180,4,2025-09-09,B,56.87288813077634,41-65,226223.1813218163,50-75%,6895587.660105727,>75%,492559.3395647872,25-50%,12.0,7.75,9.1,6.525059225626969,0.153,0.015540589980780084,0,,0.0,12.0,0.0,0.0,0.0,0.0,-5.197523053665911,-0.001
2424,313087,4,2025-09-09,B,42.637141429971024,41-65,117899.42505969004,25-50%,532603.5022026388,25-50%,2536987.8807575367,>75%,4.25,14.0,0.3,13.620181674812558,0.215,0.028096102192697165,0,,0.0,4.25,0.0,0.0,0.0,0.0,-5.197523053665911,-0.001
2425,745049,4,2025-09-09,B,67.65604408229444,>65,165208.71070394278,25-50%,536489.3406600584,25-50%,68604.55461844796,0-25%,3.25,7.0,5.0,19.344784807847013,0.162,0.017583496487853026,0,,0.0,3.25,0.0,0.0,0.0,0.0,-5.197523053665911,-0.001
2426,364511,4,2025-09-09,B,67.95171262340148,>65,65949.28335386151,0-25%,177968.52089884318,0-25%,42306.50498100975,0-25%,13.25,10.75,20.1,0.2958691790683951,0.155,0.010181672465324313,0,,0.0,13.25,0.0,0.0,0.0,0.0,-5.197523053665911,-0.001
2427,258591,4,2025-09-09,B,30.969026587500423,18-40,203752.33366943317,50-75%,199978.8448026716,0-25%,122580.58521163836,25-50%,7.5,4.5,69.5,2.7668558050998846,0.288,0.06895606076382928,0,,0.0,7.5,0.0,0.0,0.0,0.0,-5.197523053665911,-0.001
2428,939122,4,2025-09-09,B,63.81179143814269,41-65,701581.8333152017,>75%,33848374.308036655,>75%,453147.11725374096,25-50%,12.25,2.75,30.6,4.7372351372385575,0.149,0.018307159914159276,0,,0.0,12.25,0.0,0.0,0.0,0.0,-5.197523053665911,-0.001
2429,861239,4,2025-09-09,B,47.27823755379163,41-65,157229.83043549824,25-50%,392845.3662194719,25-50%,71604.63480052137,0-25%,12.25,5.0,21.2,9.275126891796122,0.236,0.029533875066364377,0,,0.0,12.25,0.0,0.0,0.0,0.0,-5.197523053665911,-0.001
2430,722076,4,2025-09-09,B,72.50070396124556,>65,445509.3595602256,50-75%,7577778.829013901,>75%,6785559.428457094,>75%,6.25,8.25,13.4,0.3877283011373742,0.164,0.012373233759601929,0,,0.0,6.25,0.0,0.0,0.0,0.0,-5.197523053665911,-0.001
2431,730393,4,2025-09-09,B,70.9788393552928,>65,176056.18542405753,25-50%,1153058.1543567972,25-50%,384778.3217528308,25-50%,9.5,7.75,1.7,6.691003720587118,0.163,0.0073271998843926715,0,,0.0,9.5,0.0,0.0,0.0,0.0,-5.197523053665911,-0.001
2432,410103,4,2025-09-09,B,64.54320752592187,41-65,2507430.482029068,>75%,11766197.58265804,>75%,712262.7315050996,50-75%,8.75,8.75,44.4,10.555944140651931,0.151,0.0233548737193072,0,,0.0,8.75,0.0,0.0,0.0,0.0,-5.197523053665911,-0.001
2433,131064,4,2025-09-09,B,42.80984263075347,41-65,411434.1090676747,50-75%,2498165.4889736613,50-75%,83974.38970398124,0-25%,6.5,7.5,30.0,2.7633168778566515,0.239,0.11536990647819545,0,,0.0,6.5,0.0,0.0,0.0,0.0,-5.197523053665911,-0.001
2434,836504,4,2025-09-09,B,72.19406404557746,>65,61437.53448679496,0-25%,1368491.854173503,50-75%,155293.39265516656,25-50%,8.25,7.0,10.3,5.154719215474407,0.134,0.0054176950717006135,0,,0.0,8.25,0.0,0.0,0.0,0.0,-5.197523053665911,-0.001
2435,650862,4,2025-09-09,B,61.00748776863413,41-65,359613.73815821577,50-75%,7613514.414251162,>75%,3291400.655920625,>75%,7.5,4.25,6.4,3.662100084888692,0.187,0.011049920031091764,0,,0.0,7.5,0.0,0.0,0.0,0.0,-5.197523053665911,-0.001
2436,341065,4,2025-09-09,B,71.16525900894733,>65,294174.1968843775,50-75%,11281540.607274285,>75%,3887318.329961524,>75%,4.0,4.25,30.4,9.695267755167212,0.157,0.009541501509611552,0,,0.0,4.0,0.0,0.0,0.0,0.0,-5.197523053665911,-0.001
2437,261454,4,2025-09-09,B,42.41258028591738,41-65,1007940.970935864,>75%,12845180.715617776,>75%,189987.0056316728,25-50%,2.25,7.0,6.4,1.751871116738477,0.206,0.15075808055122294,0,,0.0,2.25,0.0,0.0,0.0,0.0,-5.197523053665911,-0.001
2438,632609,4,2025-09-09,B,73.43685294874741,>65,337326.5771931128,50-75%,5965140.663562589,>75%,4915945.663674796,>75%,7.25,8.5,4.2,0.2614403990110596,0.12,0.011465540081578162,0,,0.0,7.25,0.0,0.0,0.0,0.0,-5.197523053665911,-0.001
2439,172601,4,2025-09-09,B,49.57964348386371,41-65,78308.78165318612,0-25%,121860.64847822444,0-25%,93277.16784436094,0-25%,12.0,8.5,30.4,3.006403269494711,0.175,0.021170626049161683,0,,0.0,12.0,0.0,0.0,0.0,0.0,-5.197523053665911,-0.001
2440,817187,4,2025-09-09,B,41.36947001795704,41-65,91666.492764039,0-25%,218876.52301580345,0-25%,38836.40377033664,0-25%,3.5,3.25,83.9,3.367054367402254,0.218,0.036508726883111554,0,,0.0,3.5,0.0,0.0,0.0,0.0,-5.197523053665911,-0.001
2441,487879,4,2025-09-09,B,50.6286568004378,41-65,803229.5939989608,>75%,1393892.335119886,50-75%,483726.2066005989,25-50%,11.5,13.25,27.7,1.0429560539538538,0.199,0.07756000381401343,0,,0.0,11.5,0.0,0.0,0.0,0.0,-5.197523053665911,-0.001
2442,429219,4,2025-09-09,B,73.13060041798101,>65,292122.7136473548,50-75%,19250835.63728618,>75%,2588015.3032611245,>75%,13.25,6.0,48.4,0.2710833353859135,0.156,0.005786236024875222,0,,0.0,13.25,0.0,0.0,0.0,0.0,-5.197523053665911,-0.001
2443,683808,4,2025-09-09,B,40.82277303663614,18-40,104248.36574119824,25-50%,129640.68944889112,0-25%,20797.57569725276,0-25%,11.5,9.75,19.8,1.1826040054356757,0.216,0.05386531477594042,0,,0.0,11.5,0.0,0.0,0.0,0.0,-5.197523053665911,-0.001
2444,993202,4,2025-09-09,B,76.23336061217975,>65,92902.88237989743,0-25%,14234378.05778315,>75%,1559431.432436352,50-75%,5.25,11.0,24.0,5.735869482862732,0.118,0.00610547776123718,0,,0.0,5.25,0.0,0.0,0.0,0.0,-5.197523053665911,-0.001
2445,836123,4,2025-09-09,B,60.93162409453314,41-65,36926.22793080512,0-25%,97770.26420508637,0-25%,13661.966679268968,0-25%,6.5,4.25,2.8,0.6429239724827962,0.202,0.014754219117907445,0,,0.0,6.5,0.0,0.0,0.0,0.0,-5.197523053665911,-0.001
2446,708771,4,2025-09-09,B,65.97081842854175,41-65,5781326.113881709,>75%,56196723.13633903,>75%,5316179.531464398,>75%,10.75,9.5,38.9,0.1304799148897948,0.095,0.026467578229733304,0,,0.0,10.75,0.0,0.0,0.0,0.0,-5.197523053665911,-0.001
2447,828510,4,2025-09-09,B,34.62831065660858,18-40,485059.1643236711,50-75%,11446715.855075896,>75%,402205.9306683207,25-50%,12.5,5.25,36.3,0.2104261880450258,0.254,0.07337891045264716,0,,0.0,12.5,0.0,0.0,0.0,0.0,-5.197523053665911,-0.001
2448,225935,4,2025-09-09,B,60.07074557906614,41-65,339804.8601850472,50-75%,39473914.792638704,>75%,3611133.2848400967,>75%,8.5,6.0,9.1,5.373209683027751,0.178,0.0105509753491682,0,,0.0,8.5,0.0,0.0,0.0,0.0,-5.197523053665911,-0.001
2449,750130,4,2025-09-09,B,26.495788393199284,18-40,77094.92116131664,0-25%,213407.0918374993,0-25%,366289.205449419,25-50%,11.5,10.25,0.2,2.8907985389755355,0.295,0.051780837935633255,0,,0.0,11.5,0.0,0.0,0.0,0.0,-5.197523053665911,-0.001
2450,659749,4,2025-09-09,B,51.44063123152814,41-65,547347.2227237026,>75%,1322918.6759768452,50-75%,1165682.4638295246,50-75%,9.0,8.0,1.8,17.00113881703177,0.206,0.019366812923651017,0,,0.0,9.0,0.0,0.0,0.0,0.0,-5.197523053665911,-0.001
2451,673614,4,2025-09-09,B,55.827030800217344,41-65,1302597.675866953,>75%,26189682.070712123,>75%,1012595.2773944516,50-75%,4.75,9.5,46.4,0.3409768093618819,0.216,0.0624246049372109,0,,0.0,4.75,0.0,0.0,0.0,0.0,-5.197523053665911,-0.001
2452,306535,4,2025-09-09,B,56.30189260476854,41-65,43765.27158331413,0-25%,65138.15977687781,0-25%,154820.94796607856,25-50%,8.25,7.25,8.3,3.8612393221282937,0.189,0.010782552708455644,1,2025-09-19,1.75,10.0,765.8922527079973,0.0,765.8922527079973,0.5361245768955981,-4.661398476770312,0.5351245768955981
2453,426099,4,2025-09-09,B,57.352122747827735,41-65,3553024.638302062,>75%,67630953.67536063,>75%,1408264.2728670498,50-75%,13.0,4.25,7.3,10.078921411602783,0.173,0.03632857761400937,0,,0.0,13.0,0.0,0.0,0.0,0.0,-5.197523053665911,-0.001
2454,183603,4,2025-09-09,B,57.66973432080103,41-65,955634.2382428548,>75%,19102092.66166897,>75%,2586472.1485941275,>75%,4.5,9.25,7.7,2.831563856406421,0.162,0.04187965052405421,0,,0.0,4.5,0.0,0.0,0.0,0.0,-5.197523053665911,-0.001
2455,728794,4,2025-09-09,B,70.92913672286471,>65,7160093.580149218,>75%,83412835.82649057,>75%,5778450.5059117,>75%,3.0,9.0,61.6,11.620140091473711,0.154,0.03153675452234512,0,,0.0,3.0,0.0,0.0,0.0,0.0,-5.197523053665911,-0.001
2456,417059,4,2025-09-09,B,57.11020367918423,41-65,681690.0912558174,>75%,718086.7273771403,25-50%,542916.4939811465,50-75%,10.5,6.25,11.6,1.4802211418867512,0.153,0.027286221673973605,0,,0.0,10.5,0.0,0.0,0.0,0.0,-5.197523053665911,-0.001
2457,845784,4,2025-09-09,B,69.06887196282823,>65,83957.98391214319,0-25%,594076.2720522044,25-50%,2377024.9098297614,>75%,10.25,4.5,7.1,1.2791049368131822,0.132,0.004440163316254628,0,,0.0,10.25,0.0,0.0,0.0,0.0,-5.197523053665911,-0.001
2458,521507,4,2025-09-09,B,67.28224919737448,>65,68451.0227015558,0-25%,192921.0263242516,0-25%,62132.390948966735,0-25%,9.25,4.75,1.7,0.4113198921317164,0.173,0.010182707445141869,0,,0.0,9.25,0.0,0.0,0.0,0.0,-5.197523053665911,-0.001
2459,750043,4,2025-09-09,B,84.04356536595616,>65,3386703.90242826,>75%,102334505.3161758,>75%,5968573.074262961,>75%,2.75,8.0,32.3,6.938618183480925,0.103,0.014092403191478413,0,,0.0,2.75,0.0,0.0,0.0,0.0,-5.197523053665911,-0.001
2460,623200,4,2025-09-09,B,57.96808918869182,41-65,34854.66839227464,0-25%,29271.226163907253,0-25%,479966.69204091,25-50%,4.75,7.25,0.6,3.0441784134032903,0.159,0.014439467008723212,0,,0.0,4.75,0.0,0.0,0.0,0.0,-5.197523053665911,-0.001
2461,946533,4,2025-09-09,B,33.27552208953363,18-40,137200.28028956233,25-50%,94192.81718103436,0-25%,95037.83506107052,0-25%,10.25,8.75,44.4,0.7410448930927966,0.231,0.06090543859924756,0,,0.0,10.25,0.0,0.0,0.0,0.0,-5.197523053665911,-0.001
2462,934719,4,2025-09-09,B,40.69079941790645,18-40,4104128.848823657,>75%,14075222.961135764,>75%,3658899.9130175854,>75%,3.0,6.75,12.8,2.622179461729554,0.243,0.15324107655804137,1,2025-09-16,4.25,7.25,174425.47607500543,153904.83183088712,328330.30790589255,229.83121553412482,224.6336924804589,229.83021553412482
2463,238811,4,2025-09-09,B,60.099330440461536,41-65,93823.84026156554,0-25%,3205307.917134666,50-75%,1172288.8570216964,50-75%,10.25,3.75,77.1,0.6056506226243528,0.217,0.007552187700903322,0,,0.0,10.25,0.0,0.0,0.0,0.0,-5.197523053665911,-0.001
2464,892577,4,2025-09-09,B,45.29663720486334,41-65,600923.8008091899,>75%,555775.9695668663,25-50%,171719.12822733485,25-50%,16.5,17.5,17.7,6.30173395854845,0.256,0.0981020782211338,0,,0.0,16.5,0.0,0.0,0.0,0.0,-5.197523053665911,-0.001
2465,516230,4,2025-09-09,B,74.16228244734981,>65,132815.55252276128,25-50%,25350224.836118665,>75%,1694577.1449086317,50-75%,4.75,5.75,5.5,5.374390539580131,0.169,0.008148356045190317,0,,0.0,4.75,0.0,0.0,0.0,0.0,-5.197523053665911,-0.001
2466,644817,4,2025-09-09,B,56.06960535397455,41-65,238682.01953676928,50-75%,2509888.2169803604,50-75%,107640.03256534488,0-25%,8.5,4.5,37.7,0.1238669856627048,0.163,0.02544842189353434,0,,0.0,8.5,0.0,0.0,0.0,0.0,-5.197523053665911,-0.001
2467,355384,4,2025-09-09,B,30.6609049556233,18-40,76666.78945757686,0-25%,250528.2193886241,0-25%,95041.0391230514,0-25%,5.25,7.75,90.1,5.707330820194297,0.285,0.08435091254493393,0,,0.0,5.25,0.0,0.0,0.0,0.0,-5.197523053665911,-0.001
2468,701856,4,2025-09-09,B,38.92743146413383,18-40,1042187.674641068,>75%,2016186.662003056,50-75%,468673.9700121098,25-50%,7.25,4.0,45.5,1.9152791136468177,0.247,0.07497741278404611,0,,0.0,7.25,0.0,0.0,0.0,0.0,-5.197523053665911,-0.001
2469,719330,4,2025-09-09,B,58.092672235387184,41-65,484809.57786344097,50-75%,2234865.034591198,50-75%,797853.6901221558,50-75%,5.75,9.0,3.2,12.042626620062595,0.15,0.03180590065667085,0,,0.0,5.75,0.0,0.0,0.0,0.0,-5.197523053665911,-0.001
2470,189312,4,2025-09-09,B,67.1829977829015,>65,521600.41250687046,>75%,17179135.490938876,>75%,5400449.970598661,>75%,12.0,6.25,7.4,10.700965288816697,0.147,0.007153934914520732,0,,0.0,12.0,0.0,0.0,0.0,0.0,-5.197523053665911,-0.001
2471,440124,4,2025-09-09,B,42.95747826577843,41-65,1275884.1438982077,>75%,29025998.68204317,>75%,1967380.324656822,>75%,10.5,8.5,24.1,0.3249206525055855,0.261,0.05417150223284406,0,,0.0,10.5,0.0,0.0,0.0,0.0,-5.197523053665911,-0.001
2472,883463,4,2025-09-09,B,73.67245091840485,>65,197086.5443030125,50-75%,410140.5639467328,25-50%,3722368.1307403697,>75%,3.25,3.25,21.9,6.542480019790877,0.141,0.003940920603138644,0,,0.0,3.25,0.0,0.0,0.0,0.0,-5.197523053665911,-0.001
2473,958335,4,2025-09-09,B,45.90274389807139,41-65,94376.37873135797,0-25%,225551.17183283047,0-25%,421280.21277930593,25-50%,11.0,10.5,8.5,1.4799264861089456,0.232,0.021583327837479162,0,,0.0,11.0,0.0,0.0,0.0,0.0,-5.197523053665911,-0.001
2474,438379,4,2025-09-09,B,62.06156864265556,41-65,744945.2233879073,>75%,47145653.25981554,>75%,5795547.491578473,>75%,11.5,8.5,15.4,1.2642896668510526,0.139,0.0132679337020644,0,,0.0,11.5,0.0,0.0,0.0,0.0,-5.197523053665911,-0.001
2475,308099,4,2025-09-09,B,67.74884913579737,>65,46023.36856881819,0-25%,216382.82616125952,0-25%,408338.1576115738,25-50%,6.75,11.5,41.6,6.790988210876102,0.155,0.00867063630246766,0,,0.0,6.75,0.0,0.0,0.0,0.0,-5.197523053665911,-0.001
2476,144439,4,2025-09-09,B,48.56648495307416,41-65,117210.97529211828,25-50%,505131.229722144,25-50%,255935.4568690057,25-50%,8.75,9.0,1.6,30.228956278928187,0.159,0.02263516355365266,0,,0.0,8.75,0.0,0.0,0.0,0.0,-5.197523053665911,-0.001
2477,189821,4,2025-09-09,B,71.1909881282658,>65,2715840.6823392035,>75%,46289459.2085378,>75%,5713280.551257852,>75%,6.0,1.75,32.0,10.161545011287949,0.154,0.011449643330641307,0,,0.0,6.0,0.0,0.0,0.0,0.0,-5.197523053665911,-0.001
2478,542851,4,2025-09-09,B,58.85322807664488,41-65,82021.64351709465,0-25%,388552.99212862906,25-50%,31899.82333315531,0-25%,6.5,5.25,40.4,1.244524499267052,0.179,0.01758762030380781,0,,0.0,6.5,0.0,0.0,0.0,0.0,-5.197523053665911,-0.001
2479,497660,4,2025-09-09,B,85.06640316843207,>65,148557.967367284,25-50%,11240428.31193823,>75%,2087548.0096700392,>75%,4.75,7.75,7.4,3.7396975106864527,0.064,0.004900798004511533,0,,0.0,4.75,0.0,0.0,0.0,0.0,-5.197523053665911,-0.001
2480,614335,4,2025-09-09,B,54.72013760563164,41-65,69650.27236954647,0-25%,1337985.1106226083,50-75%,2737430.166278132,>75%,7.75,4.75,52.2,4.436278242188368,0.199,0.006894403874972875,0,,0.0,7.75,0.0,0.0,0.0,0.0,-5.197523053665911,-0.001
2481,153114,4,2025-09-09,B,34.4797896110552,18-40,351667.3584135823,50-75%,886198.0938465334,25-50%,116081.05112959733,0-25%,7.75,3.5,10.8,3.2188049324659995,0.27,0.0815883784574236,0,,0.0,7.75,0.0,0.0,0.0,0.0,-5.197523053665911,-0.001
2482,757443,4,2025-09-09,B,36.15321571799885,18-40,86163.13461877841,0-25%,226111.25170820564,0-25%,17503.54864253159,0-25%,11.5,6.75,1.2,0.6958663670051252,0.284,0.0675400386050803,0,,0.0,11.5,0.0,0.0,0.0,0.0,-5.197523053665911,-0.001
2483,114963,4,2025-09-09,B,37.562043147878526,18-40,569129.8447278454,>75%,305159.98991799663,0-25%,535884.3621842558,50-75%,11.5,9.75,30.3,0.5063196239230027,0.229,0.06460156526908246,0,,0.0,11.5,0.0,0.0,0.0,0.0,-5.197523053665911,-0.001
2484,461702,4,2025-09-09,B,79.13525424038015,>65,254674.13021348763,50-75%,16626941.07926168,>75%,4891759.417721827,>75%,9.25,7.25,32.6,4.105662551397415,0.119,0.003280438554006705,0,,0.0,9.25,0.0,0.0,0.0,0.0,-5.197523053665911,-0.001
2485,507848,4,2025-09-09,B,56.06446275631153,41-65,530117.5023366114,>75%,4616288.194685434,50-75%,98019.35429912596,0-25%,8.25,14.75,9.1,0.7247704624008994,0.234,0.0732872397912446,0,,0.0,8.25,0.0,0.0,0.0,0.0,-5.197523053665911,-0.001
2486,159890,4,2025-09-09,B,26.950973502546468,18-40,77174.98072849108,0-25%,381577.1781871118,25-50%,31179.64042842834,0-25%,9.75,10.75,4.3,8.94215966071797,0.298,0.135123084447268,0,,0.0,9.75,0.0,0.0,0.0,0.0,-5.197523053665911,-0.001
2487,955880,4,2025-09-09,B,55.90558944580668,41-65,48890.0149724522,0-25%,361596.7766119742,25-50%,17419.47029636102,0-25%,13.0,7.5,71.3,1.3374882150950995,0.24,0.017412046851740706,0,,0.0,13.0,0.0,0.0,0.0,0.0,-5.197523053665911,-0.001
2488,190488,4,2025-09-09,B,72.22329640844954,>65,39018.27453997119,0-25%,267221.4960619656,0-25%,631323.536594739,50-75%,14.5,5.5,6.0,1.0413175592679975,0.124,0.0036486050807788026,0,,0.0,14.5,0.0,0.0,0.0,0.0,-5.197523053665911,-0.001
2489,862284,4,2025-09-09,B,48.028231584672525,41-65,159589.8121727849,25-50%,356429.83552002965,0-25%,351077.98820565874,25-50%,3.75,7.75,0.8,16.884028437024952,0.225,0.03449061707789544,0,,0.0,3.75,0.0,0.0,0.0,0.0,-5.197523053665911,-0.001
2490,430934,4,2025-09-09,B,74.60710625875984,>65,60348.62905270587,0-25%,1849136.4426696063,50-75%,191822.61871094225,25-50%,8.0,6.75,25.9,2.2742597148050754,0.162,0.004735319786000239,0,,0.0,8.0,0.0,0.0,0.0,0.0,-5.197523053665911,-0.001
2491,717637,4,2025-09-09,B,67.11302563512332,>65,198191.1376235656,50-75%,516404.4168800145,25-50%,168836.91386728483,25-50%,10.75,8.25,43.7,1.045280342937084,0.131,0.01187363047979523,0,,0.0,10.75,0.0,0.0,0.0,0.0,-5.197523053665911,-0.001
2492,879849,4,2025-09-09,B,70.11378329578262,>65,189054.09489441616,50-75%,4391941.715710847,50-75%,1504678.8642673197,50-75%,5.25,2.5,31.2,11.55595840194416,0.148,0.00488412335392935,0,,0.0,5.25,0.0,0.0,0.0,0.0,-5.197523053665911,-0.001
2493,355057,4,2025-09-09,B,79.73103508780743,>65,127951.86805927288,25-50%,1667987.105205449,50-75%,169086.94331113147,25-50%,11.0,6.5,29.0,9.78938925481062,0.108,0.004295936025626265,0,,0.0,11.0,0.0,0.0,0.0,0.0,-5.197523053665911,-0.001
2494,590906,4,2025-09-09,B,72.37710749650557,>65,1251820.5714523257,>75%,4022109.299657328,50-75%,1217418.5861214255,50-75%,8.75,6.25,108.5,10.42639100640589,0.14,0.009185945511506947,0,,0.0,8.75,0.0,0.0,0.0,0.0,-5.197523053665911,-0.001
2495,642544,4,2025-09-09,B,77.55074530148593,>65,39962.31978887047,0-25%,322124.3675785837,0-25%,88985.71961453304,0-25%,12.5,7.25,1.4,4.7954960847902175,0.107,0.0039749004234143305,0,,0.0,12.5,0.0,0.0,0.0,0.0,-5.197523053665911,-0.001
2496,377741,4,2025-09-09,B,76.36355725231809,>65,69714.72367683504,0-25%,63492.93620331516,0-25%,21696.923897460965,0-25%,5.25,3.5,12.0,0.1504415532287992,0.118,0.008068074296820937,0,,0.0,5.25,0.0,0.0,0.0,0.0,-5.197523053665911,-0.001
2497,849499,4,2025-09-09,B,56.641670582342144,41-65,94279.22556714732,0-25%,2833792.952104964,50-75%,607946.3872363862,50-75%,9.5,13.75,9.5,1.2707491912704756,0.174,0.023133268686564467,0,,0.0,9.5,0.0,0.0,0.0,0.0,-5.197523053665911,-0.001
2498,171638,4,2025-09-09,B,60.57383437681752,41-65,38900.99577265314,0-25%,117076.52339990532,0-25%,12096.942814322649,0-25%,11.75,11.75,60.9,4.7764474767593965,0.172,0.012666409111248379,0,,0.0,11.75,0.0,0.0,0.0,0.0,-5.197523053665911,-0.001
2499,927895,4,2025-09-09,B,64.57911475117493,41-65,614027.8314704377,>75%,3922567.787394112,50-75%,3371513.292541212,>75%,9.5,8.25,13.7,11.972864950581524,0.156,0.00928138191260024,0,,0.0,9.5,0.0,0.0,0.0,0.0,-5.197523053665911,-0.001
2500,308280,4,2025-09-09,B,74.42765978368027,>65,625838.5926310468,>75%,73173321.08177382,>75%,2616418.48225384,>75%,10.75,12.0,52.1,0.3703549942394768,0.153,0.014831521711918556,0,,0.0,10.75,0.0,0.0,0.0,0.0,-5.197523053665911,-0.001
2501,282960,4,2025-09-09,B,49.58056792864442,41-65,1378366.563482829,>75%,1266957.2228352793,50-75%,1334924.1423878476,50-75%,5.5,9.25,10.0,4.615737867150458,0.211,0.07847738425218422,0,,0.0,5.5,0.0,0.0,0.0,0.0,-5.197523053665911,-0.001
2502,415702,4,2025-09-09,B,55.36418671730222,41-65,1776504.853479289,>75%,4203620.471479577,50-75%,4686508.4124592,>75%,4.75,9.5,12.5,1.617362511289025,0.174,0.05467321167636782,0,,0.0,4.75,0.0,0.0,0.0,0.0,-5.197523053665911,-0.001
2503,868929,4,2025-09-09,B,62.67085912904274,41-65,152710.32787508005,25-50%,1355886.4186151354,50-75%,1053121.9333665178,50-75%,8.0,13.5,14.8,7.486127096795877,0.144,0.01589794358512057,0,,0.0,8.0,0.0,0.0,0.0,0.0,-5.197523053665911,-0.001
2504,266957,4,2025-09-09,B,63.70117321663956,41-65,5072533.274395565,>75%,14260170.854472194,>75%,6687804.902303297,>75%,4.25,3.25,53.3,1.945015267483895,0.181,0.024764746282004688,0,,0.0,4.25,0.0,0.0,0.0,0.0,-5.197523053665911,-0.001
2505,884201,4,2025-09-09,B,38.53922433995675,18-40,376644.99271061225,50-75%,621548.6242308781,25-50%,180855.07852788884,25-50%,4.75,4.75,2.7,4.208001164661526,0.214,0.06281132623435755,0,,0.0,4.75,0.0,0.0,0.0,0.0,-5.197523053665911,-0.001
2506,118100,4,2025-09-09,B,66.55705912815384,>65,3404792.955917615,>75%,2108305.1455466016,50-75%,674372.1265254231,50-75%,11.0,5.25,10.1,1.460022219047021,0.15,0.03265280331187687,0,,0.0,11.0,0.0,0.0,0.0,0.0,-5.197523053665911,-0.001
2507,649890,4,2025-09-09,B,54.84250490614859,41-65,230612.41424415424,50-75%,1040912.9200394052,25-50%,18310.84177683989,0-25%,6.25,7.25,9.5,0.2892613485246838,0.222,0.07854758046520964,0,,0.0,6.25,0.0,0.0,0.0,0.0,-5.197523053665911,-0.001
2508,584149,4,2025-09-09,B,55.76813880017152,41-65,117963.29242388744,25-50%,1650488.8883142627,50-75%,56148.88873936791,0-25%,7.5,8.0,85.7,0.6269613683985724,0.194,0.03864333056949808,0,,0.0,7.5,0.0,0.0,0.0,0.0,-5.197523053665911,-0.001
2509,332118,4,2025-09-09,B,35.80942273648219,18-40,164833.30694012097,25-50%,187950.3663035436,0-25%,31360.050940054225,0-25%,10.75,3.5,11.0,6.53886274578959,0.25,0.0679634330719473,1,2025-09-27,2.75,13.5,4532.915940853327,0.0,4532.915940853327,3.1730411585973295,-2.0244818950685812,3.1720411585973296
2510,909074,4,2025-09-09,B,66.32137560953106,>65,160533.60564073786,25-50%,13361497.042667618,>75%,116539.31639672932,0-25%,11.25,3.25,0.8,4.446219388842928,0.191,0.012227669410822845,0,,0.0,11.25,0.0,0.0,0.0,0.0,-5.197523053665911,-0.001
2511,403158,4,2025-09-09,B,25.920538961806336,18-40,105466.2742155696,25-50%,278190.0243876111,0-25%,114652.85349148914,0-25%,5.75,6.0,22.7,0.2149892610791014,0.305,0.14561123393772268,1,2025-09-15,2.75,8.5,2900.322540928164,263.66568553892404,3163.988226467088,2.214791758526962,-2.9827312951389486,2.213791758526962
2512,410641,4,2025-09-09,B,56.689293112384775,41-65,19489651.1849908,>75%,16149405.012519505,>75%,815861.1583684256,50-75%,11.75,9.0,1.2,8.790194099121587,0.225,0.08866487373495534,0,,0.0,11.75,0.0,0.0,0.0,0.0,-5.197523053665911,-0.001
2513,400051,4,2025-09-09,B,41.345585281658366,41-65,128137.44318395476,25-50%,338049.0512729477,0-25%,234008.66435209865,25-50%,15.25,6.25,41.3,6.523043323921146,0.199,0.028936378768722192,0,,0.0,15.25,0.0,0.0,0.0,0.0,-5.197523053665911,-0.001
2514,194270,4,2025-09-09,B,35.76257870146668,18-40,280750.794956476,50-75%,96690.74243203584,0-25%,39626.47802908957,0-25%,7.25,6.5,75.9,1.6067423451606506,0.227,0.08019706642148038,1,2025-09-21,3.75,11.0,10528.15481086785,0.0,10528.15481086785,7.369708367607497,2.1721853139415854,7.368708367607496
2515,937079,4,2025-09-09,B,57.1568609276906,41-65,85334.4695727724,0-25%,503622.0123017037,25-50%,24396.23953599656,0-25%,15.75,8.0,61.5,0.4301606684658,0.183,0.020183187560656575,0,,0.0,15.75,0.0,0.0,0.0,0.0,-5.197523053665911,-0.001
2516,474888,4,2025-09-09,B,78.30564292857643,>65,3328946.4387043966,>75%,53464279.95625234,>75%,8409074.63473903,>75%,10.5,3.75,4.9,15.855504487301326,0.13,0.007364409396370676,0,,0.0,10.5,0.0,0.0,0.0,0.0,-5.197523053665911,-0.001
2517,375511,4,2025-09-09,B,35.200381486245966,18-40,51725.82271054515,0-25%,20557.47945835983,0-25%,29833.87533305178,0-25%,4.0,4.75,2.6,0.4858892596318672,0.247,0.09768594008449347,1,2025-09-13,2.5,6.5,1293.1455677636288,387.9436703290886,1681.0892380927176,1.1767624666649024,-4.020760587001009,1.1757624666649025
2518,387793,4,2025-09-09,B,39.36600268072789,18-40,86220.09866312977,0-25%,174127.65521536543,0-25%,128109.81909816129,25-50%,10.0,8.75,53.4,0.870769390188286,0.235,0.034354740727086254,0,,0.0,10.0,0.0,0.0,0.0,0.0,-5.197523053665911,-0.001
2519,480521,4,2025-09-09,B,61.48703112178894,41-65,151187.60573560256,25-50%,1229637.1690907986,25-50%,330886.1533796799,25-50%,6.75,3.25,82.0,1.90514120855375,0.212,0.010953717545687424,0,,0.0,6.75,0.0,0.0,0.0,0.0,-5.197523053665911,-0.001
2520,528070,4,2025-09-09,B,58.490162973053614,41-65,107727.197298493,25-50%,275041.4110732555,0-25%,1205322.5113695827,50-75%,8.25,7.5,114.4,1.278629091244634,0.191,0.007886095417496734,0,,0.0,8.25,0.0,0.0,0.0,0.0,-5.197523053665911,-0.001
2521,400830,4,2025-09-09,B,45.269343059083496,41-65,47220.40366639687,0-25%,195082.31944461452,0-25%,99601.10608621112,0-25%,4.5,4.5,11.0,7.843152926480367,0.22,0.0191588213723202,0,,0.0,4.5,0.0,0.0,0.0,0.0,-5.197523053665911,-0.001
2522,771940,4,2025-09-09,B,68.30618526144694,>65,91871.96452155252,0-25%,588127.9419847431,25-50%,236826.88853354563,25-50%,15.75,6.25,62.7,5.400983472569695,0.182,0.006407705587687202,0,,0.0,15.75,0.0,0.0,0.0,0.0,-5.197523053665911,-0.001
2523,106075,4,2025-09-09,B,66.44467829294027,>65,4629632.469126722,>75%,12065306.8629367,>75%,6623689.647412828,>75%,5.25,4.0,19.8,2.4419554030335417,0.168,0.021986654737032926,0,,0.0,5.25,0.0,0.0,0.0,0.0,-5.197523053665911,-0.001
2524,836320,4,2025-09-09,B,45.80141305908203,41-65,152872.45708911732,25-50%,340915.6097479507,0-25%,1347766.3855766826,50-75%,5.75,8.75,70.9,0.4189477353819332,0.22,0.03700493987596311,0,,0.0,5.75,0.0,0.0,0.0,0.0,-5.197523053665911,-0.001
2525,409628,4,2025-09-09,B,35.16730434330017,18-40,123310.36050470812,25-50%,85350.74990157381,0-25%,14181.964782883844,0-25%,6.25,4.75,9.1,0.1045137247222149,0.224,0.08533002859339127,1,2025-10-05,3.5,9.75,4315.862617664785,0.0,4315.862617664785,3.02110383236535,-2.1764192213005606,3.02010383236535
2526,132427,4,2025-09-09,B,51.38224533878368,41-65,267319.8841911544,50-75%,2454620.6444222326,50-75%,229218.90853988432,25-50%,11.25,8.0,14.0,9.258506547909736,0.234,0.02394661276934316,0,,0.0,11.25,0.0,0.0,0.0,0.0,-5.197523053665911,-0.001
2527,158821,4,2025-09-09,B,73.1740230736251,>65,4514644.034550681,>75%,83722230.69873536,>75%,5806112.684002523,>75%,8.75,4.75,7.8,1.6286831915623834,0.133,0.016736344599677922,0,,0.0,8.75,0.0,0.0,0.0,0.0,-5.197523053665911,-0.001
2528,811896,4,2025-09-09,B,43.7709256183952,41-65,68714.15120106588,0-25%,220586.40465845,0-25%,52895.12541979746,0-25%,11.25,15.25,3.2,3.507182618243013,0.223,0.060858939107342386,0,,0.0,11.25,0.0,0.0,0.0,0.0,-5.197523053665911,-0.001
2529,262599,4,2025-09-09,B,82.1144776375792,>65,218204.3082254144,50-75%,14072556.39532925,>75%,3612146.26060516,>75%,15.25,13.0,62.5,0.4282945079312151,0.109,0.00291139562046184,0,,0.0,15.25,0.0,0.0,0.0,0.0,-5.197523053665911,-0.001
2530,914132,4,2025-09-09,B,53.34916054740077,41-65,190837.4130592369,50-75%,158608.36447240174,0-25%,108419.3654979778,0-25%,11.5,7.25,72.1,17.55061861653151,0.193,0.01600237935746937,0,,0.0,11.5,0.0,0.0,0.0,0.0,-5.197523053665911,-0.001
2531,252975,4,2025-09-09,B,73.68220313667474,>65,59822.65854833697,0-25%,291745.3271126256,0-25%,179703.65242281105,25-50%,5.5,3.75,33.3,4.552495621138171,0.149,0.004663532469808135,0,,0.0,5.5,0.0,0.0,0.0,0.0,-5.197523053665911,-0.001
2532,276031,4,2025-09-09,B,35.5519778723192,18-40,322448.3924041276,50-75%,2697711.9945834014,50-75%,492163.73029836215,25-50%,7.5,8.5,36.9,9.105219409996106,0.244,0.08783207653982002,0,,0.0,7.5,0.0,0.0,0.0,0.0,-5.197523053665911,-0.001
2533,745821,4,2025-09-09,B,52.34971668300175,41-65,4175415.13791748,>75%,19067750.79605186,>75%,4123128.439505881,>75%,4.75,6.75,9.0,15.357615704029826,0.2,0.06697715776389918,0,,0.0,4.75,0.0,0.0,0.0,0.0,-5.197523053665911,-0.001
2534,926760,4,2025-09-09,B,50.936628408753,41-65,106408.38325908026,25-50%,201029.3992057149,0-25%,126648.23000970234,25-50%,5.25,4.75,82.4,1.5226445176707732,0.22,0.019788351537376587,0,,0.0,5.25,0.0,0.0,0.0,0.0,-5.197523053665911,-0.001
2535,918879,4,2025-09-09,B,80.15933957158671,>65,284993.6277216189,50-75%,24370015.579417475,>75%,2008303.5435670076,>75%,6.5,8.0,83.1,1.3547824498471996,0.101,0.007672299916035102,0,,0.0,6.5,0.0,0.0,0.0,0.0,-5.197523053665911,-0.001
2536,775062,4,2025-09-09,B,32.63186657565878,18-40,82432.44634985935,0-25%,89497.1427690605,0-25%,807954.7324558843,50-75%,16.5,11.75,20.0,1.6038975903086743,0.263,0.03322192134460927,0,,0.0,16.5,0.0,0.0,0.0,0.0,-5.197523053665911,-0.001
2537,258469,4,2025-09-09,B,44.166018254371984,41-65,83001.12428899057,0-25%,44400.40889059968,0-25%,27811.07772215584,0-25%,5.25,7.5,10.5,0.2540683370977189,0.225,0.07841200728473126,0,,0.0,5.25,0.0,0.0,0.0,0.0,-5.197523053665911,-0.001
2538,476449,4,2025-09-09,B,65.62132738618143,41-65,106143.43574793256,25-50%,1813689.6476191832,50-75%,268158.89262066834,25-50%,11.25,7.75,30.8,23.691513893158746,0.167,0.005115380765334566,0,,0.0,11.25,0.0,0.0,0.0,0.0,-5.197523053665911,-0.001
2539,343268,4,2025-09-09,B,77.26939705304136,>65,2707641.2609201223,>75%,13146658.62082678,>75%,5371043.972606734,>75%,3.25,9.0,14.0,0.5878345421550442,0.162,0.02227340428929805,0,,0.0,3.25,0.0,0.0,0.0,0.0,-5.197523053665911,-0.001
2540,267768,4,2025-09-09,B,71.97490020802161,>65,89893.5461555537,0-25%,436592.1029151251,25-50%,144624.75047563485,25-50%,15.0,9.0,10.0,0.1056946622118286,0.144,0.007467054292064098,0,,0.0,15.0,0.0,0.0,0.0,0.0,-5.197523053665911,-0.001
2541,251343,4,2025-09-09,B,52.469219703429246,41-65,89283.73598602477,0-25%,41556.57748922999,0-25%,320975.1920452256,25-50%,6.5,6.25,1.1,9.417411860587904,0.193,0.01341939209559103,0,,0.0,6.5,0.0,0.0,0.0,0.0,-5.197523053665911,-0.001
2542,317621,4,2025-09-09,B,42.95756166451263,41-65,514876.23672427307,>75%,10011037.50925737,>75%,120817.5575069061,25-50%,8.0,5.75,3.2,3.1483114248594184,0.22,0.06449972885087647,0,,0.0,8.0,0.0,0.0,0.0,0.0,-5.197523053665911,-0.001
2543,660244,4,2025-09-09,B,69.06921597409732,>65,120960.08399394323,25-50%,414354.8978195387,25-50%,153207.88306091574,25-50%,13.75,7.0,6.2,6.490613237593222,0.16,0.008337632045417695,0,,0.0,13.75,0.0,0.0,0.0,0.0,-5.197523053665911,-0.001
2544,501941,4,2025-09-09,B,57.52087158856551,41-65,474222.6834394745,50-75%,3449090.009883424,50-75%,2257664.3949667164,>75%,13.5,7.0,6.0,6.890100440938388,0.224,0.014865626364204536,0,,0.0,13.5,0.0,0.0,0.0,0.0,-5.197523053665911,-0.001
2545,366083,4,2025-09-09,B,68.49616318216181,>65,3962961.977710581,>75%,12690174.602263791,>75%,5509235.077163596,>75%,8.0,5.25,14.1,1.633054114815388,0.167,0.019939546685747957,0,,0.0,8.0,0.0,0.0,0.0,0.0,-5.197523053665911,-0.001
2546,987165,4,2025-09-09,B,43.89875582421485,41-65,550850.842769918,>75%,2827000.998860178,50-75%,713813.857075979,50-75%,7.0,10.25,70.5,2.4247259958254133,0.252,0.07527452083895932,0,,0.0,7.0,0.0,0.0,0.0,0.0,-5.197523053665911,-0.001
2547,405054,4,2025-09-09,B,68.70262143945446,>65,127604.1142986882,25-50%,6222943.8476584405,>75%,215905.8004582074,25-50%,11.5,4.0,10.3,0.6984758114483757,0.137,0.009252914866597045,0,,0.0,11.5,0.0,0.0,0.0,0.0,-5.197523053665911,-0.001
2548,289516,4,2025-09-09,B,74.63558262012856,>65,206148.51586701,50-75%,3080315.7008820046,50-75%,2039308.951339519,>75%,7.0,9.75,13.7,16.373688984386373,0.127,0.0069066966326635695,0,,0.0,7.0,0.0,0.0,0.0,0.0,-5.197523053665911,-0.001
2549,164139,4,2025-09-09,B,55.557952183750025,41-65,1117042.7704422583,>75%,13240954.15224537,>75%,5269648.699218735,>75%,8.0,7.75,115.0,11.547577192371072,0.201,0.014165884056461079,0,,0.0,8.0,0.0,0.0,0.0,0.0,-5.197523053665911,-0.001
2550,227468,4,2025-09-09,B,47.74024718219051,41-65,50038.599504787606,0-25%,66294.6048290583,0-25%,59762.56048045701,0-25%,4.5,7.25,5.1,3.092557663286521,0.207,0.04321342898349174,0,,0.0,4.5,0.0,0.0,0.0,0.0,-5.197523053665911,-0.001
2551,657925,4,2025-09-09,B,38.67332367063866,18-40,36122.99932168014,0-25%,313697.2009751595,0-25%,10809.81194484406,0-25%,6.25,11.5,3.8,2.3839775842441213,0.246,0.08437330227162863,0,,0.0,6.25,0.0,0.0,0.0,0.0,-5.197523053665911,-0.001
2552,930219,4,2025-09-09,B,78.3533856948907,>65,119484.7342412004,25-50%,437818.0663418702,25-50%,168657.56440911468,25-50%,3.75,6.5,19.6,10.69348072469505,0.121,0.008869356690567896,0,,0.0,3.75,0.0,0.0,0.0,0.0,-5.197523053665911,-0.001
2553,725660,4,2025-09-09,B,45.13810983321464,41-65,16281817.32037246,>75%,20307319.559678167,>75%,8498872.98977026,>75%,12.25,7.75,20.3,6.045708927516528,0.178,0.0903998921227581,0,,0.0,12.25,0.0,0.0,0.0,0.0,-5.197523053665911,-0.001
2554,719810,4,2025-09-09,B,44.604294787568335,41-65,392826.0282004504,50-75%,1612993.6827086287,50-75%,558581.364178788,50-75%,4.0,8.75,5.8,6.43010791021901,0.225,0.06854137823938228,1,2025-09-11,3.0,7.0,11784.780846013511,11784.780846013511,23569.561692027022,16.49869318441892,11.301170130753007,16.497693184418917
2555,317540,4,2025-09-09,B,76.35863548418837,>65,2501380.516398727,>75%,89267324.96032116,>75%,12908626.671070516,>75%,7.5,4.0,21.3,0.9060379714294384,0.124,0.009197485781102879,0,,0.0,7.5,0.0,0.0,0.0,0.0,-5.197523053665911,-0.001
2556,674655,4,2025-09-09,B,73.60698330100107,>65,29794.69978783477,0-25%,143521.4637837217,0-25%,18850.924357631386,0-25%,7.75,1.75,15.8,10.93096598425828,0.137,0.004985531539951794,0,,0.0,7.75,0.0,0.0,0.0,0.0,-5.197523053665911,-0.001
2557,681876,4,2025-09-09,B,65.06766086619531,41-65,59147.91559351313,0-25%,102777.2284872145,0-25%,38266.660233807626,0-25%,11.25,4.25,40.8,4.924542792629636,0.166,0.009796851100101677,0,,0.0,11.25,0.0,0.0,0.0,0.0,-5.197523053665911,-0.001
2558,329283,4,2025-09-09,B,74.40330826754999,>65,1447871.6726935997,>75%,107143570.85852166,>75%,5248060.034850387,>75%,11.25,7.0,24.5,0.0908143691064534,0.115,0.009864563516842983,0,,0.0,11.25,0.0,0.0,0.0,0.0,-5.197523053665911,-0.001
2559,506840,4,2025-09-09,B,63.08706780127302,41-65,991080.4415518348,>75%,3996925.6769134607,50-75%,1622230.6726794585,50-75%,10.0,7.75,14.5,3.4223836745330365,0.223,0.017846587638928314,0,,0.0,10.0,0.0,0.0,0.0,0.0,-5.197523053665911,-0.001
2560,781340,4,2025-09-09,B,49.11840330952056,41-65,1208913.6870601936,>75%,2416113.4808330867,50-75%,2904755.014384808,>75%,6.25,5.25,13.7,5.537359842064289,0.207,0.032524938033825716,0,,0.0,6.25,0.0,0.0,0.0,0.0,-5.197523053665911,-0.001
2561,250045,4,2025-09-09,B,52.39767499496188,41-65,119224.37059783612,25-50%,305912.2705419871,0-25%,189508.7429053768,25-50%,6.0,6.5,9.2,3.86813329171398,0.192,0.03793296058446532,0,,0.0,6.0,0.0,0.0,0.0,0.0,-5.197523053665911,-0.001
2562,473548,4,2025-09-09,B,58.67783039258946,41-65,47488.1145120714,0-25%,77952.52447892693,0-25%,39015.665896394086,0-25%,11.25,2.75,52.6,1.22335641059922,0.178,0.013086015690375175,0,,0.0,11.25,0.0,0.0,0.0,0.0,-5.197523053665911,-0.001
2563,380826,4,2025-09-09,B,25.27427480275553,18-40,125570.32080648448,25-50%,248937.0972764156,0-25%,7653.555278845548,0-25%,8.25,8.5,2.7,3.358990211129929,0.295,0.24913997507930025,0,,0.0,8.25,0.0,0.0,0.0,0.0,-5.197523053665911,-0.001
2564,782373,4,2025-09-09,B,47.69799416749199,41-65,97423.44399667188,25-50%,430121.79124825005,25-50%,802498.7074017317,50-75%,7.0,6.0,24.8,2.915604898172076,0.213,0.016265700232618575,0,,0.0,7.0,0.0,0.0,0.0,0.0,-5.197523053665911,-0.001
2565,226492,4,2025-09-09,B,71.09698618752131,>65,1014844.7146992168,>75%,102749899.07044248,>75%,7244047.701044868,>75%,8.5,7.25,61.5,3.952417026574235,0.154,0.00783273614974409,0,,0.0,8.5,0.0,0.0,0.0,0.0,-5.197523053665911,-0.001
2566,104382,4,2025-09-09,B,58.76707577301755,41-65,1593425.4045201545,>75%,2296647.8716948023,50-75%,348155.6861445565,25-50%,6.0,7.0,54.8,17.14613690603598,0.181,0.04845105696275267,0,,0.0,6.0,0.0,0.0,0.0,0.0,-5.197523053665911,-0.001
2567,425244,4,2025-09-09,B,66.8594635395041,>65,185351.36276847552,50-75%,816222.4034577732,25-50%,80547.0379026835,0-25%,8.25,7.5,4.2,2.1948852929395017,0.164,0.014424897187278247,0,,0.0,8.25,0.0,0.0,0.0,0.0,-5.197523053665911,-0.001
2568,232637,4,2025-09-09,B,53.28595719418006,41-65,63712.03012186152,0-25%,131824.56625739037,0-25%,561505.6219189289,50-75%,12.0,8.25,69.3,5.009093176088099,0.187,0.009592356665769625,0,,0.0,12.0,0.0,0.0,0.0,0.0,-5.197523053665911,-0.001
2569,712055,4,2025-09-09,B,50.84106622127074,41-65,9630488.582355516,>75%,54374594.53785553,>75%,4307821.037240183,>75%,10.75,6.75,1.2,17.194784855323668,0.191,0.051016863126713455,0,,0.0,10.75,0.0,0.0,0.0,0.0,-5.197523053665911,-0.001
2570,746725,4,2025-09-09,B,45.583387236408406,41-65,904935.6634120324,>75%,2140549.169452227,50-75%,576007.6899773173,50-75%,9.75,2.75,7.7,16.996951815615596,0.2,0.03685867105038662,0,,0.0,9.75,0.0,0.0,0.0,0.0,-5.197523053665911,-0.001
2571,580458,4,2025-09-09,B,44.33957672092977,41-65,129680.53261483152,25-50%,270361.1207443172,0-25%,144370.17498571277,25-50%,9.25,1.0,48.8,18.18350557683057,0.249,0.020549313761499696,0,,0.0,9.25,0.0,0.0,0.0,0.0,-5.197523053665911,-0.001
2572,243127,4,2025-09-09,B,72.63697066819297,>65,298436.1633615202,50-75%,29802598.032626677,>75%,5695512.964760271,>75%,6.0,4.5,0.5,1.9630483913750572,0.129,0.005317439614600045,0,,0.0,6.0,0.0,0.0,0.0,0.0,-5.197523053665911,-0.001
2573,767879,4,2025-09-09,B,72.61294859493543,>65,36024.07144685666,0-25%,49224.103738130274,0-25%,53116.261707506186,0-25%,11.75,13.25,72.9,6.525644518013865,0.142,0.009002100880224266,0,,0.0,11.75,0.0,0.0,0.0,0.0,-5.197523053665911,-0.001
2574,559207,4,2025-09-09,B,56.02965160365503,41-65,419760.3153472456,50-75%,15607926.064126013,>75%,560843.4003043636,50-75%,1.5,5.25,76.8,1.3242943931275692,0.163,0.040131101540529984,0,,0.0,1.5,0.0,0.0,0.0,0.0,-5.197523053665911,-0.001
2575,664164,4,2025-09-09,B,36.455282642247255,18-40,340267.62882521807,50-75%,349835.00070373464,0-25%,26520.84300547645,0-25%,2.25,4.75,1.7,1.9161403269629511,0.233,0.1875498624394496,0,,0.0,2.25,0.0,0.0,0.0,0.0,-5.197523053665911,-0.001
2576,769738,4,2025-09-09,B,60.51523306331276,41-65,142377.9095166965,25-50%,6977117.209403169,>75%,5414248.029604026,>75%,11.75,2.5,30.1,1.1967845729340891,0.21,0.00687953100852329,0,,0.0,11.75,0.0,0.0,0.0,0.0,-5.197523053665911,-0.001
2577,227213,4,2025-09-09,B,70.78358787952976,>65,351584.8155429369,50-75%,10299729.146812994,>75%,1077772.4309904303,50-75%,8.25,4.0,6.8,17.169374825335872,0.155,0.006077748223299968,0,,0.0,8.25,0.0,0.0,0.0,0.0,-5.197523053665911,-0.001
2578,272305,4,2025-09-09,B,58.00879766844726,41-65,140628.89913366202,25-50%,938007.7759328812,25-50%,679909.5118073304,50-75%,3.75,6.75,14.3,0.0832267274437354,0.189,0.025565896498540287,0,,0.0,3.75,0.0,0.0,0.0,0.0,-5.197523053665911,-0.001
2579,525303,4,2025-09-09,B,40.64366750501355,18-40,58272.76978606611,0-25%,557375.5007228657,25-50%,75388.63969858261,0-25%,1.25,8.75,12.7,1.2642636074367493,0.255,0.06351352722978937,0,,0.0,1.25,0.0,0.0,0.0,0.0,-5.197523053665911,-0.001
2580,983912,4,2025-09-09,B,70.86816628881137,>65,39357.06424922471,0-25%,3078472.209588455,50-75%,1811182.8140113968,>75%,9.5,9.0,42.5,3.3206826313537445,0.152,0.0027291961735977414,0,,0.0,9.5,0.0,0.0,0.0,0.0,-5.197523053665911,-0.001
2581,822927,4,2025-09-09,B,49.55186197310922,41-65,1306168.1563754303,>75%,3026607.92645203,50-75%,1392804.2350075908,50-75%,1.75,11.0,5.0,1.5799947593536747,0.158,0.08258581189481831,0,,0.0,1.75,0.0,0.0,0.0,0.0,-5.197523053665911,-0.001
2582,246541,4,2025-09-09,B,72.23365748268401,>65,193337.3760396704,50-75%,2310418.051114533,50-75%,2080459.2804906005,>75%,13.5,4.5,69.0,2.2830741975003974,0.123,0.004833153453267634,0,,0.0,13.5,0.0,0.0,0.0,0.0,-5.197523053665911,-0.001
2583,201111,4,2025-09-09,B,32.89656606636952,18-40,66470.41914757743,0-25%,243314.75280752135,0-25%,27076.597926263472,0-25%,3.25,12.75,68.3,6.427153432640549,0.291,0.09462369472656032,0,,0.0,3.25,0.0,0.0,0.0,0.0,-5.197523053665911,-0.001
2584,501360,4,2025-09-09,B,45.46933583177268,41-65,95384.58445691636,25-50%,419338.10195641685,25-50%,794998.3993108151,50-75%,10.75,7.5,26.2,2.2150713128222828,0.19,0.01831286695293685,0,,0.0,10.75,0.0,0.0,0.0,0.0,-5.197523053665911,-0.001
2585,888700,4,2025-09-09,B,64.78038276176724,41-65,201919.2499437892,50-75%,320209.2902078298,0-25%,238982.4376667417,25-50%,2.75,9.75,8.8,0.410357429831455,0.179,0.0268167102499803,0,,0.0,2.75,0.0,0.0,0.0,0.0,-5.197523053665911,-0.001
2586,632022,4,2025-09-09,B,75.77908401691005,>65,557494.608877383,>75%,1137013.4669142994,25-50%,1996687.1723997088,>75%,2.5,6.5,26.1,24.22047535314556,0.117,0.008100774330731976,0,,0.0,2.5,0.0,0.0,0.0,0.0,-5.197523053665911,-0.001
2587,982362,4,2025-09-09,B,44.21737612238324,41-65,37955.099230927335,0-25%,45383.79969493067,0-25%,15394.793979466098,0-25%,5.25,6.25,12.4,1.9839589659600831,0.216,0.0613009239199692,0,,0.0,5.25,0.0,0.0,0.0,0.0,-5.197523053665911,-0.001
2588,540711,4,2025-09-09,B,65.73815418958593,41-65,210273.13196199585,50-75%,932933.2068624744,25-50%,841990.3435519276,50-75%,12.75,12.0,50.4,0.181002205760566,0.188,0.00927485204175067,0,,0.0,12.75,0.0,0.0,0.0,0.0,-5.197523053665911,-0.001
2589,316954,4,2025-09-09,B,78.26659629192636,>65,105607.69869070411,25-50%,856373.4911904809,25-50%,140586.84801469927,25-50%,9.75,6.5,32.7,0.931327892745733,0.111,0.0054948370073859285,0,,0.0,9.75,0.0,0.0,0.0,0.0,-5.197523053665911,-0.001
2590,597380,4,2025-09-09,B,59.65885756358976,41-65,222389.88488892955,50-75%,1662394.468034407,50-75%,38458.003610298336,0-25%,13.5,9.75,3.1,1.609577474697235,0.208,0.026614626059156005,0,,0.0,13.5,0.0,0.0,0.0,0.0,-5.197523053665911,-0.001
2591,886212,4,2025-09-09,B,39.85589579165252,18-40,84289.64751103574,0-25%,2867642.3614835883,50-75%,115496.43733272931,0-25%,7.25,1.75,84.7,1.7212082730715834,0.269,0.031278418004227614,0,,0.0,7.25,0.0,0.0,0.0,0.0,-5.197523053665911,-0.001
2592,846379,4,2025-09-09,B,60.14730909439035,41-65,108929.04952434164,25-50%,994517.617939835,25-50%,92730.66826086944,0-25%,3.5,10.0,28.2,3.014626572509192,0.17,0.028598944943739886,0,,0.0,3.5,0.0,0.0,0.0,0.0,-5.197523053665911,-0.001
2593,681215,4,2025-09-09,B,47.37845725315407,41-65,1613524.2387308057,>75%,3062586.81703696,50-75%,671844.8430457336,50-75%,4.25,14.75,13.6,1.3914409509622965,0.2,0.11337597702199893,0,,0.0,4.25,0.0,0.0,0.0,0.0,-5.197523053665911,-0.001
2594,932203,4,2025-09-09,B,60.83239589534559,41-65,54325.40213312818,0-25%,291917.1926787649,0-25%,48478.86523413875,0-25%,7.25,2.75,19.7,0.4277987894922181,0.155,0.012945663174812362,0,,0.0,7.25,0.0,0.0,0.0,0.0,-5.197523053665911,-0.001
2595,235462,4,2025-09-09,B,47.783080009693215,41-65,79901.37647865471,0-25%,433436.6247529919,25-50%,52287.62591505142,0-25%,12.25,2.75,11.2,3.334749772655716,0.224,0.027230511338326564,0,,0.0,12.25,0.0,0.0,0.0,0.0,-5.197523053665911,-0.001
2596,248398,4,2025-09-09,B,45.952175797030655,41-65,55401.49778813143,0-25%,93305.99058249209,0-25%,69956.97569615497,0-25%,5.75,14.0,1.3,5.717934523584398,0.23,0.04498155599637401,0,,0.0,5.75,0.0,0.0,0.0,0.0,-5.197523053665911,-0.001
2597,104730,4,2025-09-09,B,49.23442733924253,41-65,88524.83834202748,0-25%,202214.26331658705,0-25%,32169.967263657574,0-25%,8.25,5.25,4.7,1.047249178128851,0.231,0.03148709768082715,0,,0.0,8.25,0.0,0.0,0.0,0.0,-5.197523053665911,-0.001
2598,286134,4,2025-09-09,B,69.51963831757902,>65,75822.26940369951,0-25%,157985.24209392062,0-25%,32635.890104330498,0-25%,7.0,11.0,23.7,11.83502221900864,0.153,0.015604993087794951,0,,0.0,7.0,0.0,0.0,0.0,0.0,-5.197523053665911,-0.001
2599,755629,4,2025-09-09,B,68.53634572813571,>65,1010111.717398099,>75%,51612138.994728826,>75%,5575241.864119323,>75%,6.25,15.25,101.5,9.005973708148057,0.178,0.015183706446967985,0,,0.0,6.25,0.0,0.0,0.0,0.0,-5.197523053665911,-0.001
2600,545955,4,2025-09-09,B,63.06167977681736,41-65,50367.77999220251,0-25%,2596666.6818954223,50-75%,17594.63202305134,0-25%,10.25,7.5,37.2,4.954390180213534,0.175,0.012040711970177405,0,,0.0,10.25,0.0,0.0,0.0,0.0,-5.197523053665911,-0.001
2601,893799,4,2025-09-09,B,70.11970024373127,>65,44978.79319084154,0-25%,726727.7074673402,25-50%,27997.27741316152,0-25%,12.25,7.0,10.4,1.224871107206824,0.161,0.008423283615391377,0,,0.0,12.25,0.0,0.0,0.0,0.0,-5.197523053665911,-0.001
2602,831349,4,2025-09-09,B,47.77815492357886,41-65,76466.57339704025,0-25%,88081.91432388913,0-25%,42717.07574997041,0-25%,3.75,11.0,27.7,13.752304023159814,0.234,0.04090604954468901,0,,0.0,3.75,0.0,0.0,0.0,0.0,-5.197523053665911,-0.001
2603,387548,4,2025-09-09,B,34.773295491428485,18-40,94604.48777035168,0-25%,54035.560435653606,0-25%,10510.325020236012,0-25%,3.25,10.75,5.9,3.08413271418832,0.237,0.14446938534988835,0,,0.0,3.25,0.0,0.0,0.0,0.0,-5.197523053665911,-0.001
2604,941689,4,2025-09-09,B,62.9797649778381,41-65,47666.47644371305,0-25%,265967.0004179605,0-25%,138993.431155386,25-50%,1.5,14.5,4.3,5.626475012518557,0.177,0.015679510185110438,0,,0.0,1.5,0.0,0.0,0.0,0.0,-5.197523053665911,-0.001
2605,466545,4,2025-09-09,B,66.57714227704166,>65,319576.9822410332,50-75%,3687724.525758218,50-75%,280986.1220396101,25-50%,2.75,7.25,54.7,3.679406709417696,0.163,0.024315396647955425,0,,0.0,2.75,0.0,0.0,0.0,0.0,-5.197523053665911,-0.001
2606,853470,4,2025-09-09,B,61.13864665858147,41-65,385740.2664606041,50-75%,1345109.9816401966,50-75%,329516.8724597916,25-50%,8.75,11.0,16.3,3.036572869164538,0.188,0.03645734170218188,0,,0.0,8.75,0.0,0.0,0.0,0.0,-5.197523053665911,-0.001
2607,778605,4,2025-09-09,B,46.573392695126,41-65,1063448.175845992,>75%,132216864.39711776,>75%,2330988.1610305062,>75%,6.5,12.0,32.1,3.9846540434857727,0.261,0.0706662103885183,0,,0.0,6.5,0.0,0.0,0.0,0.0,-5.197523053665911,-0.001
2608,555469,4,2025-09-09,B,59.79212381026767,41-65,107729.1810600913,25-50%,788060.081130214,25-50%,229249.60400006085,25-50%,10.25,13.5,1.8,1.3869166835101892,0.191,0.026167948268049943,0,,0.0,10.25,0.0,0.0,0.0,0.0,-5.197523053665911,-0.001
2609,961029,4,2025-09-09,B,59.24680217180122,41-65,56742.05627523184,0-25%,437922.4866569965,25-50%,233733.7977111485,25-50%,9.5,11.0,10.5,12.789649774912812,0.188,0.015035753739433442,0,,0.0,9.5,0.0,0.0,0.0,0.0,-5.197523053665911,-0.001
2610,104340,4,2025-09-09,B,51.64461399873461,41-65,116983.53991526135,25-50%,292311.3905583724,0-25%,258689.3893459757,25-50%,13.5,11.25,17.4,7.461934083877612,0.206,0.016744584712611962,0,,0.0,13.5,0.0,0.0,0.0,0.0,-5.197523053665911,-0.001
2611,356402,4,2025-09-09,B,48.99529366698454,41-65,319741.09161609696,50-75%,522089.6216168436,25-50%,251154.54981395425,25-50%,10.0,7.0,49.2,3.2611843631453854,0.22,0.030847280780530142,0,,0.0,10.0,0.0,0.0,0.0,0.0,-5.197523053665911,-0.001
2612,754973,4,2025-09-09,B,79.14531577392874,>65,1629167.735263031,>75%,69252057.31106761,>75%,7707852.354709551,>75%,9.0,7.5,6.6,0.4305091936879101,0.103,0.007735042409026667,0,,0.0,9.0,0.0,0.0,0.0,0.0,-5.197523053665911,-0.001
2613,221274,4,2025-09-09,B,62.04595296961439,41-65,66255.3734419502,0-25%,990624.7251968312,25-50%,678752.6223936477,50-75%,5.75,7.25,13.2,10.019978050276352,0.157,0.01182367256275736,0,,0.0,5.75,0.0,0.0,0.0,0.0,-5.197523053665911,-0.001
2614,740758,4,2025-09-09,B,57.69549228826373,41-65,117308.07873640647,25-50%,197114.85363244155,0-25%,15178.907756040662,0-25%,11.0,6.25,42.9,3.604625334031657,0.165,0.023939181387383626,0,,0.0,11.0,0.0,0.0,0.0,0.0,-5.197523053665911,-0.001
2615,523419,4,2025-09-09,B,67.84378660589948,>65,6584323.960631263,>75%,26311116.1727066,>75%,4540953.104273422,>75%,1.25,2.75,22.3,2.990232163302696,0.186,0.04956382113111203,0,,0.0,1.25,0.0,0.0,0.0,0.0,-5.197523053665911,-0.001
2616,704313,4,2025-09-09,B,55.477020159659446,41-65,3314658.040705568,>75%,103097390.70136905,>75%,3659612.576950801,>75%,13.25,4.75,1.1,6.099709729111637,0.164,0.03521334806655924,0,,0.0,13.25,0.0,0.0,0.0,0.0,-5.197523053665911,-0.001
2617,323562,4,2025-09-09,B,54.47549115632379,41-65,134055.96465179647,25-50%,3159864.4636838664,50-75%,3521845.6262483443,>75%,9.25,10.0,22.1,4.3622894416783335,0.207,0.018544038011012502,0,,0.0,9.25,0.0,0.0,0.0,0.0,-5.197523053665911,-0.001
2618,874831,4,2025-09-09,B,40.59474464382614,18-40,579454.6124542813,>75%,2917900.4115088847,50-75%,312229.3499743181,25-50%,5.75,9.25,19.6,6.541113316028676,0.241,0.10548435740625267,0,,0.0,5.75,0.0,0.0,0.0,0.0,-5.197523053665911,-0.001
2619,536438,4,2025-09-09,B,60.54539816382769,41-65,11261878.509258913,>75%,189359521.84964028,>75%,3686401.2197719766,>75%,5.0,6.5,7.1,2.915437482771256,0.152,0.09373553273283233,1,2025-09-23,5.0,10.0,563093.9254629457,168928.17763888367,732022.1031018294,512.4154721712806,507.21794911761475,512.4144721712806
2620,623736,4,2025-09-09,B,72.27199536903562,>65,815236.3866683127,>75%,18727675.55415269,>75%,3316156.2250107685,>75%,7.25,6.25,47.5,8.533137064833314,0.13,0.007294895285545279,0,,0.0,7.25,0.0,0.0,0.0,0.0,-5.197523053665911,-0.001
2621,231348,4,2025-09-09,B,76.29678890418595,>65,281712.5516422711,50-75%,433892.74124632974,25-50%,590335.8582286207,50-75%,9.75,7.75,13.3,0.0818517165767635,0.124,0.00723445900350527,0,,0.0,9.75,0.0,0.0,0.0,0.0,-5.197523053665911,-0.001
2622,512728,4,2025-09-09,B,58.89927354521763,41-65,245532.12836852332,50-75%,949331.9854633954,25-50%,268091.7582357553,25-50%,12.0,6.75,0.8,2.323347435004746,0.188,0.01874173982504073,0,,0.0,12.0,0.0,0.0,0.0,0.0,-5.197523053665911,-0.001
2623,645212,4,2025-09-09,B,41.1188974122681,41-65,123575.31035234,25-50%,118983.7221213568,0-25%,20125.37411946683,0-25%,9.25,5.5,8.6,10.355826721862911,0.238,0.04704047101732526,0,,0.0,9.25,0.0,0.0,0.0,0.0,-5.197523053665911,-0.001
2624,146923,4,2025-09-09,B,66.77813134173007,>65,198659.3828128523,50-75%,420911.7110271446,25-50%,132722.10327133036,25-50%,3.0,9.0,14.7,2.7737713633922825,0.152,0.02552194568936884,0,,0.0,3.0,0.0,0.0,0.0,0.0,-5.197523053665911,-0.001
2625,460145,4,2025-09-09,B,67.8287425103946,>65,222872.04455546883,50-75%,3748946.8853130345,50-75%,454985.5964536169,25-50%,9.0,3.25,158.7,7.280630891173057,0.193,0.006590768748221459,0,,0.0,9.0,0.0,0.0,0.0,0.0,-5.197523053665911,-0.001
2626,393557,4,2025-09-09,B,76.39439475290744,>65,132846.33313172898,25-50%,2008289.9000442675,50-75%,475269.3128164912,25-50%,9.25,5.5,21.4,7.416158394607473,0.109,0.004442548144634144,0,,0.0,9.25,0.0,0.0,0.0,0.0,-5.197523053665911,-0.001
2627,190137,4,2025-09-09,B,45.37913254996751,41-65,14782777.4825663,>75%,18030888.268783823,>75%,4480218.802001814,>75%,7.25,9.75,7.4,10.45400684332286,0.22,0.16589826931923493,0,,0.0,7.25,0.0,0.0,0.0,0.0,-5.197523053665911,-0.001
2628,813993,4,2025-09-09,B,26.204573424361083,18-40,1546282.7911663754,>75%,270511.08050152555,0-25%,16300.797343385437,0-25%,6.5,6.25,1.2,5.529139788916916,0.309,0.2775687042304804,0,,0.0,6.5,0.0,0.0,0.0,0.0,-5.197523053665911,-0.001
2629,351141,4,2025-09-09,B,33.61287570061211,18-40,165479.40912902533,25-50%,23163.141001007785,0-25%,15381.711070239367,0-25%,8.25,9.0,6.6,6.996701552920751,0.264,0.16001966175578683,0,,0.0,8.25,0.0,0.0,0.0,0.0,-5.197523053665911,-0.001
2630,675368,4,2025-09-09,B,74.00630620292618,>65,659798.8512341297,>75%,14244842.146256829,>75%,324705.8408665434,25-50%,5.25,9.75,5.4,13.103022219973871,0.137,0.0194527185382616,0,,0.0,5.25,0.0,0.0,0.0,0.0,-5.197523053665911,-0.001
2631,922544,4,2025-09-09,B,56.015087010812806,41-65,942356.4398586246,>75%,6702980.477589826,>75%,3926808.9214267577,>75%,5.0,12.75,13.9,2.121772440224735,0.222,0.041528604418573284,0,,0.0,5.0,0.0,0.0,0.0,0.0,-5.197523053665911,-0.001
2632,170050,4,2025-09-09,B,55.477927443632176,41-65,194109.30706995205,50-75%,1482642.2926968336,50-75%,825490.9690678812,50-75%,6.25,2.75,3.1,0.2242094835446662,0.212,0.016509764612543703,0,,0.0,6.25,0.0,0.0,0.0,0.0,-5.197523053665911,-0.001
2633,388561,4,2025-09-09,B,31.258438593357788,18-40,125753.70811699936,25-50%,87665.0501245458,0-25%,31574.38319446017,0-25%,7.0,1.5,75.9,8.765458574129255,0.283,0.06318767093247957,0,,0.0,7.0,0.0,0.0,0.0,0.0,-5.197523053665911,-0.001
2634,711239,4,2025-09-09,B,83.47906164567758,>65,1340945.1251505977,>75%,14612216.220065696,>75%,6416816.75726317,>75%,9.0,5.75,16.9,3.830651577890739,0.1,0.005344700134349286,0,,0.0,9.0,0.0,0.0,0.0,0.0,-5.197523053665911,-0.001
2635,958843,4,2025-09-09,B,69.85193510501084,>65,8002441.88608569,>75%,66224385.21934212,>75%,2895575.590794072,>75%,9.0,7.75,28.1,9.32400958394062,0.133,0.023295023841801973,0,,0.0,9.0,0.0,0.0,0.0,0.0,-5.197523053665911,-0.001
2636,983798,4,2025-09-09,B,62.16669328558669,41-65,89199.47429365179,0-25%,876971.601602353,25-50%,510610.00838636135,50-75%,7.25,8.0,55.8,3.0624347562497105,0.156,0.015544853122745596,0,,0.0,7.25,0.0,0.0,0.0,0.0,-5.197523053665911,-0.001
2637,157655,4,2025-09-09,B,66.43552747227567,>65,276044.7096638334,50-75%,265341.771450401,0-25%,265035.4086024304,25-50%,5.25,4.5,58.7,3.9679126322198055,0.169,0.011600689919440448,0,,0.0,5.25,0.0,0.0,0.0,0.0,-5.197523053665911,-0.001
2638,709567,4,2025-09-09,B,56.52020739420352,41-65,12692454.888740765,>75%,92182391.7687712,>75%,745063.0727526246,50-75%,8.75,3.75,37.7,2.224855622404838,0.198,0.08333126909754084,0,,0.0,8.75,0.0,0.0,0.0,0.0,-5.197523053665911,-0.001
2639,785735,4,2025-09-09,B,64.78027600345963,41-65,459683.71048268006,50-75%,584769.3350007586,25-50%,874881.2225722419,50-75%,2.5,5.25,77.7,7.504021928594799,0.162,0.02115549390856568,0,,0.0,2.5,0.0,0.0,0.0,0.0,-5.197523053665911,-0.001
2640,916643,4,2025-09-09,B,23.521891197466424,18-40,7892749.584160469,>75%,7879046.025886574,>75%,5784521.249587821,>75%,9.25,2.75,81.6,1.5746874197375704,0.284,0.18873959912149807,1,2025-09-18,3.75,13.0,295978.1094060176,0.0,295978.1094060176,207.18467658421233,201.9871535305464,207.18367658421232
2641,428502,4,2025-09-09,B,68.61080729297241,>65,2109680.167764985,>75%,704315.9018511247,25-50%,1633122.6680559248,50-75%,6.0,3.75,16.0,12.770425034939056,0.131,0.014821892282902076,0,,0.0,6.0,0.0,0.0,0.0,0.0,-5.197523053665911,-0.001
2642,605808,4,2025-09-09,B,60.83553972649141,41-65,115795.09281644208,25-50%,1258876.5851740353,50-75%,646551.2378241365,50-75%,10.75,1.5,41.5,8.899234839926867,0.191,0.007922908514538661,0,,0.0,10.75,0.0,0.0,0.0,0.0,-5.197523053665911,-0.001
2643,534849,4,2025-09-09,B,76.96083416366427,>65,297995.10538698244,50-75%,2600014.0862060552,50-75%,3043097.500779778,>75%,6.75,7.75,29.1,12.482583240852776,0.155,0.007070795625521839,0,,0.0,6.75,0.0,0.0,0.0,0.0,-5.197523053665911,-0.001
2644,362923,4,2025-09-09,B,51.43217710938901,41-65,192296.94670062835,50-75%,335660.45235005533,0-25%,151160.12587980262,25-50%,2.75,5.75,22.5,1.0974200089132562,0.247,0.053107862418428325,0,,0.0,2.75,0.0,0.0,0.0,0.0,-5.197523053665911,-0.001
2645,288979,4,2025-09-09,B,51.95685479680609,41-65,61780.38124858079,0-25%,228475.5088886438,0-25%,77608.99746923582,0-25%,13.0,3.75,2.7,3.982588068656194,0.177,0.01822261732719134,0,,0.0,13.0,0.0,0.0,0.0,0.0,-5.197523053665911,-0.001
